/*******************************************************************************
 * Size: 14 px
 * Bpp: 4
 * Opts: --no-compress --no-prefilter --bpp 4 --size 14 --format lvgl --no-kerning --font C:\Windows\Fonts\arial.ttf -r 0x20-0x7F,0xA0-0x17F --font c:\Users\brunner\Documents\Arduino\transmitter\tools\fa-solid-900.woff -r 61553,61931 -o c:\Users\brunner\Documents\Arduino\transmitter\tx_font_ui_14.c
 ******************************************************************************/

#include <lvgl.h>

#ifndef TX_FONT_UI_14
#define TX_FONT_UI_14 1
#endif

#if TX_FONT_UI_14

/*-----------------
 *    BITMAPS
 *----------------*/

/*Store the image of the glyphs*/
static LV_ATTRIBUTE_LARGE_CONST const uint8_t glyph_bitmap[] = {
    /* U+0020 " " */

    /* U+0021 "!" */
    0xcb, 0xcb, 0xcb, 0xba, 0xa9, 0x98, 0x87, 0x76,
    0x0, 0x65, 0xba,

    /* U+0022 "\"" */
    0x5f, 0x2f, 0x55, 0xf2, 0xf4, 0x3e, 0xf, 0x31,
    0xa0, 0xa0,

    /* U+0023 "#" */
    0x0, 0x4b, 0x1, 0xe0, 0x0, 0x78, 0x5, 0xb0,
    0x0, 0xa5, 0x8, 0x80, 0xdf, 0xff, 0xff, 0xf9,
    0x12, 0xf1, 0x1e, 0x30, 0x3, 0xc0, 0x1f, 0x0,
    0x6, 0x90, 0x3c, 0x0, 0xdf, 0xff, 0xff, 0xf9,
    0x1d, 0x52, 0xa7, 0x21, 0xf, 0x0, 0xc3, 0x0,
    0x3d, 0x0, 0xf0, 0x0,

    /* U+0024 "$" */
    0x0, 0x1a, 0x60, 0x0, 0x6, 0xfe, 0xee, 0x10,
    0x1f, 0x48, 0x3c, 0xa0, 0x3f, 0x8, 0x33, 0x50,
    0x2f, 0x38, 0x30, 0x0, 0xa, 0xfd, 0x70, 0x0,
    0x0, 0x5d, 0xfe, 0x30, 0x0, 0x8, 0x4a, 0xd0,
    0x14, 0x8, 0x33, 0xf1, 0x6f, 0x8, 0x34, 0xf0,
    0x1e, 0xa9, 0x6d, 0xa0, 0x3, 0xcf, 0xfa, 0x10,
    0x0, 0x8, 0x30, 0x0, 0x0, 0x4, 0x10, 0x0,

    /* U+0025 "%" */
    0x6, 0xed, 0x40, 0x0, 0xc3, 0x0, 0xf, 0x23,
    0xe0, 0x5, 0xb0, 0x0, 0x2e, 0x0, 0xf0, 0xc,
    0x30, 0x0, 0xf, 0x23, 0xe0, 0x4b, 0x0, 0x0,
    0x5, 0xdd, 0x40, 0xc3, 0x0, 0x0, 0x0, 0x0,
    0x4, 0xb0, 0xae, 0x80, 0x0, 0x0, 0xc, 0x36,
    0xb0, 0xc4, 0x0, 0x0, 0x4b, 0xa, 0x60, 0x88,
    0x0, 0x0, 0xc3, 0xa, 0x60, 0x88, 0x0, 0x4,
    0xb0, 0x7, 0xa0, 0xc5, 0x0, 0xc, 0x30, 0x0,
    0xbe, 0x90,

    /* U+0026 "&" */
    0x0, 0x3c, 0xfa, 0x0, 0x0, 0x0, 0xe8, 0x2d,
    0x70, 0x0, 0x1, 0xf3, 0xa, 0x90, 0x0, 0x0,
    0xdb, 0x3e, 0x40, 0x0, 0x0, 0x4f, 0xf5, 0x0,
    0x0, 0x3, 0xec, 0xf4, 0x1, 0x0, 0x1e, 0x80,
    0xae, 0x4f, 0x30, 0x5f, 0x0, 0xd, 0xfd, 0x0,
    0x4f, 0x10, 0x5, 0xfa, 0x0, 0xd, 0xc3, 0x5e,
    0xcf, 0x70, 0x2, 0xbf, 0xe8, 0x7, 0xa0, 0x0,
    0x0, 0x0, 0x0, 0x0,

    /* U+0027 "'" */
    0x6f, 0x6, 0xf0, 0x4e, 0x1, 0x90,

    /* U+0028 "(" */
    0x0, 0x1c, 0x0, 0xa, 0x50, 0x2, 0xe0, 0x0,
    0x8a, 0x0, 0xd, 0x50, 0x0, 0xf3, 0x0, 0x1f,
    0x20, 0x1, 0xf2, 0x0, 0xf, 0x30, 0x0, 0xd6,
    0x0, 0x8, 0xa0, 0x0, 0x2e, 0x0, 0x0, 0xa6,
    0x0, 0x1, 0xd0,

    /* U+0029 ")" */
    0xc, 0x10, 0x0, 0x5a, 0x0, 0x0, 0xe2, 0x0,
    0xa, 0x80, 0x0, 0x6d, 0x0, 0x3, 0xf0, 0x0,
    0x2f, 0x10, 0x2, 0xf1, 0x0, 0x3f, 0x0, 0x6,
    0xd0, 0x0, 0xa8, 0x0, 0xe, 0x20, 0x6, 0xa0,
    0x0, 0xd1, 0x0,

    /* U+002A "*" */
    0x0, 0xc2, 0x5, 0x9c, 0x79, 0x27, 0xfb, 0x40,
    0xa8, 0xe2, 0x5, 0x4, 0x0,

    /* U+002B "+" */
    0x0, 0x1, 0x10, 0x0, 0x0, 0x8, 0xa0, 0x0,
    0x0, 0x8, 0xa0, 0x0, 0x0, 0x8, 0xa0, 0x0,
    0x3f, 0xff, 0xff, 0xf6, 0x3, 0x39, 0xb3, 0x31,
    0x0, 0x8, 0xa0, 0x0, 0x0, 0x8, 0xa0, 0x0,

    /* U+002C "," */
    0x65, 0xca, 0x29, 0x93, 0x0,

    /* U+002D "-" */
    0x1, 0x11, 0x9, 0xff, 0xf3, 0x24, 0x44, 0x0,

    /* U+002E "." */
    0x65, 0xba,

    /* U+002F "/" */
    0x0, 0x3c, 0x0, 0x77, 0x0, 0xc3, 0x0, 0xe0,
    0x4, 0xb0, 0x8, 0x60, 0xd, 0x20, 0x1e, 0x0,
    0x5a, 0x0, 0x96, 0x0, 0xd1, 0x0,

    /* U+0030 "0" */
    0x0, 0xaf, 0xe7, 0x0, 0x9, 0xc3, 0x5f, 0x50,
    0x1f, 0x30, 0x8, 0xc0, 0x4f, 0x0, 0x4, 0xf0,
    0x5e, 0x0, 0x2, 0xf1, 0x6d, 0x0, 0x2, 0xf1,
    0x6e, 0x0, 0x2, 0xf0, 0x4f, 0x0, 0x4, 0xf0,
    0x1f, 0x30, 0x8, 0xb0, 0xa, 0xc3, 0x5f, 0x40,
    0x0, 0xaf, 0xe6, 0x0,

    /* U+0031 "1" */
    0x0, 0xd, 0x30, 0xb, 0xf3, 0x2d, 0xdf, 0x36,
    0x80, 0xf3, 0x0, 0xf, 0x30, 0x0, 0xf3, 0x0,
    0xf, 0x30, 0x0, 0xf3, 0x0, 0xf, 0x30, 0x0,
    0xf3, 0x0, 0xf, 0x30,

    /* U+0032 "2" */
    0x1, 0xbe, 0xe9, 0x0, 0xd, 0xb2, 0x3d, 0x90,
    0x3f, 0x10, 0x5, 0xe0, 0x3, 0x0, 0x5, 0xf0,
    0x0, 0x0, 0xc, 0xa0, 0x0, 0x0, 0x8f, 0x20,
    0x0, 0x8, 0xf4, 0x0, 0x0, 0x9f, 0x30, 0x0,
    0x8, 0xf3, 0x0, 0x0, 0x2f, 0x94, 0x44, 0x40,
    0x8f, 0xff, 0xff, 0xf0,

    /* U+0033 "3" */
    0x1, 0xaf, 0xd5, 0x0, 0xb, 0xb2, 0x5f, 0x30,
    0x2f, 0x20, 0xb, 0x90, 0x2, 0x0, 0xb, 0x90,
    0x0, 0x0, 0x5f, 0x30, 0x0, 0xe, 0xfb, 0x0,
    0x0, 0x0, 0x2c, 0xc0, 0x0, 0x0, 0x3, 0xf1,
    0x4e, 0x0, 0x4, 0xf0, 0xe, 0xa2, 0x4d, 0x90,
    0x2, 0xbf, 0xe8, 0x0,

    /* U+0034 "4" */
    0x0, 0x0, 0x9c, 0x0, 0x0, 0x3, 0xfc, 0x0,
    0x0, 0xd, 0xcc, 0x0, 0x0, 0x8a, 0x7c, 0x0,
    0x3, 0xe1, 0x7c, 0x0, 0xd, 0x50, 0x7c, 0x0,
    0x8b, 0x0, 0x7c, 0x0, 0xdf, 0xff, 0xff, 0xf1,
    0x23, 0x33, 0x9c, 0x30, 0x0, 0x0, 0x7c, 0x0,
    0x0, 0x0, 0x7c, 0x0,

    /* U+0035 "5" */
    0x5, 0xff, 0xff, 0xc0, 0x7, 0xc4, 0x44, 0x30,
    0xa, 0x80, 0x0, 0x0, 0xc, 0x60, 0x0, 0x0,
    0xf, 0xad, 0xe9, 0x0, 0x1f, 0xa3, 0x5e, 0xa0,
    0x1, 0x0, 0x4, 0xf1, 0x0, 0x0, 0x1, 0xf2,
    0x4e, 0x0, 0x4, 0xf0, 0xe, 0xa2, 0x4e, 0x80,
    0x2, 0xbf, 0xe8, 0x0,

    /* U+0036 "6" */
    0x0, 0x8e, 0xe9, 0x0, 0x8, 0xe3, 0x3d, 0x80,
    0xf, 0x40, 0x5, 0xb0, 0x4e, 0x0, 0x0, 0x0,
    0x6c, 0x5d, 0xe9, 0x0, 0x7f, 0xc4, 0x4e, 0x90,
    0x7f, 0x20, 0x5, 0xf0, 0x5f, 0x0, 0x2, 0xf1,
    0x1f, 0x20, 0x4, 0xf0, 0xa, 0xc3, 0x3d, 0x90,
    0x0, 0x9f, 0xe9, 0x0,

    /* U+0037 "7" */
    0x5f, 0xff, 0xff, 0xf2, 0x14, 0x44, 0x4c, 0xc0,
    0x0, 0x0, 0x4f, 0x20, 0x0, 0x0, 0xd8, 0x0,
    0x0, 0x5, 0xf1, 0x0, 0x0, 0xb, 0x90, 0x0,
    0x0, 0x1f, 0x30, 0x0, 0x0, 0x6e, 0x0, 0x0,
    0x0, 0x9a, 0x0, 0x0, 0x0, 0xc7, 0x0, 0x0,
    0x0, 0xe6, 0x0, 0x0,

    /* U+0038 "8" */
    0x1, 0xae, 0xe8, 0x0, 0xa, 0xb2, 0x4e, 0x70,
    0xf, 0x40, 0x8, 0xb0, 0xe, 0xa0, 0x1d, 0x80,
    0x4, 0xef, 0xfb, 0x0, 0x7, 0xa3, 0x4e, 0x80,
    0x3f, 0x10, 0x5, 0xf0, 0x6d, 0x0, 0x2, 0xf2,
    0x4f, 0x10, 0x4, 0xf0, 0xd, 0xb2, 0x3d, 0x90,
    0x2, 0xbe, 0xe8, 0x0,

    /* U+0039 "9" */
    0x1, 0xbf, 0xd6, 0x0, 0xc, 0xc3, 0x4e, 0x50,
    0x3f, 0x10, 0x6, 0xd0, 0x6e, 0x0, 0x3, 0xf0,
    0x4f, 0x0, 0x5, 0xf2, 0xe, 0x90, 0x2d, 0xf2,
    0x3, 0xef, 0xe6, 0xf1, 0x0, 0x2, 0x3, 0xf0,
    0x1c, 0x0, 0x8, 0xb0, 0xd, 0x92, 0x6f, 0x30,
    0x2, 0xcf, 0xd5, 0x0,

    /* U+003A ":" */
    0xba, 0x65, 0x0, 0x0, 0x0, 0x0, 0x65, 0xba,

    /* U+003B ";" */
    0xca, 0x65, 0x0, 0x0, 0x0, 0x0, 0x65, 0xca,
    0x29, 0x93, 0x0,

    /* U+003C "<" */
    0x0, 0x0, 0x2, 0x95, 0x0, 0x3, 0xaf, 0xb2,
    0x4, 0xcf, 0xa3, 0x0, 0x3f, 0xa1, 0x0, 0x0,
    0x19, 0xfb, 0x40, 0x0, 0x0, 0x18, 0xfd, 0x60,
    0x0, 0x0, 0x7, 0xe6, 0x0, 0x0, 0x0, 0x1,

    /* U+003D "=" */
    0x3f, 0xff, 0xff, 0xf6, 0x4, 0x44, 0x44, 0x41,
    0x0, 0x0, 0x0, 0x0, 0x3f, 0xff, 0xff, 0xf6,
    0x3, 0x33, 0x33, 0x31,

    /* U+003E ">" */
    0x3a, 0x30, 0x0, 0x0, 0x1a, 0xfb, 0x40, 0x0,
    0x0, 0x28, 0xfd, 0x60, 0x0, 0x0, 0x8, 0xf6,
    0x0, 0x3, 0xaf, 0xb2, 0x5, 0xcf, 0x92, 0x0,
    0x3f, 0x81, 0x0, 0x0, 0x10, 0x0, 0x0, 0x0,

    /* U+003F "?" */
    0x2, 0xbf, 0xe9, 0x0, 0xd, 0xb2, 0x4d, 0xa0,
    0x3f, 0x10, 0x5, 0xf0, 0x3, 0x0, 0x4, 0xf0,
    0x0, 0x0, 0x1d, 0x90, 0x0, 0x0, 0xdb, 0x0,
    0x0, 0x7, 0xd0, 0x0, 0x0, 0xb, 0x70, 0x0,
    0x0, 0x4, 0x20, 0x0, 0x0, 0x6, 0x40, 0x0,
    0x0, 0xd, 0x80, 0x0,

    /* U+0040 "@" */
    0x0, 0x0, 0x5b, 0xef, 0xea, 0x40, 0x0, 0x0,
    0xa, 0xe7, 0x31, 0x38, 0xe8, 0x0, 0x0, 0x9b,
    0x10, 0x0, 0x0, 0x2d, 0x50, 0x3, 0xe0, 0x7,
    0xed, 0x4e, 0x53, 0xe0, 0xb, 0x60, 0x8d, 0x33,
    0xdf, 0x20, 0xd3, 0xe, 0x2, 0xf3, 0x0, 0x8f,
    0x0, 0xa5, 0x2d, 0x7, 0xd0, 0x0, 0x7c, 0x0,
    0xb4, 0x3c, 0x9, 0xa0, 0x0, 0xa9, 0x0, 0xf1,
    0x2e, 0x8, 0xc0, 0x2, 0xf6, 0x9, 0xa0, 0xe,
    0x23, 0xf7, 0x5d, 0xf7, 0x9e, 0x10, 0x9, 0x90,
    0x7e, 0xd3, 0xcf, 0xa1, 0x11, 0x1, 0xe7, 0x0,
    0x0, 0x0, 0x3, 0xe4, 0x0, 0x3d, 0xc6, 0x31,
    0x25, 0xaf, 0x50, 0x0, 0x0, 0x6b, 0xef, 0xfc,
    0x81, 0x0,

    /* U+0041 "A" */
    0x0, 0x0, 0x5f, 0x60, 0x0, 0x0, 0x0, 0xb,
    0xdc, 0x0, 0x0, 0x0, 0x1, 0xf5, 0xf2, 0x0,
    0x0, 0x0, 0x6f, 0xd, 0x80, 0x0, 0x0, 0xb,
    0xa0, 0x8e, 0x0, 0x0, 0x1, 0xf5, 0x3, 0xf4,
    0x0, 0x0, 0x7f, 0x0, 0xe, 0xa0, 0x0, 0xc,
    0xff, 0xff, 0xff, 0x10, 0x2, 0xf7, 0x22, 0x24,
    0xf6, 0x0, 0x7e, 0x0, 0x0, 0xc, 0xc0, 0xd,
    0x90, 0x0, 0x0, 0x5f, 0x20,

    /* U+0042 "B" */
    0xff, 0xff, 0xea, 0x10, 0xf8, 0x44, 0x6d, 0xb0,
    0xf5, 0x0, 0x5, 0xf0, 0xf5, 0x0, 0x4, 0xf0,
    0xf6, 0x0, 0x2b, 0xa0, 0xff, 0xff, 0xff, 0x20,
    0xf8, 0x33, 0x4b, 0xf2, 0xf5, 0x0, 0x0, 0xe8,
    0xf5, 0x0, 0x0, 0xe8, 0xf8, 0x44, 0x5a, 0xf3,
    0xff, 0xff, 0xfc, 0x40,

    /* U+0043 "C" */
    0x0, 0x19, 0xef, 0xd6, 0x0, 0x1, 0xec, 0x54,
    0x7f, 0x80, 0xa, 0xd0, 0x0, 0x5, 0xf2, 0xf,
    0x50, 0x0, 0x0, 0x50, 0x3f, 0x20, 0x0, 0x0,
    0x0, 0x4f, 0x10, 0x0, 0x0, 0x0, 0x3f, 0x20,
    0x0, 0x0, 0x0, 0xf, 0x60, 0x0, 0x0, 0xc4,
    0xa, 0xd0, 0x0, 0x5, 0xf2, 0x1, 0xec, 0x54,
    0x8f, 0x80, 0x0, 0x2a, 0xef, 0xd6, 0x0,

    /* U+0044 "D" */
    0xef, 0xff, 0xfc, 0x40, 0xe, 0x94, 0x45, 0xaf,
    0x40, 0xe6, 0x0, 0x0, 0xbc, 0xe, 0x60, 0x0,
    0x4, 0xf2, 0xe6, 0x0, 0x0, 0x1f, 0x4e, 0x60,
    0x0, 0x0, 0xf5, 0xe6, 0x0, 0x0, 0x1f, 0x4e,
    0x60, 0x0, 0x4, 0xf1, 0xe6, 0x0, 0x0, 0xbc,
    0xe, 0x94, 0x45, 0xbf, 0x30, 0xef, 0xff, 0xeb,
    0x30, 0x0,

    /* U+0045 "E" */
    0xef, 0xff, 0xff, 0xf5, 0xe9, 0x44, 0x44, 0x41,
    0xe7, 0x0, 0x0, 0x0, 0xe7, 0x0, 0x0, 0x0,
    0xe7, 0x0, 0x0, 0x0, 0xef, 0xff, 0xff, 0xf0,
    0xe8, 0x33, 0x33, 0x30, 0xe7, 0x0, 0x0, 0x0,
    0xe7, 0x0, 0x0, 0x0, 0xe9, 0x44, 0x44, 0x42,
    0xef, 0xff, 0xff, 0xf9,

    /* U+0046 "F" */
    0xdf, 0xff, 0xff, 0xed, 0x94, 0x44, 0x43, 0xd7,
    0x0, 0x0, 0xd, 0x70, 0x0, 0x0, 0xd7, 0x0,
    0x0, 0xd, 0xff, 0xff, 0xf2, 0xd9, 0x33, 0x33,
    0xd, 0x70, 0x0, 0x0, 0xd7, 0x0, 0x0, 0xd,
    0x70, 0x0, 0x0, 0xd7, 0x0, 0x0, 0x0,

    /* U+0047 "G" */
    0x0, 0x7, 0xdf, 0xeb, 0x30, 0x0, 0xc, 0xe6,
    0x45, 0xaf, 0x30, 0x8, 0xe1, 0x0, 0x0, 0xbb,
    0x0, 0xe7, 0x0, 0x0, 0x1, 0x10, 0x2f, 0x30,
    0x0, 0x0, 0x0, 0x3, 0xf2, 0x0, 0x3f, 0xff,
    0xf0, 0x2f, 0x30, 0x0, 0x33, 0x7f, 0x0, 0xe7,
    0x0, 0x0, 0x4, 0xf0, 0x8, 0xe2, 0x0, 0x0,
    0x7f, 0x0, 0xc, 0xe8, 0x56, 0xbf, 0xa0, 0x0,
    0x7, 0xcf, 0xfb, 0x40, 0x0,

    /* U+0048 "H" */
    0xe7, 0x0, 0x0, 0x5f, 0xe7, 0x0, 0x0, 0x5f,
    0xe7, 0x0, 0x0, 0x5f, 0xe7, 0x0, 0x0, 0x5f,
    0xe7, 0x0, 0x0, 0x5f, 0xef, 0xff, 0xff, 0xff,
    0xe9, 0x33, 0x33, 0x7f, 0xe7, 0x0, 0x0, 0x5f,
    0xe7, 0x0, 0x0, 0x5f, 0xe7, 0x0, 0x0, 0x5f,
    0xe7, 0x0, 0x0, 0x5f,

    /* U+0049 "I" */
    0xba, 0xba, 0xba, 0xba, 0xba, 0xba, 0xba, 0xba,
    0xba, 0xba, 0xba,

    /* U+004A "J" */
    0x0, 0x0, 0x6e, 0x0, 0x0, 0x6e, 0x0, 0x0,
    0x6e, 0x0, 0x0, 0x6e, 0x0, 0x0, 0x6e, 0x0,
    0x0, 0x6e, 0x0, 0x0, 0x6e, 0x23, 0x0, 0x6e,
    0x8b, 0x0, 0x8d, 0x4f, 0x76, 0xe8, 0x7, 0xef,
    0xa0,

    /* U+004B "K" */
    0xf5, 0x0, 0x3, 0xfa, 0xf, 0x50, 0x2, 0xeb,
    0x0, 0xf5, 0x1, 0xdb, 0x0, 0xf, 0x50, 0xcc,
    0x0, 0x0, 0xf6, 0xbf, 0x20, 0x0, 0xf, 0xed,
    0xe9, 0x0, 0x0, 0xfe, 0x15, 0xf4, 0x0, 0xf,
    0x60, 0xa, 0xe1, 0x0, 0xf5, 0x0, 0x1f, 0xa0,
    0xf, 0x50, 0x0, 0x6f, 0x40, 0xf5, 0x0, 0x0,
    0xce, 0x10,

    /* U+004C "L" */
    0xf5, 0x0, 0x0, 0xf, 0x50, 0x0, 0x0, 0xf5,
    0x0, 0x0, 0xf, 0x50, 0x0, 0x0, 0xf5, 0x0,
    0x0, 0xf, 0x50, 0x0, 0x0, 0xf5, 0x0, 0x0,
    0xf, 0x50, 0x0, 0x0, 0xf5, 0x0, 0x0, 0xf,
    0x84, 0x44, 0x41, 0xff, 0xff, 0xff, 0x40,

    /* U+004D "M" */
    0xff, 0x20, 0x0, 0x5, 0xf9, 0xff, 0x70, 0x0,
    0xa, 0xf9, 0xfb, 0xc0, 0x0, 0xf, 0xc9, 0xf6,
    0xf1, 0x0, 0x4c, 0xa9, 0xf5, 0xc6, 0x0, 0x97,
    0xa9, 0xf5, 0x7b, 0x0, 0xe2, 0xa9, 0xf5, 0x2f,
    0x3, 0xd0, 0xa9, 0xf5, 0xd, 0x58, 0x80, 0xa9,
    0xf5, 0x8, 0x9d, 0x30, 0xa9, 0xf5, 0x3, 0xfe,
    0x0, 0xa9, 0xf5, 0x0, 0xe9, 0x0, 0xa9,

    /* U+004E "N" */
    0xfb, 0x0, 0x0, 0x5f, 0xff, 0x50, 0x0, 0x5f,
    0xfe, 0xe0, 0x0, 0x5f, 0xf6, 0xe8, 0x0, 0x5f,
    0xf5, 0x5f, 0x20, 0x5f, 0xf5, 0xb, 0xc0, 0x5f,
    0xf5, 0x2, 0xf6, 0x5f, 0xf5, 0x0, 0x8e, 0x6f,
    0xf5, 0x0, 0xe, 0xdf, 0xf5, 0x0, 0x4, 0xff,
    0xf5, 0x0, 0x0, 0xbf,

    /* U+004F "O" */
    0x0, 0x19, 0xef, 0xd8, 0x0, 0x0, 0x1d, 0xd6,
    0x46, 0xec, 0x0, 0xa, 0xd0, 0x0, 0x1, 0xe8,
    0x0, 0xf5, 0x0, 0x0, 0x7, 0xe0, 0x3f, 0x20,
    0x0, 0x0, 0x3f, 0x24, 0xf1, 0x0, 0x0, 0x2,
    0xf3, 0x3f, 0x20, 0x0, 0x0, 0x3f, 0x20, 0xf6,
    0x0, 0x0, 0x7, 0xe0, 0x9, 0xe0, 0x0, 0x1,
    0xe8, 0x0, 0x1d, 0xd6, 0x36, 0xdc, 0x0, 0x0,
    0x18, 0xdf, 0xd8, 0x0, 0x0,

    /* U+0050 "P" */
    0xef, 0xff, 0xfd, 0x60, 0xe9, 0x44, 0x48, 0xf5,
    0xe6, 0x0, 0x0, 0xca, 0xe6, 0x0, 0x0, 0xba,
    0xe6, 0x0, 0x16, 0xf6, 0xef, 0xff, 0xff, 0x90,
    0xe8, 0x33, 0x31, 0x0, 0xe6, 0x0, 0x0, 0x0,
    0xe6, 0x0, 0x0, 0x0, 0xe6, 0x0, 0x0, 0x0,
    0xe6, 0x0, 0x0, 0x0,

    /* U+0051 "Q" */
    0x0, 0x19, 0xef, 0xd7, 0x0, 0x0, 0x1d, 0xd6,
    0x47, 0xec, 0x0, 0xa, 0xc0, 0x0, 0x2, 0xf7,
    0x1, 0xf4, 0x0, 0x0, 0x8, 0xd0, 0x4f, 0x0,
    0x0, 0x0, 0x4f, 0x15, 0xf0, 0x0, 0x0, 0x3,
    0xf2, 0x4f, 0x10, 0x0, 0x0, 0x4f, 0x11, 0xf5,
    0x0, 0x0, 0x8, 0xe0, 0xa, 0xd0, 0x6, 0xd5,
    0xe7, 0x0, 0x1d, 0xc5, 0x4b, 0xfe, 0x0, 0x0,
    0x19, 0xef, 0xd7, 0xcc, 0x20, 0x0, 0x0, 0x0,
    0x0, 0x61,

    /* U+0052 "R" */
    0xef, 0xff, 0xfe, 0xa1, 0xe, 0x83, 0x33, 0x5e,
    0xb0, 0xe6, 0x0, 0x0, 0x5f, 0xe, 0x60, 0x0,
    0x5, 0xf0, 0xe6, 0x0, 0x3, 0xdb, 0xe, 0xff,
    0xff, 0xfb, 0x10, 0xe8, 0x34, 0xbc, 0x10, 0xe,
    0x60, 0x0, 0xdc, 0x0, 0xe6, 0x0, 0x3, 0xf7,
    0xe, 0x60, 0x0, 0x9, 0xf1, 0xe6, 0x0, 0x0,
    0x1f, 0xa0,

    /* U+0053 "S" */
    0x0, 0x8d, 0xfe, 0x91, 0x0, 0x8e, 0x74, 0x6e,
    0xb0, 0xe, 0x60, 0x0, 0x3f, 0x20, 0xe8, 0x0,
    0x0, 0x40, 0x6, 0xfc, 0x73, 0x0, 0x0, 0x3,
    0xae, 0xfe, 0x50, 0x0, 0x0, 0x3, 0x9f, 0x43,
    0xa0, 0x0, 0x0, 0xc8, 0x2f, 0x40, 0x0, 0xd,
    0x70, 0xaf, 0x85, 0x6b, 0xe1, 0x0, 0x7d, 0xff,
    0xb2, 0x0,

    /* U+0054 "T" */
    0xaf, 0xff, 0xff, 0xff, 0x42, 0x44, 0x8f, 0x44,
    0x41, 0x0, 0x6, 0xf0, 0x0, 0x0, 0x0, 0x6f,
    0x0, 0x0, 0x0, 0x6, 0xf0, 0x0, 0x0, 0x0,
    0x6f, 0x0, 0x0, 0x0, 0x6, 0xf0, 0x0, 0x0,
    0x0, 0x6f, 0x0, 0x0, 0x0, 0x6, 0xf0, 0x0,
    0x0, 0x0, 0x6f, 0x0, 0x0, 0x0, 0x6, 0xf0,
    0x0, 0x0,

    /* U+0055 "U" */
    0xe6, 0x0, 0x0, 0x5f, 0xe6, 0x0, 0x0, 0x5f,
    0xe6, 0x0, 0x0, 0x5f, 0xe6, 0x0, 0x0, 0x5f,
    0xe6, 0x0, 0x0, 0x5f, 0xe6, 0x0, 0x0, 0x5f,
    0xe6, 0x0, 0x0, 0x5f, 0xd8, 0x0, 0x0, 0x6e,
    0xac, 0x0, 0x0, 0xbb, 0x3f, 0xb5, 0x5a, 0xf4,
    0x4, 0xcf, 0xfc, 0x40,

    /* U+0056 "V" */
    0xca, 0x0, 0x0, 0x4, 0xf1, 0x6f, 0x0, 0x0,
    0xa, 0xb0, 0x1f, 0x50, 0x0, 0xf, 0x50, 0xb,
    0xa0, 0x0, 0x4f, 0x0, 0x5, 0xf0, 0x0, 0xaa,
    0x0, 0x0, 0xf4, 0x0, 0xf4, 0x0, 0x0, 0xa9,
    0x5, 0xe0, 0x0, 0x0, 0x4e, 0xa, 0x80, 0x0,
    0x0, 0xe, 0x4f, 0x30, 0x0, 0x0, 0x9, 0xcd,
    0x0, 0x0, 0x0, 0x3, 0xf7, 0x0, 0x0,

    /* U+0057 "W" */
    0xba, 0x0, 0x4, 0xf9, 0x0, 0x6, 0xe0, 0x7d,
    0x0, 0x8, 0xed, 0x0, 0x9, 0xb0, 0x3f, 0x10,
    0xc, 0x7f, 0x10, 0xd, 0x70, 0xf, 0x40, 0x1f,
    0x1d, 0x50, 0x1f, 0x30, 0xb, 0x70, 0x5d, 0x9,
    0x90, 0x4e, 0x0, 0x8, 0xb0, 0x99, 0x5, 0xd0,
    0x7b, 0x0, 0x4, 0xe0, 0xd5, 0x1, 0xf1, 0xb7,
    0x0, 0x0, 0xf3, 0xf1, 0x0, 0xd5, 0xe3, 0x0,
    0x0, 0xc9, 0xd0, 0x0, 0x9a, 0xe0, 0x0, 0x0,
    0x8f, 0x90, 0x0, 0x5f, 0xb0, 0x0, 0x0, 0x4f,
    0x50, 0x0, 0x1f, 0x70, 0x0,

    /* U+0058 "X" */
    0x2f, 0x60, 0x0, 0xc, 0xa0, 0x8, 0xf1, 0x0,
    0x8e, 0x0, 0x0, 0xdb, 0x3, 0xf4, 0x0, 0x0,
    0x3f, 0x5d, 0x90, 0x0, 0x0, 0x9, 0xfd, 0x0,
    0x0, 0x0, 0x4, 0xfa, 0x0, 0x0, 0x0, 0xd,
    0xbf, 0x40, 0x0, 0x0, 0x9e, 0xa, 0xe1, 0x0,
    0x4, 0xf4, 0x1, 0xe9, 0x0, 0xe, 0xa0, 0x0,
    0x5f, 0x40, 0x9e, 0x10, 0x0, 0xb, 0xd0,

    /* U+0059 "Y" */
    0xae, 0x0, 0x0, 0x9, 0xd0, 0x1f, 0x80, 0x0,
    0x3f, 0x40, 0x6, 0xf2, 0x0, 0xca, 0x0, 0x0,
    0xdb, 0x6, 0xe1, 0x0, 0x0, 0x3f, 0x5e, 0x60,
    0x0, 0x0, 0x9, 0xfc, 0x0, 0x0, 0x0, 0x2,
    0xf4, 0x0, 0x0, 0x0, 0x1, 0xf3, 0x0, 0x0,
    0x0, 0x1, 0xf3, 0x0, 0x0, 0x0, 0x1, 0xf3,
    0x0, 0x0, 0x0, 0x1, 0xf3, 0x0, 0x0,

    /* U+005A "Z" */
    0x2f, 0xff, 0xff, 0xff, 0x0, 0x44, 0x44, 0x4d,
    0xd0, 0x0, 0x0, 0x8, 0xf2, 0x0, 0x0, 0x4,
    0xf6, 0x0, 0x0, 0x1, 0xea, 0x0, 0x0, 0x0,
    0xbd, 0x10, 0x0, 0x0, 0x6f, 0x30, 0x0, 0x0,
    0x2f, 0x70, 0x0, 0x0, 0xd, 0xb0, 0x0, 0x0,
    0x8, 0xf5, 0x44, 0x44, 0x40, 0xbf, 0xff, 0xff,
    0xff, 0x30,

    /* U+005B "[" */
    0xf, 0xfa, 0xf, 0x41, 0xf, 0x30, 0xf, 0x30,
    0xf, 0x30, 0xf, 0x30, 0xf, 0x30, 0xf, 0x30,
    0xf, 0x30, 0xf, 0x30, 0xf, 0x30, 0xf, 0x30,
    0xf, 0x41, 0xf, 0xfa,

    /* U+005C "\\" */
    0xd1, 0x0, 0x96, 0x0, 0x5a, 0x0, 0x1e, 0x0,
    0xd, 0x20, 0x8, 0x60, 0x4, 0xb0, 0x0, 0xe0,
    0x0, 0xc3, 0x0, 0x77, 0x0, 0x3c,

    /* U+005D "]" */
    0xbf, 0xf1, 0x5f, 0x4, 0xf0, 0x4f, 0x4, 0xf0,
    0x4f, 0x4, 0xf0, 0x4f, 0x4, 0xf0, 0x4f, 0x4,
    0xf0, 0x4f, 0x15, 0xfb, 0xff,

    /* U+005E "^" */
    0x0, 0x6f, 0x0, 0x0, 0xd, 0xe6, 0x0, 0x3,
    0xe5, 0xc0, 0x0, 0x98, 0xf, 0x30, 0x1f, 0x30,
    0x99, 0x6, 0xd0, 0x3, 0xf0,

    /* U+005F "_" */
    0x3f, 0xff, 0xff, 0xff, 0xe0,

    /* U+0060 "`" */
    0x1, 0x0, 0x1e, 0x80, 0x3, 0xe0,

    /* U+0061 "a" */
    0x3, 0xbf, 0xfb, 0x10, 0xe, 0x82, 0x3d, 0x90,
    0x17, 0x0, 0x7, 0xc0, 0x0, 0x69, 0xcf, 0xc0,
    0x1e, 0xc7, 0x47, 0xc0, 0x6e, 0x0, 0x9, 0xc0,
    0x5f, 0x31, 0x6f, 0xd0, 0x9, 0xef, 0xb6, 0xf0,

    /* U+0062 "b" */
    0x1f, 0x20, 0x0, 0x0, 0x1f, 0x20, 0x0, 0x0,
    0x1f, 0x20, 0x0, 0x0, 0x1f, 0x7e, 0xf9, 0x0,
    0x1f, 0xd3, 0x3d, 0x90, 0x1f, 0x50, 0x5, 0xf0,
    0x1f, 0x10, 0x1, 0xf2, 0x1f, 0x10, 0x1, 0xf2,
    0x1f, 0x30, 0x4, 0xf0, 0x1f, 0xb0, 0x1c, 0x80,
    0x1f, 0x7d, 0xe9, 0x0,

    /* U+0063 "c" */
    0x1, 0xaf, 0xe8, 0x0, 0xdb, 0x24, 0xe6, 0x3f,
    0x10, 0x5, 0x56, 0xd0, 0x0, 0x0, 0x6d, 0x0,
    0x0, 0x3, 0xf1, 0x0, 0x7a, 0xc, 0xa2, 0x4e,
    0x60, 0x2b, 0xfe, 0x70,

    /* U+0064 "d" */
    0x0, 0x0, 0x7, 0xc0, 0x0, 0x0, 0x7c, 0x0,
    0x0, 0x7, 0xc0, 0x2c, 0xfc, 0x8c, 0xe, 0xa2,
    0x6f, 0xc4, 0xf0, 0x0, 0x9c, 0x7c, 0x0, 0x6,
    0xc7, 0xc0, 0x0, 0x6c, 0x4f, 0x0, 0x9, 0xc0,
    0xda, 0x25, 0xfc, 0x2, 0xbf, 0xc8, 0xc0,

    /* U+0065 "e" */
    0x1, 0xaf, 0xe8, 0x0, 0xc, 0xa2, 0x3c, 0x90,
    0x3f, 0x0, 0x3, 0xf0, 0x6f, 0xff, 0xff, 0xf2,
    0x6e, 0x22, 0x22, 0x20, 0x4f, 0x10, 0x3, 0xa0,
    0xd, 0xc2, 0x3d, 0xa0, 0x1, 0xbf, 0xe9, 0x0,

    /* U+0066 "f" */
    0x3, 0xef, 0x40, 0xbb, 0x30, 0xc, 0x70, 0xe,
    0xff, 0xd0, 0xc, 0x70, 0x0, 0xc7, 0x0, 0xc,
    0x70, 0x0, 0xc7, 0x0, 0xc, 0x70, 0x0, 0xc7,
    0x0, 0xc, 0x70, 0x0,

    /* U+0067 "g" */
    0x2, 0xcf, 0xc7, 0xd0, 0xea, 0x26, 0xfd, 0x5e,
    0x0, 0x9, 0xd8, 0xc0, 0x0, 0x5d, 0x7c, 0x0,
    0x5, 0xd5, 0xe0, 0x0, 0x8d, 0xd, 0xa2, 0x5f,
    0xd0, 0x2c, 0xfc, 0x9d, 0x14, 0x0, 0x8, 0xb1,
    0xf6, 0x14, 0xe6, 0x5, 0xdf, 0xd7, 0x0,

    /* U+0068 "h" */
    0x1f, 0x20, 0x0, 0x1, 0xf2, 0x0, 0x0, 0x1f,
    0x20, 0x0, 0x1, 0xf6, 0xdf, 0xb1, 0x1f, 0xd4,
    0x3d, 0x91, 0xf5, 0x0, 0x7c, 0x1f, 0x20, 0x6,
    0xd1, 0xf2, 0x0, 0x6d, 0x1f, 0x20, 0x6, 0xd1,
    0xf2, 0x0, 0x6d, 0x1f, 0x20, 0x6, 0xd0,

    /* U+0069 "i" */
    0x1f, 0x20, 0x81, 0x0, 0x1, 0xf2, 0x1f, 0x21,
    0xf2, 0x1f, 0x21, 0xf2, 0x1f, 0x21, 0xf2, 0x1f,
    0x20,

    /* U+006A "j" */
    0x1, 0xf2, 0x0, 0x81, 0x0, 0x0, 0x1, 0xf2,
    0x1, 0xf2, 0x1, 0xf2, 0x1, 0xf2, 0x1, 0xf2,
    0x1, 0xf2, 0x1, 0xf2, 0x1, 0xf2, 0x1, 0xf1,
    0x16, 0xf0, 0x8f, 0x80,

    /* U+006B "k" */
    0x1f, 0x20, 0x0, 0x1, 0xf2, 0x0, 0x0, 0x1f,
    0x20, 0x0, 0x1, 0xf2, 0x6, 0xf3, 0x1f, 0x24,
    0xf4, 0x1, 0xf5, 0xf5, 0x0, 0x1f, 0xff, 0x30,
    0x1, 0xf7, 0x9c, 0x0, 0x1f, 0x21, 0xf6, 0x1,
    0xf2, 0x7, 0xf1, 0x1f, 0x20, 0xd, 0xa0,

    /* U+006C "l" */
    0x1f, 0x21, 0xf2, 0x1f, 0x21, 0xf2, 0x1f, 0x21,
    0xf2, 0x1f, 0x21, 0xf2, 0x1f, 0x21, 0xf2, 0x1f,
    0x20,

    /* U+006D "m" */
    0x1f, 0x5d, 0xfa, 0x2c, 0xfc, 0x11, 0xfc, 0x12,
    0xfe, 0x31, 0xc9, 0x1f, 0x40, 0xc, 0x90, 0x7,
    0xb1, 0xf2, 0x0, 0xc7, 0x0, 0x7c, 0x1f, 0x20,
    0xc, 0x70, 0x7, 0xc1, 0xf2, 0x0, 0xc7, 0x0,
    0x7c, 0x1f, 0x20, 0xc, 0x70, 0x7, 0xc1, 0xf2,
    0x0, 0xc7, 0x0, 0x7c,

    /* U+006E "n" */
    0x1f, 0x6d, 0xfb, 0x11, 0xfc, 0x11, 0xc9, 0x1f,
    0x40, 0x7, 0xc1, 0xf2, 0x0, 0x6d, 0x1f, 0x20,
    0x6, 0xd1, 0xf2, 0x0, 0x6d, 0x1f, 0x20, 0x6,
    0xd1, 0xf2, 0x0, 0x6d,

    /* U+006F "o" */
    0x1, 0xae, 0xe9, 0x0, 0xd, 0xb2, 0x4d, 0x90,
    0x5f, 0x0, 0x4, 0xf0, 0x7c, 0x0, 0x0, 0xf3,
    0x7c, 0x0, 0x1, 0xf3, 0x4f, 0x0, 0x4, 0xf1,
    0xd, 0xa2, 0x3d, 0xa0, 0x2, 0xbf, 0xe8, 0x0,

    /* U+0070 "p" */
    0x1f, 0x7d, 0xe9, 0x0, 0x1f, 0xc1, 0xb, 0x90,
    0x1f, 0x40, 0x3, 0xf0, 0x1f, 0x10, 0x1, 0xf2,
    0x1f, 0x10, 0x1, 0xf2, 0x1f, 0x40, 0x5, 0xf0,
    0x1f, 0xd3, 0x3d, 0x80, 0x1f, 0x7e, 0xe8, 0x0,
    0x1f, 0x20, 0x0, 0x0, 0x1f, 0x20, 0x0, 0x0,
    0x1f, 0x20, 0x0, 0x0,

    /* U+0071 "q" */
    0x2, 0xcf, 0xc7, 0xc0, 0xe9, 0x15, 0xfc, 0x4f,
    0x0, 0x9, 0xc7, 0xc0, 0x0, 0x6c, 0x6c, 0x0,
    0x6, 0xc4, 0xf1, 0x0, 0x9c, 0xc, 0xa2, 0x5f,
    0xc0, 0x1b, 0xfc, 0x9c, 0x0, 0x0, 0x7, 0xc0,
    0x0, 0x0, 0x7c, 0x0, 0x0, 0x7, 0xc0,

    /* U+0072 "r" */
    0x1f, 0x7e, 0x91, 0xfc, 0x33, 0x1f, 0x50, 0x1,
    0xf2, 0x0, 0x1f, 0x20, 0x1, 0xf2, 0x0, 0x1f,
    0x20, 0x1, 0xf2, 0x0,

    /* U+0073 "s" */
    0x6, 0xdf, 0xd4, 0x2, 0xf4, 0x28, 0xf0, 0x4f,
    0x20, 0x4, 0x0, 0xbf, 0xc8, 0x10, 0x0, 0x38,
    0xde, 0x23, 0x70, 0x0, 0xe6, 0x3f, 0x51, 0x5f,
    0x30, 0x6d, 0xfd, 0x60,

    /* U+0074 "t" */
    0x2, 0x30, 0xd, 0x60, 0xd, 0x60, 0xcf, 0xf9,
    0xd, 0x60, 0xd, 0x60, 0xd, 0x60, 0xd, 0x60,
    0xd, 0x60, 0xc, 0xa2, 0x6, 0xfa,

    /* U+0075 "u" */
    0x1f, 0x20, 0x7, 0xc1, 0xf2, 0x0, 0x7c, 0x1f,
    0x20, 0x7, 0xc1, 0xf2, 0x0, 0x7c, 0x1f, 0x20,
    0x7, 0xc1, 0xf2, 0x0, 0x9c, 0xd, 0xa2, 0x6e,
    0xc0, 0x4d, 0xfb, 0x6c,

    /* U+0076 "v" */
    0xaa, 0x0, 0x9, 0xa4, 0xf0, 0x0, 0xe5, 0xf,
    0x40, 0x4f, 0x0, 0x99, 0x9, 0xa0, 0x4, 0xe0,
    0xe4, 0x0, 0xe, 0x7e, 0x0, 0x0, 0x9f, 0x90,
    0x0, 0x3, 0xf4, 0x0,

    /* U+0077 "w" */
    0xd7, 0x0, 0xbc, 0x0, 0x5d, 0x8b, 0x0, 0xef,
    0x0, 0x99, 0x4e, 0x2, 0xdd, 0x40, 0xd4, 0xf,
    0x36, 0x9a, 0x82, 0xf0, 0xb, 0x7a, 0x66, 0xb6,
    0xb0, 0x6, 0xbe, 0x22, 0xfb, 0x70, 0x2, 0xfe,
    0x0, 0xef, 0x20, 0x0, 0xda, 0x0, 0xad, 0x0,

    /* U+0078 "x" */
    0x6f, 0x20, 0x2f, 0x50, 0xbb, 0xb, 0xb0, 0x2,
    0xfa, 0xe1, 0x0, 0x7, 0xf6, 0x0, 0x0, 0xaf,
    0xa0, 0x0, 0x4f, 0x4f, 0x40, 0xe, 0x70, 0x8e,
    0x9, 0xd0, 0x0, 0xd9,

    /* U+0079 "y" */
    0x9b, 0x0, 0x8, 0xb4, 0xf1, 0x0, 0xd5, 0xe,
    0x60, 0x3f, 0x0, 0x8b, 0x8, 0xa0, 0x3, 0xf1,
    0xe4, 0x0, 0xd, 0x8e, 0x0, 0x0, 0x7f, 0x90,
    0x0, 0x2, 0xf4, 0x0, 0x0, 0x3e, 0x0, 0x1,
    0x5c, 0x80, 0x0, 0x2f, 0xc0, 0x0, 0x0,

    /* U+007A "z" */
    0x7f, 0xff, 0xff, 0x70, 0x11, 0x18, 0xe1, 0x0,
    0x4, 0xf4, 0x0, 0x1, 0xe7, 0x0, 0x0, 0xcb,
    0x0, 0x0, 0x9d, 0x0, 0x0, 0x6f, 0x42, 0x22,
    0x1b, 0xff, 0xff, 0xfb,

    /* U+007B "{" */
    0x0, 0x8f, 0x50, 0x1f, 0x50, 0x2, 0xf0, 0x0,
    0x3f, 0x0, 0x4, 0xe0, 0x0, 0xaa, 0x0, 0x9d,
    0x10, 0x2, 0xc7, 0x0, 0x5, 0xd0, 0x0, 0x3e,
    0x0, 0x3, 0xf0, 0x0, 0x2f, 0x0, 0x0, 0xf5,
    0x0, 0x7, 0xf5,

    /* U+007C "|" */
    0xb5, 0xb5, 0xb5, 0xb5, 0xb5, 0xb5, 0xb5, 0xb5,
    0xb5, 0xb5, 0xb5, 0xb5, 0xb5, 0xb5,

    /* U+007D "}" */
    0xae, 0x30, 0x1, 0x9b, 0x0, 0x4, 0xd0, 0x0,
    0x4d, 0x0, 0x3, 0xe0, 0x0, 0xe, 0x50, 0x0,
    0x4f, 0x40, 0xc, 0x91, 0x2, 0xf0, 0x0, 0x4e,
    0x0, 0x4, 0xd0, 0x0, 0x5d, 0x0, 0x19, 0xb0,
    0xa, 0xe3, 0x0,

    /* U+007E "~" */
    0x0, 0x0, 0x0, 0x0, 0x2d, 0xfe, 0x82, 0x48,
    0x69, 0x59, 0xff, 0xf6, 0x0, 0x0, 0x13, 0x10,

    /* U+00A0 " " */

    /* U+00A1 "¡" */
    0x5f, 0x12, 0x80, 0x1, 0x1, 0xc0, 0x2d, 0x3,
    0xe0, 0x4f, 0x5, 0xf0, 0x6f, 0x16, 0xf1, 0x6f,
    0x10,

    /* U+00A2 "¢" */
    0x0, 0x0, 0x7, 0x0, 0x0, 0x0, 0xc, 0x0,
    0x0, 0x0, 0x39, 0x0, 0x0, 0x9e, 0xfb, 0x0,
    0xa, 0xc2, 0xcc, 0x90, 0x1f, 0x30, 0xc3, 0x70,
    0x3f, 0x15, 0x70, 0x0, 0x3f, 0x9, 0x30, 0x0,
    0x1f, 0x3c, 0x4, 0xd0, 0x9, 0xdb, 0x3d, 0x80,
    0x0, 0xbf, 0xe8, 0x0, 0x0, 0xb2, 0x0, 0x0,
    0x0, 0xc0, 0x0, 0x0, 0x1, 0x70, 0x0, 0x0,

    /* U+00A3 "£" */
    0x0, 0x8e, 0xea, 0x10, 0x9, 0xd3, 0x3c, 0xa0,
    0xe, 0x60, 0x3, 0xe0, 0xf, 0x50, 0x0, 0x0,
    0xc, 0x90, 0x0, 0x0, 0xaf, 0xff, 0xd0, 0x0,
    0x16, 0xf2, 0x10, 0x0, 0x4, 0xe0, 0x0, 0x0,
    0xa, 0x70, 0x0, 0x0, 0x7f, 0xdc, 0x95, 0x81,
    0x88, 0x34, 0xaf, 0xd2, 0x0, 0x0, 0x0, 0x0,

    /* U+00A4 "¤" */
    0x3, 0x0, 0x0, 0x30, 0x4f, 0xaf, 0xea, 0xe0,
    0xb, 0xd4, 0x6f, 0x60, 0xf, 0x30, 0x8, 0xa0,
    0xf, 0x20, 0x7, 0xb0, 0xb, 0xb1, 0x3e, 0x70,
    0x3f, 0xdf, 0xfd, 0xd0, 0x5, 0x2, 0x10, 0x60,

    /* U+00A5 "¥" */
    0xb, 0x90, 0x0, 0xe, 0x70, 0x3f, 0x20, 0x8,
    0xe0, 0x0, 0xab, 0x1, 0xf6, 0x0, 0x2, 0xf3,
    0x8d, 0x0, 0x0, 0x8, 0xcf, 0x40, 0x0, 0x8f,
    0xff, 0xff, 0xf4, 0x1, 0x22, 0xc8, 0x22, 0x0,
    0x8e, 0xef, 0xfe, 0xe4, 0x1, 0x11, 0xc8, 0x11,
    0x0, 0x0, 0xb, 0x70, 0x0, 0x0, 0x0, 0xb7,
    0x0, 0x0,

    /* U+00A6 "¦" */
    0xb5, 0xb5, 0xb5, 0xb5, 0xb5, 0x94, 0x0, 0x0,
    0x94, 0xb5, 0xb5, 0xb5, 0xb5, 0xb5,

    /* U+00A7 "§" */
    0x1, 0xaf, 0xe6, 0x0, 0x9, 0xc2, 0x5f, 0x30,
    0xb, 0x80, 0x8, 0x40, 0x6, 0xf5, 0x0, 0x0,
    0x8, 0xdf, 0x90, 0x0, 0x4d, 0x3, 0xde, 0x30,
    0x5c, 0x0, 0xb, 0xd0, 0x1e, 0x90, 0x1, 0xf1,
    0x3, 0xdd, 0x35, 0xd0, 0x0, 0x9, 0xfd, 0x10,
    0x0, 0x0, 0x4f, 0x50, 0xa, 0x40, 0xa, 0xa0,
    0xa, 0xc3, 0x3e, 0x70, 0x1, 0xae, 0xe9, 0x0,

    /* U+00A8 "¨" */
    0x45, 0x8, 0x29, 0xb0, 0xf4,

    /* U+00A9 "©" */
    0x0, 0x29, 0xde, 0xb5, 0x0, 0x0, 0x5d, 0x50,
    0x3, 0xba, 0x0, 0x2d, 0x14, 0xcd, 0x80, 0xa7,
    0x9, 0x51, 0xe2, 0xa, 0x60, 0xd0, 0xd0, 0x68,
    0x0, 0x0, 0xa, 0x3d, 0x7, 0x60, 0x0, 0x0,
    0x84, 0xd0, 0x68, 0x0, 0x13, 0xa, 0x39, 0x51,
    0xd2, 0xb, 0x60, 0xd0, 0x2d, 0x14, 0xcd, 0x80,
    0xa7, 0x0, 0x5d, 0x50, 0x3, 0xba, 0x0, 0x0,
    0x29, 0xde, 0xb5, 0x0, 0x0,

    /* U+00AA "ª" */
    0x1c, 0xcd, 0x33, 0x50, 0x79, 0x3c, 0xcc, 0xa9,
    0x70, 0x9a, 0x4e, 0xc9, 0xb0,

    /* U+00AB "«" */
    0x0, 0x1a, 0x5, 0x60, 0xb, 0x71, 0xe2, 0x5,
    0xe0, 0xa9, 0x0, 0xe7, 0x3f, 0x10, 0x8, 0xc0,
    0xd6, 0x0, 0xd, 0x43, 0xe0, 0x0, 0x3d, 0x9,
    0x80,

    /* U+00AC "¬" */
    0x3f, 0xff, 0xff, 0xf6, 0x4, 0x44, 0x44, 0xd6,
    0x0, 0x0, 0x0, 0xc6, 0x0, 0x0, 0x0, 0xc6,
    0x0, 0x0, 0x0, 0x31,

    /* U+00AD "­" */
    0x1, 0x11, 0x9, 0xff, 0xf3, 0x24, 0x44, 0x0,

    /* U+00AE "®" */
    0x0, 0x29, 0xde, 0xb5, 0x0, 0x0, 0x5d, 0x50,
    0x3, 0xba, 0x0, 0x2d, 0x2e, 0xdd, 0x70, 0xa7,
    0x9, 0x51, 0xd0, 0xe, 0x20, 0xd0, 0xd0, 0x1d,
    0x0, 0xd1, 0xa, 0x3d, 0x1, 0xfd, 0xe6, 0x0,
    0x84, 0xd0, 0x1d, 0xa, 0x60, 0xa, 0x39, 0x51,
    0xd0, 0x1e, 0x10, 0xd0, 0x2d, 0x26, 0x0, 0x43,
    0xa7, 0x0, 0x5d, 0x50, 0x3, 0xba, 0x0, 0x0,
    0x29, 0xde, 0xb5, 0x0, 0x0,

    /* U+00AF "¯" */
    0x3f, 0xff, 0xff, 0xff, 0xe0,

    /* U+00B0 "°" */
    0x5, 0xca, 0x10, 0xc0, 0x48, 0xc, 0x4, 0x80,
    0x5c, 0xb1,

    /* U+00B1 "±" */
    0x0, 0xb, 0x60, 0x0, 0x0, 0xb, 0x60, 0x0,
    0x0, 0xb, 0x60, 0x0, 0x7f, 0xff, 0xff, 0xf2,
    0x13, 0x3c, 0x83, 0x30, 0x0, 0xb, 0x60, 0x0,
    0x0, 0xb, 0x60, 0x0, 0x13, 0x35, 0x43, 0x30,
    0x7f, 0xff, 0xff, 0xf2,

    /* U+00B2 "²" */
    0x3d, 0xdc, 0x14, 0x30, 0xc5, 0x0, 0x7c, 0x0,
    0xb9, 0x0, 0x9f, 0xdd, 0x50,

    /* U+00B3 "³" */
    0x3d, 0xcb, 0x2, 0x21, 0xe1, 0x0, 0xcb, 0x4,
    0x20, 0xc5, 0x4d, 0xdb, 0x10,

    /* U+00B4 "´" */
    0x0, 0x10, 0xd, 0xa0, 0x4d, 0x0,

    /* U+00B5 "µ" */
    0xe5, 0x0, 0x4f, 0xe5, 0x0, 0x4f, 0xe5, 0x0,
    0x4f, 0xe5, 0x0, 0x4f, 0xe5, 0x0, 0x4f, 0xe7,
    0x0, 0x6f, 0xee, 0x22, 0xdf, 0xea, 0xee, 0x9f,
    0xe5, 0x0, 0x0, 0xe5, 0x0, 0x0, 0xe5, 0x0,
    0x0,

    /* U+00B6 "¶" */
    0x8, 0xef, 0xff, 0xf9, 0x9f, 0xfe, 0x4b, 0xb2,
    0xef, 0xfe, 0x9, 0x90, 0xff, 0xfe, 0x9, 0x90,
    0xbf, 0xfe, 0x9, 0x90, 0x2d, 0xfe, 0x9, 0x90,
    0x0, 0x4e, 0x9, 0x90, 0x0, 0x3e, 0x9, 0x90,
    0x0, 0x3e, 0x9, 0x90, 0x0, 0x3e, 0x9, 0x90,
    0x0, 0x3e, 0x9, 0x90, 0x0, 0x3e, 0x9, 0x90,
    0x0, 0x3e, 0x9, 0x90, 0x0, 0x3e, 0x9, 0x90,

    /* U+00B7 "·" */
    0x38, 0x6, 0xf0,

    /* U+00B8 "¸" */
    0x0, 0x0, 0x5, 0xb0, 0x2, 0xb9, 0x3e, 0xd4,

    /* U+00B9 "¹" */
    0x3, 0xe4, 0x3b, 0xd4, 0x0, 0xb4, 0x0, 0xb4,
    0x0, 0xb4,

    /* U+00BA "º" */
    0xb, 0xeb, 0x17, 0x90, 0x79, 0xa5, 0x3, 0xc7,
    0x90, 0x79, 0xb, 0xeb, 0x10,

    /* U+00BB "»" */
    0x9, 0x22, 0x90, 0x0, 0x6c, 0xb, 0x60, 0x0,
    0xd6, 0x3f, 0x10, 0x6, 0xe0, 0xba, 0x0, 0xb9,
    0x1f, 0x40, 0x3e, 0x9, 0x90, 0xc, 0x42, 0xe1,
    0x0,

    /* U+00BC "¼" */
    0x0, 0x72, 0x0, 0x0, 0x8, 0x10, 0x9, 0xf4,
    0x0, 0x0, 0x7a, 0x0, 0x26, 0xb4, 0x0, 0x2,
    0xd1, 0x0, 0x0, 0xb4, 0x0, 0xb, 0x50, 0x0,
    0x0, 0xb4, 0x0, 0x6a, 0x0, 0x0, 0x0, 0xb4,
    0x1, 0xd1, 0x0, 0x0, 0x0, 0x0, 0xb, 0x50,
    0x4, 0x80, 0x0, 0x0, 0x5b, 0x0, 0x1e, 0xc0,
    0x0, 0x1, 0xd1, 0x0, 0xba, 0xc0, 0x0, 0xa,
    0x60, 0x7, 0xa3, 0xc0, 0x0, 0x4c, 0x0, 0xc,
    0xcd, 0xf5, 0x0, 0xd2, 0x0, 0x0, 0x3, 0xc0,

    /* U+00BD "½" */
    0x2, 0xd4, 0x0, 0x0, 0x4c, 0x0, 0x3c, 0xd4,
    0x0, 0x0, 0xd2, 0x0, 0x0, 0xb4, 0x0, 0x9,
    0x70, 0x0, 0x0, 0xb4, 0x0, 0x4c, 0x0, 0x0,
    0x0, 0xb4, 0x1, 0xd2, 0x0, 0x0, 0x0, 0x0,
    0xa, 0x61, 0xce, 0xa0, 0x0, 0x0, 0x5b, 0x6,
    0x70, 0xc5, 0x0, 0x1, 0xd2, 0x0, 0x1, 0xe3,
    0x0, 0xa, 0x60, 0x0, 0x1d, 0x70, 0x0, 0x5b,
    0x0, 0x1, 0xd6, 0x0, 0x1, 0xd1, 0x0, 0x9,
    0xff, 0xf6, 0x0, 0x10, 0x0, 0x1, 0x22, 0x20,

    /* U+00BE "¾" */
    0x2c, 0xea, 0x0, 0x0, 0x1d, 0x10, 0x44, 0x1f,
    0x10, 0x0, 0xb5, 0x0, 0x0, 0xdb, 0x0, 0x6,
    0xa0, 0x0, 0x43, 0xc, 0x50, 0x2d, 0x10, 0x0,
    0x3c, 0xda, 0x10, 0xc4, 0x0, 0x0, 0x0, 0x0,
    0x7, 0x90, 0x7, 0xc0, 0x0, 0x0, 0x3d, 0x0,
    0x2f, 0xc0, 0x0, 0x0, 0xd3, 0x0, 0xc8, 0xc0,
    0x0, 0x9, 0x80, 0x8, 0x93, 0xc0, 0x0, 0x4c,
    0x0, 0xc, 0xcd, 0xf5, 0x0, 0xd2, 0x0, 0x0,
    0x3, 0xc0,

    /* U+00BF "¿" */
    0x0, 0x6f, 0x0, 0x0, 0x3, 0x80, 0x0, 0x0,
    0x15, 0x0, 0x0, 0x5, 0xd0, 0x0, 0x0, 0xba,
    0x0, 0x0, 0x9e, 0x20, 0x0, 0x7e, 0x20, 0x0,
    0xd, 0x70, 0x0, 0x21, 0xd7, 0x0, 0xe, 0x67,
    0xe4, 0x29, 0xe1, 0x7, 0xdf, 0xc3, 0x0,

    /* U+00C0 "À" */
    0x0, 0x0, 0x8e, 0x0, 0x0, 0x0, 0x0, 0x0,
    0xc6, 0x0, 0x0, 0x0, 0x0, 0x0, 0x0, 0x0,
    0x0, 0x0, 0x5, 0xf6, 0x0, 0x0, 0x0, 0x0,
    0xbd, 0xc0, 0x0, 0x0, 0x0, 0x1f, 0x5f, 0x20,
    0x0, 0x0, 0x6, 0xf0, 0xd8, 0x0, 0x0, 0x0,
    0xba, 0x8, 0xe0, 0x0, 0x0, 0x1f, 0x50, 0x3f,
    0x40, 0x0, 0x7, 0xf0, 0x0, 0xea, 0x0, 0x0,
    0xcf, 0xff, 0xff, 0xf1, 0x0, 0x2f, 0x72, 0x22,
    0x4f, 0x60, 0x7, 0xe0, 0x0, 0x0, 0xcc, 0x0,
    0xd9, 0x0, 0x0, 0x5, 0xf2,

    /* U+00C1 "Á" */
    0x0, 0x0, 0x9, 0xd0, 0x0, 0x0, 0x0, 0x1,
    0xe2, 0x0, 0x0, 0x0, 0x0, 0x0, 0x0, 0x0,
    0x0, 0x0, 0x5, 0xf6, 0x0, 0x0, 0x0, 0x0,
    0xbd, 0xc0, 0x0, 0x0, 0x0, 0x1f, 0x5f, 0x20,
    0x0, 0x0, 0x6, 0xf0, 0xd8, 0x0, 0x0, 0x0,
    0xba, 0x8, 0xe0, 0x0, 0x0, 0x1f, 0x50, 0x3f,
    0x40, 0x0, 0x7, 0xf0, 0x0, 0xea, 0x0, 0x0,
    0xcf, 0xff, 0xff, 0xf1, 0x0, 0x2f, 0x72, 0x22,
    0x4f, 0x60, 0x7, 0xe0, 0x0, 0x0, 0xcc, 0x0,
    0xd9, 0x0, 0x0, 0x5, 0xf2,

    /* U+00C2 "Â" */
    0x0, 0x0, 0x28, 0x20, 0x0, 0x0, 0x0, 0xd,
    0xad, 0x0, 0x0, 0x0, 0x3, 0x70, 0x63, 0x0,
    0x0, 0x0, 0x5, 0xf6, 0x0, 0x0, 0x0, 0x0,
    0xbd, 0xc0, 0x0, 0x0, 0x0, 0x1f, 0x5f, 0x20,
    0x0, 0x0, 0x6, 0xf0, 0xd8, 0x0, 0x0, 0x0,
    0xba, 0x8, 0xe0, 0x0, 0x0, 0x1f, 0x50, 0x3f,
    0x40, 0x0, 0x7, 0xf0, 0x0, 0xea, 0x0, 0x0,
    0xcf, 0xff, 0xff, 0xf1, 0x0, 0x2f, 0x72, 0x22,
    0x4f, 0x60, 0x7, 0xe0, 0x0, 0x0, 0xcc, 0x0,
    0xd9, 0x0, 0x0, 0x5, 0xf2,

    /* U+00C3 "Ã" */
    0x0, 0x5, 0xef, 0xeb, 0x0, 0x0, 0x0, 0x10,
    0x1, 0x0, 0x0, 0x0, 0x0, 0x5f, 0x60, 0x0,
    0x0, 0x0, 0xb, 0xdc, 0x0, 0x0, 0x0, 0x1,
    0xf5, 0xf2, 0x0, 0x0, 0x0, 0x6f, 0xd, 0x80,
    0x0, 0x0, 0xb, 0xa0, 0x8e, 0x0, 0x0, 0x1,
    0xf5, 0x3, 0xf4, 0x0, 0x0, 0x7f, 0x0, 0xe,
    0xa0, 0x0, 0xc, 0xff, 0xff, 0xff, 0x10, 0x2,
    0xf7, 0x22, 0x24, 0xf6, 0x0, 0x7e, 0x0, 0x0,
    0xc, 0xc0, 0xd, 0x90, 0x0, 0x0, 0x5f, 0x20,

    /* U+00C4 "Ä" */
    0x0, 0x6, 0xe0, 0xd6, 0x0, 0x0, 0x0, 0x37,
    0x6, 0x30, 0x0, 0x0, 0x0, 0x5f, 0x60, 0x0,
    0x0, 0x0, 0xb, 0xdc, 0x0, 0x0, 0x0, 0x1,
    0xf5, 0xf2, 0x0, 0x0, 0x0, 0x6f, 0xd, 0x80,
    0x0, 0x0, 0xb, 0xa0, 0x8e, 0x0, 0x0, 0x1,
    0xf5, 0x3, 0xf4, 0x0, 0x0, 0x7f, 0x0, 0xe,
    0xa0, 0x0, 0xc, 0xff, 0xff, 0xff, 0x10, 0x2,
    0xf7, 0x22, 0x24, 0xf6, 0x0, 0x7e, 0x0, 0x0,
    0xc, 0xc0, 0xd, 0x90, 0x0, 0x0, 0x5f, 0x20,

    /* U+00C5 "Å" */
    0x0, 0x0, 0x49, 0x40, 0x0, 0x0, 0x0, 0x8,
    0x18, 0x0, 0x0, 0x0, 0x0, 0x6f, 0x80, 0x0,
    0x0, 0x0, 0xb, 0xdc, 0x0, 0x0, 0x0, 0x1,
    0xf5, 0xf2, 0x0, 0x0, 0x0, 0x6f, 0xd, 0x80,
    0x0, 0x0, 0xb, 0xa0, 0x8e, 0x0, 0x0, 0x1,
    0xf5, 0x3, 0xf4, 0x0, 0x0, 0x7f, 0x0, 0xe,
    0xa0, 0x0, 0xc, 0xff, 0xff, 0xff, 0x10, 0x2,
    0xf7, 0x22, 0x24, 0xf6, 0x0, 0x7e, 0x0, 0x0,
    0xc, 0xc0, 0xd, 0x90, 0x0, 0x0, 0x5f, 0x20,

    /* U+00C6 "Æ" */
    0x0, 0x0, 0x6f, 0xff, 0xff, 0xff, 0xf0, 0x0,
    0x0, 0xda, 0x8f, 0x44, 0x44, 0x40, 0x0, 0x4,
    0xf2, 0x5f, 0x0, 0x0, 0x0, 0x0, 0xb, 0xc0,
    0x5f, 0x0, 0x0, 0x0, 0x0, 0x2f, 0x50, 0x5f,
    0x0, 0x0, 0x0, 0x0, 0x9e, 0x0, 0x5f, 0xff,
    0xff, 0xb0, 0x1, 0xf9, 0x0, 0x5f, 0x33, 0x33,
    0x20, 0x7, 0xff, 0xff, 0xff, 0x0, 0x0, 0x0,
    0xe, 0xb3, 0x33, 0x7f, 0x0, 0x0, 0x0, 0x5f,
    0x20, 0x0, 0x5f, 0x44, 0x44, 0x41, 0xca, 0x0,
    0x0, 0x5f, 0xff, 0xff, 0xf3,

    /* U+00C7 "Ç" */
    0x0, 0x19, 0xef, 0xd6, 0x0, 0x1, 0xec, 0x54,
    0x7f, 0x80, 0xa, 0xd0, 0x0, 0x5, 0xf2, 0xf,
    0x50, 0x0, 0x0, 0x50, 0x3f, 0x20, 0x0, 0x0,
    0x0, 0x4f, 0x10, 0x0, 0x0, 0x0, 0x3f, 0x20,
    0x0, 0x0, 0x0, 0xf, 0x60, 0x0, 0x0, 0xc4,
    0xa, 0xd0, 0x0, 0x5, 0xf2, 0x1, 0xec, 0x54,
    0x8f, 0x80, 0x0, 0x2a, 0xff, 0xd6, 0x0, 0x0,
    0x0, 0xaa, 0x0, 0x0, 0x0, 0x0, 0xd, 0x60,
    0x0, 0x0, 0x6, 0xfc, 0x10, 0x0,

    /* U+00C8 "È" */
    0x0, 0x6f, 0x20, 0x0, 0x0, 0x9, 0x80, 0x0,
    0x0, 0x0, 0x0, 0x0, 0xef, 0xff, 0xff, 0xf5,
    0xe9, 0x44, 0x44, 0x41, 0xe7, 0x0, 0x0, 0x0,
    0xe7, 0x0, 0x0, 0x0, 0xe7, 0x0, 0x0, 0x0,
    0xef, 0xff, 0xff, 0xf0, 0xe8, 0x33, 0x33, 0x30,
    0xe7, 0x0, 0x0, 0x0, 0xe7, 0x0, 0x0, 0x0,
    0xe9, 0x44, 0x44, 0x42, 0xef, 0xff, 0xff, 0xf9,

    /* U+00C9 "É" */
    0x0, 0x7, 0xe1, 0x0, 0x0, 0xe, 0x40, 0x0,
    0x0, 0x0, 0x0, 0x0, 0xef, 0xff, 0xff, 0xf5,
    0xe9, 0x44, 0x44, 0x41, 0xe7, 0x0, 0x0, 0x0,
    0xe7, 0x0, 0x0, 0x0, 0xe7, 0x0, 0x0, 0x0,
    0xef, 0xff, 0xff, 0xf0, 0xe8, 0x33, 0x33, 0x30,
    0xe7, 0x0, 0x0, 0x0, 0xe7, 0x0, 0x0, 0x0,
    0xe9, 0x44, 0x44, 0x42, 0xef, 0xff, 0xff, 0xf9,

    /* U+00CA "Ê" */
    0x0, 0x7, 0x50, 0x0, 0x0, 0x9b, 0xe3, 0x0,
    0x1, 0x71, 0x46, 0x0, 0xef, 0xff, 0xff, 0xf5,
    0xe9, 0x44, 0x44, 0x41, 0xe7, 0x0, 0x0, 0x0,
    0xe7, 0x0, 0x0, 0x0, 0xe7, 0x0, 0x0, 0x0,
    0xef, 0xff, 0xff, 0xf0, 0xe8, 0x33, 0x33, 0x30,
    0xe7, 0x0, 0x0, 0x0, 0xe7, 0x0, 0x0, 0x0,
    0xe9, 0x44, 0x44, 0x42, 0xef, 0xff, 0xff, 0xf9,

    /* U+00CB "Ë" */
    0x1, 0xf3, 0x8b, 0x0, 0x0, 0x81, 0x45, 0x0,
    0xef, 0xff, 0xff, 0xf5, 0xe9, 0x44, 0x44, 0x41,
    0xe7, 0x0, 0x0, 0x0, 0xe7, 0x0, 0x0, 0x0,
    0xe7, 0x0, 0x0, 0x0, 0xef, 0xff, 0xff, 0xf0,
    0xe8, 0x33, 0x33, 0x30, 0xe7, 0x0, 0x0, 0x0,
    0xe7, 0x0, 0x0, 0x0, 0xe9, 0x44, 0x44, 0x42,
    0xef, 0xff, 0xff, 0xf9,

    /* U+00CC "Ì" */
    0x4f, 0x30, 0x7a, 0x0, 0x0, 0xba, 0xb, 0xa0,
    0xba, 0xb, 0xa0, 0xba, 0xb, 0xa0, 0xba, 0xb,
    0xa0, 0xba, 0xb, 0xa0, 0xba,

    /* U+00CD "Í" */
    0x5, 0xf2, 0xc, 0x60, 0x0, 0x0, 0xb, 0xa0,
    0xb, 0xa0, 0xb, 0xa0, 0xb, 0xa0, 0xb, 0xa0,
    0xb, 0xa0, 0xb, 0xa0, 0xb, 0xa0, 0xb, 0xa0,
    0xb, 0xa0, 0xb, 0xa0,

    /* U+00CE "Î" */
    0x0, 0x76, 0x0, 0x7, 0xcd, 0x50, 0x7, 0x23,
    0x70, 0x0, 0xba, 0x0, 0x0, 0xba, 0x0, 0x0,
    0xba, 0x0, 0x0, 0xba, 0x0, 0x0, 0xba, 0x0,
    0x0, 0xba, 0x0, 0x0, 0xba, 0x0, 0x0, 0xba,
    0x0, 0x0, 0xba, 0x0, 0x0, 0xba, 0x0, 0x0,
    0xba, 0x0,

    /* U+00CF "Ï" */
    0xf5, 0x6d, 0x72, 0x36, 0xb, 0xa0, 0xb, 0xa0,
    0xb, 0xa0, 0xb, 0xa0, 0xb, 0xa0, 0xb, 0xa0,
    0xb, 0xa0, 0xb, 0xa0, 0xb, 0xa0, 0xb, 0xa0,
    0xb, 0xa0,

    /* U+00D0 "Ð" */
    0x0, 0xef, 0xff, 0xfc, 0x40, 0x0, 0xe, 0x94,
    0x45, 0xbf, 0x40, 0x0, 0xe6, 0x0, 0x0, 0xbc,
    0x0, 0xe, 0x60, 0x0, 0x3, 0xf2, 0x0, 0xe6,
    0x0, 0x0, 0xf, 0x40, 0xff, 0xff, 0xf2, 0x0,
    0xf5, 0x0, 0xe6, 0x0, 0x0, 0x1f, 0x40, 0xe,
    0x60, 0x0, 0x4, 0xf1, 0x0, 0xe6, 0x0, 0x0,
    0xbc, 0x0, 0xe, 0x94, 0x45, 0xbf, 0x30, 0x0,
    0xef, 0xff, 0xfb, 0x30, 0x0,

    /* U+00D1 "Ñ" */
    0x0, 0xbf, 0xff, 0x50, 0x0, 0x10, 0x10, 0x0,
    0xfb, 0x0, 0x0, 0x5f, 0xff, 0x50, 0x0, 0x5f,
    0xfe, 0xe0, 0x0, 0x5f, 0xf6, 0xe8, 0x0, 0x5f,
    0xf5, 0x5f, 0x20, 0x5f, 0xf5, 0xb, 0xc0, 0x5f,
    0xf5, 0x2, 0xf6, 0x5f, 0xf5, 0x0, 0x8e, 0x6f,
    0xf5, 0x0, 0xe, 0xdf, 0xf5, 0x0, 0x4, 0xff,
    0xf5, 0x0, 0x0, 0xbf,

    /* U+00D2 "Ò" */
    0x0, 0x1, 0xd9, 0x0, 0x0, 0x0, 0x0, 0x3,
    0xe0, 0x0, 0x0, 0x0, 0x0, 0x0, 0x0, 0x0,
    0x0, 0x1, 0x9e, 0xfd, 0x80, 0x0, 0x1, 0xdd,
    0x64, 0x6e, 0xc0, 0x0, 0xad, 0x0, 0x0, 0x1e,
    0x80, 0xf, 0x50, 0x0, 0x0, 0x7e, 0x3, 0xf2,
    0x0, 0x0, 0x3, 0xf2, 0x4f, 0x10, 0x0, 0x0,
    0x2f, 0x33, 0xf2, 0x0, 0x0, 0x3, 0xf2, 0xf,
    0x60, 0x0, 0x0, 0x7e, 0x0, 0x9e, 0x0, 0x0,
    0x1e, 0x80, 0x1, 0xdd, 0x63, 0x6d, 0xc0, 0x0,
    0x1, 0x8d, 0xfd, 0x80, 0x0,

    /* U+00D3 "Ó" */
    0x0, 0x0, 0xb, 0xc0, 0x0, 0x0, 0x0, 0x2,
    0xe1, 0x0, 0x0, 0x0, 0x0, 0x0, 0x0, 0x0,
    0x0, 0x1, 0x9e, 0xfd, 0x80, 0x0, 0x1, 0xdd,
    0x64, 0x6e, 0xc0, 0x0, 0xad, 0x0, 0x0, 0x1e,
    0x80, 0xf, 0x50, 0x0, 0x0, 0x7e, 0x3, 0xf2,
    0x0, 0x0, 0x3, 0xf2, 0x4f, 0x10, 0x0, 0x0,
    0x2f, 0x33, 0xf2, 0x0, 0x0, 0x3, 0xf2, 0xf,
    0x60, 0x0, 0x0, 0x7e, 0x0, 0x9e, 0x0, 0x0,
    0x1e, 0x80, 0x1, 0xdd, 0x63, 0x6d, 0xc0, 0x0,
    0x1, 0x8d, 0xfd, 0x80, 0x0,

    /* U+00D4 "Ô" */
    0x0, 0x0, 0x38, 0x20, 0x0, 0x0, 0x0, 0x1e,
    0xac, 0x0, 0x0, 0x0, 0x4, 0x60, 0x73, 0x0,
    0x0, 0x1, 0x9e, 0xfd, 0x80, 0x0, 0x1, 0xdd,
    0x64, 0x6e, 0xc0, 0x0, 0xad, 0x0, 0x0, 0x1e,
    0x80, 0xf, 0x50, 0x0, 0x0, 0x7e, 0x3, 0xf2,
    0x0, 0x0, 0x3, 0xf2, 0x4f, 0x10, 0x0, 0x0,
    0x2f, 0x33, 0xf2, 0x0, 0x0, 0x3, 0xf2, 0xf,
    0x60, 0x0, 0x0, 0x7e, 0x0, 0x9e, 0x0, 0x0,
    0x1e, 0x80, 0x1, 0xdd, 0x63, 0x6d, 0xc0, 0x0,
    0x1, 0x8d, 0xfd, 0x80, 0x0,

    /* U+00D5 "Õ" */
    0x0, 0x8, 0xff, 0xf8, 0x0, 0x0, 0x0, 0x10,
    0x1, 0x0, 0x0, 0x0, 0x19, 0xef, 0xd8, 0x0,
    0x0, 0x1d, 0xd6, 0x46, 0xec, 0x0, 0xa, 0xd0,
    0x0, 0x1, 0xe8, 0x0, 0xf5, 0x0, 0x0, 0x7,
    0xe0, 0x3f, 0x20, 0x0, 0x0, 0x3f, 0x24, 0xf1,
    0x0, 0x0, 0x2, 0xf3, 0x3f, 0x20, 0x0, 0x0,
    0x3f, 0x20, 0xf6, 0x0, 0x0, 0x7, 0xe0, 0x9,
    0xe0, 0x0, 0x1, 0xe8, 0x0, 0x1d, 0xd6, 0x36,
    0xdc, 0x0, 0x0, 0x18, 0xdf, 0xd8, 0x0, 0x0,

    /* U+00D6 "Ö" */
    0x0, 0x7, 0xd0, 0xe5, 0x0, 0x0, 0x0, 0x36,
    0x7, 0x20, 0x0, 0x0, 0x19, 0xef, 0xd8, 0x0,
    0x0, 0x1d, 0xd6, 0x46, 0xec, 0x0, 0xa, 0xd0,
    0x0, 0x1, 0xe8, 0x0, 0xf5, 0x0, 0x0, 0x7,
    0xe0, 0x3f, 0x20, 0x0, 0x0, 0x3f, 0x24, 0xf1,
    0x0, 0x0, 0x2, 0xf3, 0x3f, 0x20, 0x0, 0x0,
    0x3f, 0x20, 0xf6, 0x0, 0x0, 0x7, 0xe0, 0x9,
    0xe0, 0x0, 0x1, 0xe8, 0x0, 0x1d, 0xd6, 0x36,
    0xdc, 0x0, 0x0, 0x18, 0xdf, 0xd8, 0x0, 0x0,

    /* U+00D7 "×" */
    0x21, 0x0, 0x3, 0xa, 0xd1, 0xb, 0xc0, 0xc,
    0xca, 0xe1, 0x0, 0x1e, 0xf2, 0x0, 0x8, 0xfe,
    0xa0, 0x7, 0xf3, 0x2e, 0x90, 0x64, 0x0, 0x28,
    0x0,

    /* U+00D8 "Ø" */
    0x0, 0x0, 0x0, 0x0, 0x0, 0x0, 0x1, 0x8d,
    0xfd, 0x81, 0xd2, 0x1, 0xdd, 0x54, 0x6e, 0xf7,
    0x0, 0xad, 0x0, 0x0, 0x9f, 0x80, 0xf, 0x50,
    0x0, 0x6a, 0x7e, 0x3, 0xf1, 0x0, 0x4c, 0x3,
    0xf2, 0x5f, 0x0, 0x2d, 0x10, 0x2f, 0x34, 0xf1,
    0x1d, 0x30, 0x4, 0xf2, 0x1f, 0x6c, 0x50, 0x0,
    0x8e, 0x0, 0xaf, 0x80, 0x0, 0x1f, 0x80, 0x8,
    0xfd, 0x64, 0x6e, 0xc0, 0x3, 0xd1, 0x9e, 0xfd,
    0x70, 0x0, 0x0, 0x0, 0x0, 0x0, 0x0, 0x0,

    /* U+00D9 "Ù" */
    0x0, 0x5f, 0x20, 0x0, 0x0, 0x9, 0x90, 0x0,
    0x0, 0x0, 0x0, 0x0, 0xe6, 0x0, 0x0, 0x5f,
    0xe6, 0x0, 0x0, 0x5f, 0xe6, 0x0, 0x0, 0x5f,
    0xe6, 0x0, 0x0, 0x5f, 0xe6, 0x0, 0x0, 0x5f,
    0xe6, 0x0, 0x0, 0x5f, 0xe6, 0x0, 0x0, 0x5f,
    0xd8, 0x0, 0x0, 0x6e, 0xac, 0x0, 0x0, 0xbb,
    0x3f, 0xb5, 0x5a, 0xf4, 0x4, 0xcf, 0xfc, 0x40,

    /* U+00DA "Ú" */
    0x0, 0x1, 0xf5, 0x0, 0x0, 0x8, 0xa0, 0x0,
    0x0, 0x0, 0x0, 0x0, 0xe6, 0x0, 0x0, 0x5f,
    0xe6, 0x0, 0x0, 0x5f, 0xe6, 0x0, 0x0, 0x5f,
    0xe6, 0x0, 0x0, 0x5f, 0xe6, 0x0, 0x0, 0x5f,
    0xe6, 0x0, 0x0, 0x5f, 0xe6, 0x0, 0x0, 0x5f,
    0xd8, 0x0, 0x0, 0x6e, 0xac, 0x0, 0x0, 0xbb,
    0x3f, 0xb5, 0x5a, 0xf4, 0x4, 0xcf, 0xfc, 0x40,

    /* U+00DB "Û" */
    0x0, 0x6, 0x60, 0x0, 0x0, 0x6d, 0xc6, 0x0,
    0x0, 0x73, 0x27, 0x0, 0xe6, 0x0, 0x0, 0x5f,
    0xe6, 0x0, 0x0, 0x5f, 0xe6, 0x0, 0x0, 0x5f,
    0xe6, 0x0, 0x0, 0x5f, 0xe6, 0x0, 0x0, 0x5f,
    0xe6, 0x0, 0x0, 0x5f, 0xe6, 0x0, 0x0, 0x5f,
    0xd8, 0x0, 0x0, 0x6e, 0xac, 0x0, 0x0, 0xbb,
    0x3f, 0xb5, 0x5a, 0xf4, 0x4, 0xcf, 0xfc, 0x40,

    /* U+00DC "Ü" */
    0x0, 0xe6, 0x5f, 0x0, 0x0, 0x73, 0x27, 0x0,
    0xe6, 0x0, 0x0, 0x5f, 0xe6, 0x0, 0x0, 0x5f,
    0xe6, 0x0, 0x0, 0x5f, 0xe6, 0x0, 0x0, 0x5f,
    0xe6, 0x0, 0x0, 0x5f, 0xe6, 0x0, 0x0, 0x5f,
    0xe6, 0x0, 0x0, 0x5f, 0xd8, 0x0, 0x0, 0x6e,
    0xac, 0x0, 0x0, 0xbb, 0x3f, 0xb5, 0x5a, 0xf4,
    0x4, 0xcf, 0xfc, 0x40,

    /* U+00DD "Ý" */
    0x0, 0x0, 0x8e, 0x10, 0x0, 0x0, 0x0, 0xe3,
    0x0, 0x0, 0x0, 0x0, 0x0, 0x0, 0x0, 0xae,
    0x0, 0x0, 0x9, 0xd0, 0x1f, 0x80, 0x0, 0x3f,
    0x40, 0x6, 0xf2, 0x0, 0xca, 0x0, 0x0, 0xdb,
    0x6, 0xe1, 0x0, 0x0, 0x3f, 0x5e, 0x60, 0x0,
    0x0, 0x9, 0xfc, 0x0, 0x0, 0x0, 0x2, 0xf4,
    0x0, 0x0, 0x0, 0x1, 0xf3, 0x0, 0x0, 0x0,
    0x1, 0xf3, 0x0, 0x0, 0x0, 0x1, 0xf3, 0x0,
    0x0, 0x0, 0x1, 0xf3, 0x0, 0x0,

    /* U+00DE "Þ" */
    0xe6, 0x0, 0x0, 0x0, 0xe6, 0x0, 0x0, 0x0,
    0xef, 0xff, 0xfd, 0x60, 0xe8, 0x33, 0x49, 0xf3,
    0xe6, 0x0, 0x0, 0xd9, 0xe6, 0x0, 0x0, 0xab,
    0xe6, 0x0, 0x0, 0xc9, 0xe6, 0x0, 0x17, 0xf3,
    0xef, 0xff, 0xff, 0x80, 0xe8, 0x33, 0x20, 0x0,
    0xe6, 0x0, 0x0, 0x0,

    /* U+00DF "ß" */
    0x9, 0xfe, 0x80, 0x0, 0x9c, 0x33, 0xe5, 0x0,
    0xd6, 0x0, 0xc6, 0x0, 0xf4, 0x2, 0xf1, 0x0,
    0xf4, 0xa, 0xa0, 0x0, 0xf4, 0xb, 0xb0, 0x0,
    0xf4, 0x3, 0xeb, 0x10, 0xf4, 0x0, 0x1c, 0xc0,
    0xf4, 0x1, 0x3, 0xf1, 0xf4, 0xab, 0x29, 0xd0,
    0xf4, 0x1b, 0xfc, 0x30,

    /* U+00E0 "à" */
    0x0, 0x4f, 0x30, 0x0, 0x0, 0x8, 0xa0, 0x0,
    0x0, 0x0, 0x0, 0x0, 0x3, 0xbf, 0xfb, 0x10,
    0xe, 0x82, 0x3d, 0x90, 0x17, 0x0, 0x7, 0xc0,
    0x0, 0x69, 0xcf, 0xc0, 0x1e, 0xc7, 0x47, 0xc0,
    0x6e, 0x0, 0x9, 0xc0, 0x5f, 0x31, 0x6f, 0xd0,
    0x9, 0xef, 0xb6, 0xf0,

    /* U+00E1 "á" */
    0x0, 0x2, 0xf5, 0x0, 0x0, 0x9, 0x90, 0x0,
    0x0, 0x0, 0x0, 0x0, 0x3, 0xbf, 0xfb, 0x10,
    0xe, 0x82, 0x3d, 0x90, 0x17, 0x0, 0x7, 0xc0,
    0x0, 0x69, 0xcf, 0xc0, 0x1e, 0xc7, 0x47, 0xc0,
    0x6e, 0x0, 0x9, 0xc0, 0x5f, 0x31, 0x6f, 0xd0,
    0x9, 0xef, 0xb6, 0xf0,

    /* U+00E2 "â" */
    0x0, 0x3f, 0xc0, 0x0, 0x0, 0xd8, 0xc8, 0x0,
    0x0, 0x20, 0x12, 0x0, 0x3, 0xbf, 0xfb, 0x10,
    0xe, 0x82, 0x3d, 0x90, 0x17, 0x0, 0x7, 0xc0,
    0x0, 0x69, 0xcf, 0xc0, 0x1e, 0xc7, 0x47, 0xc0,
    0x6e, 0x0, 0x9, 0xc0, 0x5f, 0x31, 0x6f, 0xd0,
    0x9, 0xef, 0xb6, 0xf0,

    /* U+00E3 "ã" */
    0x0, 0xdb, 0x1d, 0x10, 0x5, 0x94, 0xeb, 0x0,
    0x0, 0x0, 0x0, 0x0, 0x3, 0xbf, 0xfb, 0x10,
    0xe, 0x82, 0x3d, 0x90, 0x17, 0x0, 0x7, 0xc0,
    0x0, 0x69, 0xcf, 0xc0, 0x1e, 0xc7, 0x47, 0xc0,
    0x6e, 0x0, 0x9, 0xc0, 0x5f, 0x31, 0x6f, 0xd0,
    0x9, 0xef, 0xb6, 0xf0,

    /* U+00E4 "ä" */
    0x1, 0xf3, 0x8c, 0x0, 0x0, 0x81, 0x46, 0x0,
    0x0, 0x0, 0x0, 0x0, 0x3, 0xbf, 0xfb, 0x10,
    0xe, 0x82, 0x3d, 0x90, 0x17, 0x0, 0x7, 0xc0,
    0x0, 0x69, 0xcf, 0xc0, 0x1e, 0xc7, 0x47, 0xc0,
    0x6e, 0x0, 0x9, 0xc0, 0x5f, 0x31, 0x6f, 0xd0,
    0x9, 0xef, 0xb6, 0xf0,

    /* U+00E5 "å" */
    0x0, 0x1a, 0x90, 0x0, 0x0, 0x53, 0x70, 0x0,
    0x0, 0x9, 0x70, 0x0, 0x3, 0xbf, 0xfb, 0x10,
    0xe, 0x82, 0x3d, 0x90, 0x17, 0x0, 0x7, 0xc0,
    0x0, 0x69, 0xcf, 0xc0, 0x1e, 0xc7, 0x47, 0xc0,
    0x6e, 0x0, 0x9, 0xc0, 0x5f, 0x31, 0x6f, 0xd0,
    0x9, 0xef, 0xb6, 0xf0,

    /* U+00E6 "æ" */
    0x4, 0xcf, 0xea, 0x3c, 0xfd, 0x60, 0x1f, 0x72,
    0x3e, 0xf7, 0x24, 0xe4, 0x15, 0x0, 0xa, 0xc0,
    0x0, 0x8b, 0x2, 0x9c, 0xff, 0xff, 0xff, 0xfd,
    0x2f, 0x94, 0x19, 0xb2, 0x22, 0x21, 0x7d, 0x0,
    0xc, 0xc0, 0x0, 0x78, 0x5f, 0x42, 0x8d, 0xe8,
    0x15, 0xf5, 0x9, 0xee, 0xa1, 0x3c, 0xfd, 0x60,

    /* U+00E7 "ç" */
    0x1, 0xaf, 0xe8, 0x0, 0xdb, 0x24, 0xe6, 0x3f,
    0x10, 0x5, 0x56, 0xd0, 0x0, 0x0, 0x6d, 0x0,
    0x0, 0x3, 0xf1, 0x0, 0x7a, 0xc, 0xa2, 0x4e,
    0x60, 0x2b, 0xfe, 0x70, 0x0, 0x1e, 0x60, 0x0,
    0x0, 0x3f, 0x0, 0x0, 0xce, 0x70, 0x0,

    /* U+00E8 "è" */
    0x0, 0x7f, 0x0, 0x0, 0x0, 0xb, 0x60, 0x0,
    0x0, 0x0, 0x0, 0x0, 0x1, 0xaf, 0xe8, 0x0,
    0xc, 0xa2, 0x3c, 0x90, 0x3f, 0x0, 0x3, 0xf0,
    0x6f, 0xff, 0xff, 0xf2, 0x6e, 0x22, 0x22, 0x20,
    0x4f, 0x10, 0x3, 0xa0, 0xd, 0xc2, 0x3d, 0xa0,
    0x1, 0xbf, 0xe9, 0x0,

    /* U+00E9 "é" */
    0x0, 0x2, 0xf5, 0x0, 0x0, 0x9, 0x90, 0x0,
    0x0, 0x0, 0x0, 0x0, 0x1, 0xaf, 0xe8, 0x0,
    0xc, 0xa2, 0x3c, 0x90, 0x3f, 0x0, 0x3, 0xf0,
    0x6f, 0xff, 0xff, 0xf2, 0x6e, 0x22, 0x22, 0x20,
    0x4f, 0x10, 0x3, 0xa0, 0xd, 0xc2, 0x3d, 0xa0,
    0x1, 0xbf, 0xe9, 0x0,

    /* U+00EA "ê" */
    0x0, 0x3f, 0xc0, 0x0, 0x0, 0xd8, 0xc8, 0x0,
    0x0, 0x20, 0x12, 0x0, 0x1, 0xaf, 0xe8, 0x0,
    0xc, 0xa2, 0x3c, 0x90, 0x3f, 0x0, 0x3, 0xf0,
    0x6f, 0xff, 0xff, 0xf2, 0x6e, 0x22, 0x22, 0x20,
    0x4f, 0x10, 0x3, 0xa0, 0xd, 0xc2, 0x3d, 0xa0,
    0x1, 0xbf, 0xe9, 0x0,

    /* U+00EB "ë" */
    0x1, 0xf3, 0x8c, 0x0, 0x0, 0x81, 0x46, 0x0,
    0x0, 0x0, 0x0, 0x0, 0x1, 0xaf, 0xe8, 0x0,
    0xc, 0xa2, 0x3c, 0x90, 0x3f, 0x0, 0x3, 0xf0,
    0x6f, 0xff, 0xff, 0xf2, 0x6e, 0x22, 0x22, 0x20,
    0x4f, 0x10, 0x3, 0xa0, 0xd, 0xc2, 0x3d, 0xa0,
    0x1, 0xbf, 0xe9, 0x0,

    /* U+00EC "ì" */
    0x6f, 0x20, 0x98, 0x0, 0x0, 0xa9, 0xa, 0x90,
    0xa9, 0xa, 0x90, 0xa9, 0xa, 0x90, 0xa9, 0xa,
    0x90,

    /* U+00ED "í" */
    0x1f, 0x77, 0xb0, 0x0, 0xa, 0x90, 0xa9, 0xa,
    0x90, 0xa9, 0xa, 0x90, 0xa9, 0xa, 0x90, 0xa9,
    0x0,

    /* U+00EE "î" */
    0x1, 0xee, 0x10, 0xb, 0xa8, 0xc0, 0x0, 0x0,
    0x0, 0x0, 0xa9, 0x0, 0x0, 0xa9, 0x0, 0x0,
    0xa9, 0x0, 0x0, 0xa9, 0x0, 0x0, 0xa9, 0x0,
    0x0, 0xa9, 0x0, 0x0, 0xa9, 0x0, 0x0, 0xa9,
    0x0,

    /* U+00EF "ï" */
    0xf5, 0x6e, 0x72, 0x37, 0x0, 0x0, 0xa, 0x90,
    0xa, 0x90, 0xa, 0x90, 0xa, 0x90, 0xa, 0x90,
    0xa, 0x90, 0xa, 0x90, 0xa, 0x90,

    /* U+00F0 "ð" */
    0x0, 0x5e, 0x6c, 0x10, 0x0, 0x4d, 0xf4, 0x0,
    0x0, 0x92, 0x7c, 0x0, 0x2, 0xcf, 0xdf, 0x50,
    0xd, 0xa1, 0x3d, 0xc0, 0x4f, 0x0, 0x5, 0xf0,
    0x6c, 0x0, 0x1, 0xf2, 0x7c, 0x0, 0x1, 0xf2,
    0x4f, 0x10, 0x5, 0xf0, 0xd, 0xb2, 0x4e, 0x70,
    0x1, 0xbf, 0xe8, 0x0,

    /* U+00F1 "ñ" */
    0x0, 0xad, 0x39, 0x40, 0x2c, 0x2d, 0xe0, 0x0,
    0x10, 0x0, 0x1, 0xf6, 0xdf, 0xb1, 0x1f, 0xc1,
    0x1c, 0x91, 0xf4, 0x0, 0x7c, 0x1f, 0x20, 0x6,
    0xd1, 0xf2, 0x0, 0x6d, 0x1f, 0x20, 0x6, 0xd1,
    0xf2, 0x0, 0x6d, 0x1f, 0x20, 0x6, 0xd0,

    /* U+00F2 "ò" */
    0x0, 0x7f, 0x0, 0x0, 0x0, 0xb, 0x70, 0x0,
    0x0, 0x0, 0x0, 0x0, 0x1, 0xae, 0xe9, 0x0,
    0xd, 0xb2, 0x4d, 0x90, 0x5f, 0x0, 0x4, 0xf0,
    0x7c, 0x0, 0x0, 0xf3, 0x7c, 0x0, 0x1, 0xf3,
    0x4f, 0x0, 0x4, 0xf1, 0xd, 0xa2, 0x3d, 0xa0,
    0x2, 0xbf, 0xe8, 0x0,

    /* U+00F3 "ó" */
    0x0, 0x2, 0xf5, 0x0, 0x0, 0x9, 0x90, 0x0,
    0x0, 0x0, 0x0, 0x0, 0x1, 0xae, 0xe9, 0x0,
    0xd, 0xb2, 0x4d, 0x90, 0x5f, 0x0, 0x4, 0xf0,
    0x7c, 0x0, 0x0, 0xf3, 0x7c, 0x0, 0x1, 0xf3,
    0x4f, 0x0, 0x4, 0xf1, 0xd, 0xa2, 0x3d, 0xa0,
    0x2, 0xbf, 0xe8, 0x0,

    /* U+00F4 "ô" */
    0x0, 0x3f, 0xd0, 0x0, 0x0, 0xd8, 0xc8, 0x0,
    0x0, 0x20, 0x12, 0x0, 0x1, 0xae, 0xe9, 0x0,
    0xd, 0xb2, 0x4d, 0x90, 0x5f, 0x0, 0x4, 0xf0,
    0x7c, 0x0, 0x0, 0xf3, 0x7c, 0x0, 0x1, 0xf3,
    0x4f, 0x0, 0x4, 0xf1, 0xd, 0xa2, 0x3d, 0xa0,
    0x2, 0xbf, 0xe8, 0x0,

    /* U+00F5 "õ" */
    0x0, 0xdc, 0x1d, 0x10, 0x5, 0x94, 0xeb, 0x0,
    0x0, 0x0, 0x0, 0x0, 0x1, 0xae, 0xe9, 0x0,
    0xd, 0xb2, 0x4d, 0x90, 0x5f, 0x0, 0x4, 0xf0,
    0x7c, 0x0, 0x0, 0xf3, 0x7c, 0x0, 0x1, 0xf3,
    0x4f, 0x0, 0x4, 0xf1, 0xd, 0xa2, 0x3d, 0xa0,
    0x2, 0xbf, 0xe8, 0x0,

    /* U+00F6 "ö" */
    0x0, 0xf3, 0x8c, 0x0, 0x0, 0x81, 0x46, 0x0,
    0x0, 0x0, 0x0, 0x0, 0x1, 0xae, 0xe9, 0x0,
    0xd, 0xb2, 0x4d, 0x90, 0x5f, 0x0, 0x4, 0xf0,
    0x7c, 0x0, 0x0, 0xf3, 0x7c, 0x0, 0x1, 0xf3,
    0x4f, 0x0, 0x4, 0xf1, 0xd, 0xa2, 0x3d, 0xa0,
    0x2, 0xbf, 0xe8, 0x0,

    /* U+00F7 "÷" */
    0x0, 0xd, 0x80, 0x0, 0x0, 0x7, 0x40, 0x0,
    0x7f, 0xff, 0xff, 0xf2, 0x13, 0x33, 0x33, 0x30,
    0x0, 0x7, 0x40, 0x0, 0x0, 0xd, 0x80, 0x0,

    /* U+00F8 "ø" */
    0x0, 0x0, 0x0, 0x0, 0x0, 0x7d, 0xfb, 0xb5,
    0x8, 0xe5, 0x2b, 0xf1, 0xe, 0x60, 0x2c, 0xd7,
    0x1f, 0x30, 0xc2, 0x99, 0x1f, 0x28, 0x70, 0xaa,
    0xe, 0xab, 0x0, 0xd7, 0x7, 0xf6, 0x29, 0xf1,
    0xb, 0x9e, 0xfb, 0x30, 0x2, 0x0, 0x0, 0x0,

    /* U+00F9 "ù" */
    0x0, 0x3f, 0x40, 0x0, 0x0, 0x7b, 0x0, 0x0,
    0x0, 0x0, 0x1, 0xf2, 0x0, 0x7c, 0x1f, 0x20,
    0x7, 0xc1, 0xf2, 0x0, 0x7c, 0x1f, 0x20, 0x7,
    0xc1, 0xf2, 0x0, 0x7c, 0x1f, 0x20, 0x9, 0xc0,
    0xda, 0x26, 0xec, 0x4, 0xdf, 0xb6, 0xc0,

    /* U+00FA "ú" */
    0x0, 0x3, 0xf4, 0x0, 0x0, 0xa8, 0x0, 0x0,
    0x0, 0x0, 0x1, 0xf2, 0x0, 0x7c, 0x1f, 0x20,
    0x7, 0xc1, 0xf2, 0x0, 0x7c, 0x1f, 0x20, 0x7,
    0xc1, 0xf2, 0x0, 0x7c, 0x1f, 0x20, 0x9, 0xc0,
    0xda, 0x26, 0xec, 0x4, 0xdf, 0xb6, 0xc0,

    /* U+00FB "û" */
    0x0, 0x3f, 0xc0, 0x0, 0xd, 0x6b, 0x90, 0x0,
    0x0, 0x0, 0x1, 0xf2, 0x0, 0x7c, 0x1f, 0x20,
    0x7, 0xc1, 0xf2, 0x0, 0x7c, 0x1f, 0x20, 0x7,
    0xc1, 0xf2, 0x0, 0x7c, 0x1f, 0x20, 0x9, 0xc0,
    0xda, 0x26, 0xec, 0x4, 0xdf, 0xb6, 0xc0,

    /* U+00FC "ü" */
    0x1, 0xf3, 0x8c, 0x0, 0x8, 0x14, 0x60, 0x0,
    0x0, 0x0, 0x1, 0xf2, 0x0, 0x7c, 0x1f, 0x20,
    0x7, 0xc1, 0xf2, 0x0, 0x7c, 0x1f, 0x20, 0x7,
    0xc1, 0xf2, 0x0, 0x7c, 0x1f, 0x20, 0x9, 0xc0,
    0xda, 0x26, 0xec, 0x4, 0xdf, 0xb6, 0xc0,

    /* U+00FD "ý" */
    0x0, 0x7, 0xe1, 0x0, 0x0, 0xd4, 0x0, 0x0,
    0x0, 0x0, 0x9, 0xb0, 0x0, 0x8b, 0x4f, 0x10,
    0xd, 0x50, 0xe6, 0x3, 0xf0, 0x8, 0xb0, 0x8a,
    0x0, 0x3f, 0x1e, 0x40, 0x0, 0xd8, 0xe0, 0x0,
    0x7, 0xf9, 0x0, 0x0, 0x2f, 0x40, 0x0, 0x3,
    0xe0, 0x0, 0x15, 0xc8, 0x0, 0x2, 0xfc, 0x0,
    0x0,

    /* U+00FE "þ" */
    0x1f, 0x20, 0x0, 0x0, 0x1f, 0x20, 0x0, 0x0,
    0x1f, 0x20, 0x0, 0x0, 0x1f, 0x7d, 0xf9, 0x0,
    0x1f, 0xd3, 0x2d, 0x90, 0x1f, 0x50, 0x4, 0xf0,
    0x1f, 0x10, 0x1, 0xf2, 0x1f, 0x10, 0x1, 0xf2,
    0x1f, 0x40, 0x4, 0xf0, 0x1f, 0xd3, 0x3d, 0x80,
    0x1f, 0x8e, 0xe8, 0x0, 0x1f, 0x20, 0x0, 0x0,
    0x1f, 0x20, 0x0, 0x0, 0x1f, 0x20, 0x0, 0x0,

    /* U+00FF "ÿ" */
    0x5, 0xf0, 0xc8, 0x0, 0x27, 0x6, 0x40, 0x0,
    0x0, 0x0, 0x9, 0xb0, 0x0, 0x8b, 0x4f, 0x10,
    0xd, 0x50, 0xe6, 0x3, 0xf0, 0x8, 0xb0, 0x8a,
    0x0, 0x3f, 0x1e, 0x40, 0x0, 0xd8, 0xe0, 0x0,
    0x7, 0xf9, 0x0, 0x0, 0x2f, 0x40, 0x0, 0x3,
    0xe0, 0x0, 0x15, 0xc8, 0x0, 0x2, 0xfc, 0x0,
    0x0,

    /* U+0100 "Ā" */
    0x0, 0x8, 0xff, 0xfa, 0x0, 0x0, 0x0, 0x12,
    0x22, 0x10, 0x0, 0x0, 0x0, 0x5f, 0x60, 0x0,
    0x0, 0x0, 0xb, 0xdc, 0x0, 0x0, 0x0, 0x1,
    0xf5, 0xf2, 0x0, 0x0, 0x0, 0x6f, 0xd, 0x80,
    0x0, 0x0, 0xb, 0xa0, 0x8e, 0x0, 0x0, 0x1,
    0xf5, 0x3, 0xf4, 0x0, 0x0, 0x7f, 0x0, 0xe,
    0xa0, 0x0, 0xc, 0xff, 0xff, 0xff, 0x10, 0x2,
    0xf7, 0x22, 0x24, 0xf6, 0x0, 0x7e, 0x0, 0x0,
    0xc, 0xc0, 0xd, 0x90, 0x0, 0x0, 0x5f, 0x20,

    /* U+0101 "ā" */
    0x1, 0xff, 0xff, 0x20, 0x0, 0x22, 0x22, 0x0,
    0x3, 0xbf, 0xfb, 0x10, 0xe, 0x82, 0x3d, 0x90,
    0x17, 0x0, 0x7, 0xc0, 0x0, 0x69, 0xcf, 0xc0,
    0x1e, 0xc7, 0x47, 0xc0, 0x6e, 0x0, 0x9, 0xc0,
    0x5f, 0x31, 0x6f, 0xd0, 0x9, 0xef, 0xb6, 0xf0,

    /* U+0102 "Ă" */
    0x0, 0x2, 0x40, 0x14, 0x0, 0x0, 0x0, 0x2c,
    0x8, 0x60, 0x0, 0x0, 0x0, 0x7e, 0xb0, 0x0,
    0x0, 0x0, 0x5, 0xf6, 0x0, 0x0, 0x0, 0x0,
    0xbd, 0xc0, 0x0, 0x0, 0x0, 0x1f, 0x5f, 0x20,
    0x0, 0x0, 0x6, 0xf0, 0xd8, 0x0, 0x0, 0x0,
    0xba, 0x8, 0xe0, 0x0, 0x0, 0x1f, 0x50, 0x3f,
    0x40, 0x0, 0x7, 0xf0, 0x0, 0xea, 0x0, 0x0,
    0xcf, 0xff, 0xff, 0xf1, 0x0, 0x2f, 0x72, 0x22,
    0x4f, 0x60, 0x7, 0xe0, 0x0, 0x0, 0xcc, 0x0,
    0xd9, 0x0, 0x0, 0x5, 0xf2,

    /* U+0103 "ă" */
    0x0, 0xd2, 0x1d, 0x0, 0x0, 0x4d, 0xd4, 0x0,
    0x0, 0x0, 0x0, 0x0, 0x3, 0xbf, 0xfb, 0x10,
    0xe, 0x82, 0x3d, 0x90, 0x17, 0x0, 0x7, 0xc0,
    0x0, 0x69, 0xcf, 0xc0, 0x1e, 0xc7, 0x47, 0xc0,
    0x6e, 0x0, 0x9, 0xc0, 0x5f, 0x31, 0x6f, 0xd0,
    0x9, 0xef, 0xb6, 0xf0,

    /* U+0104 "Ą" */
    0x0, 0x0, 0x5f, 0x60, 0x0, 0x0, 0x0, 0xb,
    0xbc, 0x0, 0x0, 0x0, 0x1, 0xf2, 0xf2, 0x0,
    0x0, 0x0, 0x6c, 0xa, 0x80, 0x0, 0x0, 0xb,
    0x60, 0x4e, 0x0, 0x0, 0x1, 0xf1, 0x0, 0xe4,
    0x0, 0x0, 0x7f, 0xff, 0xff, 0xa0, 0x0, 0xc,
    0x72, 0x22, 0x5f, 0x10, 0x2, 0xf1, 0x0, 0x0,
    0xe6, 0x0, 0x7d, 0x0, 0x0, 0x9, 0xc0, 0xd,
    0x80, 0x0, 0x0, 0x4f, 0x20, 0x0, 0x0, 0x0,
    0x6, 0x70, 0x0, 0x0, 0x0, 0x0, 0xd4, 0x0,
    0x0, 0x0, 0x0, 0x9, 0xf5,

    /* U+0105 "ą" */
    0x3, 0xbf, 0xfb, 0x10, 0xe, 0x82, 0x3d, 0x90,
    0x17, 0x0, 0x7, 0xc0, 0x0, 0x69, 0xcf, 0xc0,
    0x1e, 0xc7, 0x47, 0xc0, 0x6e, 0x0, 0x9, 0xc0,
    0x5f, 0x31, 0x6f, 0xd0, 0x9, 0xef, 0xb6, 0xf0,
    0x0, 0x0, 0x7, 0x60, 0x0, 0x0, 0xd, 0x40,
    0x0, 0x0, 0x8, 0xf5,

    /* U+0106 "Ć" */
    0x0, 0x0, 0xc, 0xb0, 0x0, 0x0, 0x0, 0x3e,
    0x10, 0x0, 0x0, 0x0, 0x0, 0x0, 0x0, 0x0,
    0x19, 0xef, 0xd6, 0x0, 0x1, 0xec, 0x54, 0x7f,
    0x80, 0xa, 0xd0, 0x0, 0x5, 0xf2, 0xf, 0x50,
    0x0, 0x0, 0x50, 0x3f, 0x20, 0x0, 0x0, 0x0,
    0x4f, 0x10, 0x0, 0x0, 0x0, 0x3f, 0x20, 0x0,
    0x0, 0x0, 0xf, 0x60, 0x0, 0x0, 0xc4, 0xa,
    0xd0, 0x0, 0x5, 0xf2, 0x1, 0xec, 0x54, 0x8f,
    0x80, 0x0, 0x2a, 0xef, 0xd6, 0x0,

    /* U+0107 "ć" */
    0x0, 0x6, 0xe1, 0x0, 0x0, 0xd5, 0x0, 0x0,
    0x0, 0x0, 0x0, 0x1a, 0xfe, 0x80, 0xd, 0xb2,
    0x4e, 0x63, 0xf1, 0x0, 0x55, 0x6d, 0x0, 0x0,
    0x6, 0xd0, 0x0, 0x0, 0x3f, 0x10, 0x7, 0xa0,
    0xca, 0x24, 0xe6, 0x2, 0xbf, 0xe7, 0x0,

    /* U+0108 "Ĉ" */
    0x0, 0x0, 0x47, 0x0, 0x0, 0x0, 0x2, 0xfa,
    0xa0, 0x0, 0x0, 0x5, 0x50, 0x72, 0x0, 0x0,
    0x19, 0xef, 0xd6, 0x0, 0x1, 0xec, 0x54, 0x7f,
    0x80, 0xa, 0xd0, 0x0, 0x5, 0xf2, 0xf, 0x50,
    0x0, 0x0, 0x50, 0x3f, 0x20, 0x0, 0x0, 0x0,
    0x4f, 0x10, 0x0, 0x0, 0x0, 0x3f, 0x20, 0x0,
    0x0, 0x0, 0xf, 0x60, 0x0, 0x0, 0xc4, 0xa,
    0xd0, 0x0, 0x5, 0xf2, 0x1, 0xec, 0x54, 0x8f,
    0x80, 0x0, 0x2a, 0xef, 0xd6, 0x0,

    /* U+0109 "ĉ" */
    0x0, 0x1e, 0xe1, 0x0, 0xa, 0xb9, 0xb0, 0x0,
    0x20, 0x2, 0x0, 0x1a, 0xfe, 0x80, 0xd, 0xb2,
    0x4e, 0x63, 0xf1, 0x0, 0x55, 0x6d, 0x0, 0x0,
    0x6, 0xd0, 0x0, 0x0, 0x3f, 0x10, 0x7, 0xa0,
    0xca, 0x24, 0xe6, 0x2, 0xbf, 0xe7, 0x0,

    /* U+010A "Ċ" */
    0x0, 0x0, 0x4a, 0x0, 0x0, 0x0, 0x0, 0x7f,
    0x0, 0x0, 0x0, 0x0, 0x0, 0x0, 0x0, 0x0,
    0x19, 0xef, 0xd6, 0x0, 0x1, 0xec, 0x54, 0x7f,
    0x80, 0xa, 0xd0, 0x0, 0x5, 0xf2, 0xf, 0x50,
    0x0, 0x0, 0x50, 0x3f, 0x20, 0x0, 0x0, 0x0,
    0x4f, 0x10, 0x0, 0x0, 0x0, 0x3f, 0x20, 0x0,
    0x0, 0x0, 0xf, 0x60, 0x0, 0x0, 0xc4, 0xa,
    0xd0, 0x0, 0x5, 0xf2, 0x1, 0xec, 0x54, 0x8f,
    0x80, 0x0, 0x2a, 0xef, 0xd6, 0x0,

    /* U+010B "ċ" */
    0x0, 0xc, 0xb0, 0x0, 0x0, 0x87, 0x0, 0x0,
    0x0, 0x0, 0x0, 0x1a, 0xfe, 0x80, 0xd, 0xb2,
    0x4e, 0x63, 0xf1, 0x0, 0x55, 0x6d, 0x0, 0x0,
    0x6, 0xd0, 0x0, 0x0, 0x3f, 0x10, 0x7, 0xa0,
    0xca, 0x24, 0xe6, 0x2, 0xbf, 0xe7, 0x0,

    /* U+010C "Č" */
    0x0, 0x4, 0x60, 0x72, 0x0, 0x0, 0x1, 0xea,
    0xc0, 0x0, 0x0, 0x0, 0x38, 0x10, 0x0, 0x0,
    0x19, 0xef, 0xd6, 0x0, 0x1, 0xec, 0x54, 0x7f,
    0x80, 0xa, 0xd0, 0x0, 0x5, 0xf2, 0xf, 0x50,
    0x0, 0x0, 0x50, 0x3f, 0x20, 0x0, 0x0, 0x0,
    0x4f, 0x10, 0x0, 0x0, 0x0, 0x3f, 0x20, 0x0,
    0x0, 0x0, 0xf, 0x60, 0x0, 0x0, 0xc4, 0xa,
    0xd0, 0x0, 0x5, 0xf2, 0x1, 0xec, 0x54, 0x8f,
    0x80, 0x0, 0x2a, 0xef, 0xd6, 0x0,

    /* U+010D "č" */
    0x1, 0xe5, 0xba, 0x0, 0x5, 0xfd, 0x0, 0x0,
    0x2, 0x10, 0x0, 0x1a, 0xfe, 0x80, 0xd, 0xb2,
    0x4e, 0x63, 0xf1, 0x0, 0x55, 0x6d, 0x0, 0x0,
    0x6, 0xd0, 0x0, 0x0, 0x3f, 0x10, 0x7, 0xa0,
    0xca, 0x24, 0xe6, 0x2, 0xbf, 0xe7, 0x0,

    /* U+010E "Ď" */
    0x5, 0x50, 0x72, 0x0, 0x0, 0x2f, 0xaa, 0x0,
    0x0, 0x0, 0x47, 0x0, 0x0, 0xe, 0xff, 0xff,
    0xc4, 0x0, 0xe9, 0x44, 0x5a, 0xf4, 0xe, 0x60,
    0x0, 0xb, 0xc0, 0xe6, 0x0, 0x0, 0x4f, 0x2e,
    0x60, 0x0, 0x1, 0xf4, 0xe6, 0x0, 0x0, 0xf,
    0x5e, 0x60, 0x0, 0x1, 0xf4, 0xe6, 0x0, 0x0,
    0x4f, 0x1e, 0x60, 0x0, 0xb, 0xc0, 0xe9, 0x44,
    0x5b, 0xf3, 0xe, 0xff, 0xfe, 0xb3, 0x0,

    /* U+010F "ď" */
    0x0, 0x0, 0x7, 0xca, 0xa0, 0x0, 0x0, 0x7c,
    0x39, 0x0, 0x0, 0x7, 0xc5, 0x60, 0x2c, 0xfc,
    0x8c, 0x30, 0xe, 0xa2, 0x6f, 0xc0, 0x4, 0xf0,
    0x0, 0x9c, 0x0, 0x7c, 0x0, 0x6, 0xc0, 0x7,
    0xc0, 0x0, 0x6c, 0x0, 0x4f, 0x0, 0x9, 0xc0,
    0x0, 0xda, 0x25, 0xfc, 0x0, 0x2, 0xbf, 0xc8,
    0xc0, 0x0,

    /* U+0110 "Đ" */
    0x0, 0xef, 0xff, 0xfc, 0x40, 0x0, 0xe, 0x94,
    0x45, 0xbf, 0x40, 0x0, 0xe6, 0x0, 0x0, 0xbc,
    0x0, 0xe, 0x60, 0x0, 0x3, 0xf2, 0x0, 0xe6,
    0x0, 0x0, 0xf, 0x40, 0xff, 0xff, 0xf2, 0x0,
    0xf5, 0x0, 0xe6, 0x0, 0x0, 0x1f, 0x40, 0xe,
    0x60, 0x0, 0x4, 0xf1, 0x0, 0xe6, 0x0, 0x0,
    0xbc, 0x0, 0xe, 0x94, 0x45, 0xbf, 0x30, 0x0,
    0xef, 0xff, 0xfb, 0x30, 0x0,

    /* U+0111 "đ" */
    0x0, 0x0, 0x7, 0xc0, 0x0, 0xc, 0xff, 0xfb,
    0x0, 0x0, 0x7, 0xc0, 0x2, 0xcf, 0xc8, 0xc0,
    0xe, 0xa2, 0x6f, 0xc0, 0x4f, 0x0, 0xa, 0xc0,
    0x7c, 0x0, 0x6, 0xc0, 0x7c, 0x0, 0x6, 0xc0,
    0x4e, 0x0, 0x8, 0xc0, 0xd, 0x80, 0x2e, 0xc0,
    0x2, 0xbe, 0xc8, 0xc0,

    /* U+0112 "Ē" */
    0x2, 0xff, 0xff, 0x10, 0x0, 0x22, 0x22, 0x0,
    0xef, 0xff, 0xff, 0xf5, 0xe9, 0x44, 0x44, 0x41,
    0xe7, 0x0, 0x0, 0x0, 0xe7, 0x0, 0x0, 0x0,
    0xe7, 0x0, 0x0, 0x0, 0xef, 0xff, 0xff, 0xf0,
    0xe8, 0x33, 0x33, 0x30, 0xe7, 0x0, 0x0, 0x0,
    0xe7, 0x0, 0x0, 0x0, 0xe9, 0x44, 0x44, 0x42,
    0xef, 0xff, 0xff, 0xf9,

    /* U+0113 "ē" */
    0x3, 0xff, 0xff, 0x0, 0x0, 0x22, 0x22, 0x0,
    0x1, 0xaf, 0xe8, 0x0, 0xc, 0xa2, 0x3c, 0x90,
    0x3f, 0x0, 0x3, 0xf0, 0x6f, 0xff, 0xff, 0xf2,
    0x6e, 0x22, 0x22, 0x20, 0x4f, 0x10, 0x3, 0xa0,
    0xd, 0xc2, 0x3d, 0xa0, 0x1, 0xbf, 0xe9, 0x0,

    /* U+0114 "Ĕ" */
    0x0, 0x60, 0x16, 0x0, 0x0, 0x8e, 0xd4, 0x0,
    0x0, 0x0, 0x0, 0x0, 0xef, 0xff, 0xff, 0xf5,
    0xe9, 0x44, 0x44, 0x41, 0xe7, 0x0, 0x0, 0x0,
    0xe7, 0x0, 0x0, 0x0, 0xe7, 0x0, 0x0, 0x0,
    0xef, 0xff, 0xff, 0xf0, 0xe8, 0x33, 0x33, 0x30,
    0xe7, 0x0, 0x0, 0x0, 0xe7, 0x0, 0x0, 0x0,
    0xe9, 0x44, 0x44, 0x42, 0xef, 0xff, 0xff, 0xf9,

    /* U+0115 "ĕ" */
    0x0, 0xd2, 0x1d, 0x0, 0x0, 0x4d, 0xd4, 0x0,
    0x0, 0x0, 0x0, 0x0, 0x1, 0xaf, 0xe8, 0x0,
    0xc, 0xa2, 0x3c, 0x90, 0x3f, 0x0, 0x3, 0xf0,
    0x6f, 0xff, 0xff, 0xf2, 0x6e, 0x22, 0x22, 0x20,
    0x4f, 0x10, 0x3, 0xa0, 0xd, 0xc2, 0x3d, 0xa0,
    0x1, 0xbf, 0xe9, 0x0,

    /* U+0116 "Ė" */
    0x0, 0xc, 0xb0, 0x0, 0x0, 0x8, 0x70, 0x0,
    0xef, 0xff, 0xff, 0xf5, 0xe9, 0x44, 0x44, 0x41,
    0xe7, 0x0, 0x0, 0x0, 0xe7, 0x0, 0x0, 0x0,
    0xe7, 0x0, 0x0, 0x0, 0xef, 0xff, 0xff, 0xf0,
    0xe8, 0x33, 0x33, 0x30, 0xe7, 0x0, 0x0, 0x0,
    0xe7, 0x0, 0x0, 0x0, 0xe9, 0x44, 0x44, 0x42,
    0xef, 0xff, 0xff, 0xf9,

    /* U+0117 "ė" */
    0x0, 0xb, 0xc0, 0x0, 0x0, 0x7, 0x80, 0x0,
    0x0, 0x0, 0x0, 0x0, 0x1, 0xaf, 0xe8, 0x0,
    0xc, 0xa2, 0x3c, 0x90, 0x3f, 0x0, 0x3, 0xf0,
    0x6f, 0xff, 0xff, 0xf2, 0x6e, 0x22, 0x22, 0x20,
    0x4f, 0x10, 0x3, 0xa0, 0xd, 0xc2, 0x3d, 0xa0,
    0x1, 0xbf, 0xe9, 0x0,

    /* U+0118 "Ę" */
    0xef, 0xff, 0xff, 0xf5, 0xe9, 0x44, 0x44, 0x41,
    0xe7, 0x0, 0x0, 0x0, 0xe7, 0x0, 0x0, 0x0,
    0xe7, 0x0, 0x0, 0x0, 0xef, 0xff, 0xff, 0xf0,
    0xe8, 0x33, 0x33, 0x30, 0xe7, 0x0, 0x0, 0x0,
    0xe7, 0x0, 0x0, 0x0, 0xe9, 0x44, 0x44, 0x42,
    0xef, 0xff, 0xff, 0xf9, 0x0, 0x0, 0x3, 0x90,
    0x0, 0x0, 0xa, 0x70, 0x0, 0x0, 0x6, 0xf8,

    /* U+0119 "ę" */
    0x1, 0xaf, 0xe8, 0x0, 0xc, 0xa2, 0x3c, 0x90,
    0x3f, 0x0, 0x3, 0xf0, 0x6f, 0xff, 0xff, 0xf2,
    0x6e, 0x22, 0x22, 0x20, 0x4f, 0x10, 0x3, 0xa0,
    0xd, 0xc2, 0x3d, 0xa0, 0x1, 0xbf, 0xf9, 0x0,
    0x0, 0x6, 0x70, 0x0, 0x0, 0xc, 0x50, 0x0,
    0x0, 0x7, 0xf6, 0x0,

    /* U+011A "Ě" */
    0x3, 0x70, 0x64, 0x0, 0x0, 0xda, 0xd1, 0x0,
    0x0, 0x28, 0x20, 0x0, 0xef, 0xff, 0xff, 0xf5,
    0xe9, 0x44, 0x44, 0x41, 0xe7, 0x0, 0x0, 0x0,
    0xe7, 0x0, 0x0, 0x0, 0xe7, 0x0, 0x0, 0x0,
    0xef, 0xff, 0xff, 0xf0, 0xe8, 0x33, 0x33, 0x30,
    0xe7, 0x0, 0x0, 0x0, 0xe7, 0x0, 0x0, 0x0,
    0xe9, 0x44, 0x44, 0x42, 0xef, 0xff, 0xff, 0xf9,

    /* U+011B "ě" */
    0x0, 0xd8, 0x9c, 0x0, 0x0, 0x3f, 0xe1, 0x0,
    0x0, 0x1, 0x10, 0x0, 0x1, 0xaf, 0xe8, 0x0,
    0xc, 0xa2, 0x3c, 0x90, 0x3f, 0x0, 0x3, 0xf0,
    0x6f, 0xff, 0xff, 0xf2, 0x6e, 0x22, 0x22, 0x20,
    0x4f, 0x10, 0x3, 0xa0, 0xd, 0xc2, 0x3d, 0xa0,
    0x1, 0xbf, 0xe9, 0x0,

    /* U+011C "Ĝ" */
    0x0, 0x0, 0x7, 0x60, 0x0, 0x0, 0x0, 0x7,
    0xcd, 0x50, 0x0, 0x0, 0x0, 0x72, 0x37, 0x0,
    0x0, 0x0, 0x7d, 0xfe, 0xb3, 0x0, 0x0, 0xce,
    0x64, 0x5a, 0xf3, 0x0, 0x8e, 0x10, 0x0, 0xb,
    0xb0, 0xe, 0x70, 0x0, 0x0, 0x11, 0x2, 0xf3,
    0x0, 0x0, 0x0, 0x0, 0x3f, 0x20, 0x3, 0xff,
    0xff, 0x2, 0xf3, 0x0, 0x3, 0x37, 0xf0, 0xe,
    0x70, 0x0, 0x0, 0x4f, 0x0, 0x8e, 0x20, 0x0,
    0x7, 0xf0, 0x0, 0xce, 0x85, 0x6b, 0xfa, 0x0,
    0x0, 0x7c, 0xff, 0xb4, 0x0,

    /* U+011D "ĝ" */
    0x0, 0x5f, 0xa0, 0x0, 0x1e, 0x6e, 0x60, 0x1,
    0x20, 0x12, 0x0, 0x2c, 0xfc, 0x7d, 0xe, 0xa2,
    0x6f, 0xd5, 0xe0, 0x0, 0x9d, 0x8c, 0x0, 0x5,
    0xd7, 0xc0, 0x0, 0x5d, 0x5e, 0x0, 0x8, 0xd0,
    0xda, 0x25, 0xfd, 0x2, 0xcf, 0xc9, 0xd1, 0x40,
    0x0, 0x8b, 0x1f, 0x61, 0x4e, 0x60, 0x5d, 0xfd,
    0x70,

    /* U+011E "Ğ" */
    0x0, 0x0, 0x70, 0x16, 0x0, 0x0, 0x0, 0x7,
    0xed, 0x50, 0x0, 0x0, 0x0, 0x0, 0x0, 0x0,
    0x0, 0x0, 0x7d, 0xfe, 0xb3, 0x0, 0x0, 0xce,
    0x64, 0x5a, 0xf3, 0x0, 0x8e, 0x10, 0x0, 0xb,
    0xb0, 0xe, 0x70, 0x0, 0x0, 0x11, 0x2, 0xf3,
    0x0, 0x0, 0x0, 0x0, 0x3f, 0x20, 0x3, 0xff,
    0xff, 0x2, 0xf3, 0x0, 0x3, 0x37, 0xf0, 0xe,
    0x70, 0x0, 0x0, 0x4f, 0x0, 0x8e, 0x20, 0x0,
    0x7, 0xf0, 0x0, 0xce, 0x85, 0x6b, 0xfa, 0x0,
    0x0, 0x7c, 0xff, 0xb4, 0x0,

    /* U+011F "ğ" */
    0x0, 0xd1, 0x2c, 0x0, 0x6, 0xed, 0x30, 0x0,
    0x0, 0x0, 0x0, 0x2c, 0xfc, 0x7d, 0xe, 0xa2,
    0x6f, 0xd5, 0xe0, 0x0, 0x9d, 0x8c, 0x0, 0x5,
    0xd7, 0xc0, 0x0, 0x5d, 0x5e, 0x0, 0x8, 0xd0,
    0xda, 0x25, 0xfd, 0x2, 0xcf, 0xc9, 0xd1, 0x40,
    0x0, 0x8b, 0x1f, 0x61, 0x4e, 0x60, 0x5d, 0xfd,
    0x70,

    /* U+0120 "Ġ" */
    0x0, 0x0, 0xd, 0xb0, 0x0, 0x0, 0x0, 0x0,
    0x87, 0x0, 0x0, 0x0, 0x7, 0xdf, 0xeb, 0x30,
    0x0, 0xc, 0xe6, 0x45, 0xaf, 0x30, 0x8, 0xe1,
    0x0, 0x0, 0xbb, 0x0, 0xe7, 0x0, 0x0, 0x1,
    0x10, 0x2f, 0x30, 0x0, 0x0, 0x0, 0x3, 0xf2,
    0x0, 0x3f, 0xff, 0xf0, 0x2f, 0x30, 0x0, 0x33,
    0x7f, 0x0, 0xe7, 0x0, 0x0, 0x4, 0xf0, 0x8,
    0xe2, 0x0, 0x0, 0x7f, 0x0, 0xc, 0xe8, 0x56,
    0xbf, 0xa0, 0x0, 0x7, 0xcf, 0xfb, 0x40, 0x0,

    /* U+0121 "ġ" */
    0x0, 0xe, 0xa0, 0x0, 0x0, 0x96, 0x0, 0x0,
    0x0, 0x0, 0x0, 0x2c, 0xfc, 0x7d, 0xe, 0xa2,
    0x6f, 0xd5, 0xe0, 0x0, 0x9d, 0x8c, 0x0, 0x5,
    0xd7, 0xc0, 0x0, 0x5d, 0x5e, 0x0, 0x8, 0xd0,
    0xda, 0x25, 0xfd, 0x2, 0xcf, 0xc9, 0xd1, 0x40,
    0x0, 0x8b, 0x1f, 0x61, 0x4e, 0x60, 0x5d, 0xfd,
    0x70,

    /* U+0122 "Ģ" */
    0x0, 0x7, 0xdf, 0xeb, 0x30, 0x0, 0xc, 0xe6,
    0x45, 0xaf, 0x30, 0x8, 0xe1, 0x0, 0x0, 0xbb,
    0x0, 0xe7, 0x0, 0x0, 0x1, 0x10, 0x2f, 0x30,
    0x0, 0x0, 0x0, 0x3, 0xf2, 0x0, 0x3f, 0xff,
    0xf0, 0x2f, 0x30, 0x0, 0x33, 0x7f, 0x0, 0xe7,
    0x0, 0x0, 0x4, 0xf0, 0x8, 0xe2, 0x0, 0x0,
    0x7f, 0x0, 0xc, 0xe8, 0x56, 0xbf, 0xa0, 0x0,
    0x7, 0xcf, 0xfb, 0x40, 0x0, 0x0, 0x0, 0x0,
    0x0, 0x0, 0x0, 0x0, 0xd, 0x90, 0x0, 0x0,
    0x0, 0x0, 0x68, 0x0, 0x0, 0x0, 0x0, 0x9,
    0x20, 0x0, 0x0,

    /* U+0123 "ģ" */
    0x0, 0x5, 0x20, 0x0, 0x0, 0xd0, 0x0, 0x0,
    0x1f, 0x50, 0x0, 0x0, 0x31, 0x0, 0x2, 0xcf,
    0xc7, 0xd0, 0xda, 0x25, 0xfd, 0x5e, 0x0, 0x9,
    0xd7, 0xc0, 0x0, 0x5d, 0x7c, 0x0, 0x5, 0xd5,
    0xe0, 0x0, 0x8d, 0xd, 0xa2, 0x5f, 0xd0, 0x2c,
    0xfc, 0x9c, 0x14, 0x0, 0x8, 0xb1, 0xf5, 0x14,
    0xe6, 0x5, 0xdf, 0xd7, 0x0,

    /* U+0124 "Ĥ" */
    0x0, 0x4, 0x70, 0x0, 0x0, 0x2f, 0xaa, 0x0,
    0x0, 0x55, 0x7, 0x10, 0xe7, 0x0, 0x0, 0x5f,
    0xe7, 0x0, 0x0, 0x5f, 0xe7, 0x0, 0x0, 0x5f,
    0xe7, 0x0, 0x0, 0x5f, 0xe7, 0x0, 0x0, 0x5f,
    0xef, 0xff, 0xff, 0xff, 0xe9, 0x33, 0x33, 0x7f,
    0xe7, 0x0, 0x0, 0x5f, 0xe7, 0x0, 0x0, 0x5f,
    0xe7, 0x0, 0x0, 0x5f, 0xe7, 0x0, 0x0, 0x5f,

    /* U+0125 "ĥ" */
    0x0, 0x3, 0x81, 0x0, 0x1, 0xea, 0xc0, 0x0,
    0x46, 0x7, 0x21, 0xf2, 0x0, 0x0, 0x1f, 0x20,
    0x0, 0x1, 0xf2, 0x0, 0x0, 0x1f, 0x6d, 0xfb,
    0x11, 0xfd, 0x43, 0xd9, 0x1f, 0x50, 0x7, 0xc1,
    0xf2, 0x0, 0x6d, 0x1f, 0x20, 0x6, 0xd1, 0xf2,
    0x0, 0x6d, 0x1f, 0x20, 0x6, 0xd1, 0xf2, 0x0,
    0x6d,

    /* U+0126 "Ħ" */
    0xe, 0x70, 0x0, 0x5, 0xf0, 0xe, 0x70, 0x0,
    0x5, 0xf0, 0xbf, 0xff, 0xff, 0xff, 0xfd, 0x1e,
    0x82, 0x22, 0x26, 0xf2, 0xe, 0x70, 0x0, 0x5,
    0xf0, 0xe, 0xff, 0xff, 0xff, 0xf0, 0xe, 0x93,
    0x33, 0x37, 0xf0, 0xe, 0x70, 0x0, 0x5, 0xf0,
    0xe, 0x70, 0x0, 0x5, 0xf0, 0xe, 0x70, 0x0,
    0x5, 0xf0, 0xe, 0x70, 0x0, 0x5, 0xf0,

    /* U+0127 "ħ" */
    0x1f, 0x20, 0x0, 0xf, 0xff, 0xfa, 0x0, 0x1f,
    0x20, 0x0, 0x1, 0xf6, 0xdf, 0xb1, 0x1f, 0xd4,
    0x3d, 0xa1, 0xf5, 0x0, 0x7c, 0x1f, 0x20, 0x6,
    0xd1, 0xf2, 0x0, 0x6d, 0x1f, 0x20, 0x6, 0xd1,
    0xf2, 0x0, 0x6d, 0x1f, 0x20, 0x6, 0xd0,

    /* U+0128 "Ĩ" */
    0x3e, 0xfe, 0xd0, 0x1, 0x1, 0x0, 0x0, 0xba,
    0x0, 0x0, 0xba, 0x0, 0x0, 0xba, 0x0, 0x0,
    0xba, 0x0, 0x0, 0xba, 0x0, 0x0, 0xba, 0x0,
    0x0, 0xba, 0x0, 0x0, 0xba, 0x0, 0x0, 0xba,
    0x0, 0x0, 0xba, 0x0, 0x0, 0xba, 0x0,

    /* U+0129 "ĩ" */
    0xb, 0xc2, 0xb3, 0x3b, 0x3e, 0xd0, 0x1, 0x0,
    0x0, 0x0, 0xa9, 0x0, 0x0, 0xa9, 0x0, 0x0,
    0xa9, 0x0, 0x0, 0xa9, 0x0, 0x0, 0xa9, 0x0,
    0x0, 0xa9, 0x0, 0x0, 0xa9, 0x0, 0x0, 0xa9,
    0x0,

    /* U+012A "Ī" */
    0x2f, 0xff, 0xf1, 0x2, 0x22, 0x20, 0x0, 0xba,
    0x0, 0x0, 0xba, 0x0, 0x0, 0xba, 0x0, 0x0,
    0xba, 0x0, 0x0, 0xba, 0x0, 0x0, 0xba, 0x0,
    0x0, 0xba, 0x0, 0x0, 0xba, 0x0, 0x0, 0xba,
    0x0, 0x0, 0xba, 0x0, 0x0, 0xba, 0x0,

    /* U+012B "ī" */
    0x2f, 0xff, 0xf1, 0x2, 0x22, 0x20, 0x0, 0xa9,
    0x0, 0x0, 0xa9, 0x0, 0x0, 0xa9, 0x0, 0x0,
    0xa9, 0x0, 0x0, 0xa9, 0x0, 0x0, 0xa9, 0x0,
    0x0, 0xa9, 0x0, 0x0, 0xa9, 0x0,

    /* U+012C "Ĭ" */
    0x60, 0x6, 0xc, 0x32, 0xc0, 0x3d, 0xd3, 0x0,
    0xba, 0x0, 0xb, 0xa0, 0x0, 0xba, 0x0, 0xb,
    0xa0, 0x0, 0xba, 0x0, 0xb, 0xa0, 0x0, 0xba,
    0x0, 0xb, 0xa0, 0x0, 0xba, 0x0, 0xb, 0xa0,
    0x0, 0xba, 0x0,

    /* U+012D "ĭ" */
    0xd, 0x11, 0xd0, 0x5d, 0xd4, 0x0, 0x0, 0x0,
    0xa, 0x90, 0x0, 0xa9, 0x0, 0xa, 0x90, 0x0,
    0xa9, 0x0, 0xa, 0x90, 0x0, 0xa9, 0x0, 0xa,
    0x90, 0x0, 0xa9, 0x0,

    /* U+012E "Į" */
    0xb, 0xa0, 0xba, 0xb, 0xa0, 0xba, 0xb, 0xa0,
    0xba, 0xb, 0xa0, 0xba, 0xb, 0xa0, 0xba, 0xb,
    0xa1, 0xb1, 0x6a, 0x13, 0xeb,

    /* U+012F "į" */
    0x1f, 0x20, 0x81, 0x0, 0x1, 0xf2, 0x1f, 0x21,
    0xf2, 0x1f, 0x21, 0xf2, 0x1f, 0x21, 0xf2, 0x1f,
    0x25, 0x80, 0xc5, 0x7, 0xf6,

    /* U+0130 "İ" */
    0xcb, 0x87, 0xba, 0xba, 0xba, 0xba, 0xba, 0xba,
    0xba, 0xba, 0xba, 0xba, 0xba,

    /* U+0131 "ı" */
    0xa9, 0xa9, 0xa9, 0xa9, 0xa9, 0xa9, 0xa9, 0xa9,

    /* U+0132 "Ĳ" */
    0xba, 0x0, 0x0, 0xc, 0x9b, 0xa0, 0x0, 0x0,
    0xc9, 0xba, 0x0, 0x0, 0xc, 0x9b, 0xa0, 0x0,
    0x0, 0xc9, 0xba, 0x0, 0x0, 0xc, 0x9b, 0xa0,
    0x0, 0x0, 0xc9, 0xba, 0x0, 0x0, 0xc, 0x9b,
    0xa0, 0x21, 0x0, 0xc9, 0xba, 0xd, 0x50, 0xd,
    0x7b, 0xa0, 0xac, 0x26, 0xf3, 0xba, 0x1, 0xbf,
    0xe6, 0x0,

    /* U+0133 "ĳ" */
    0x1f, 0x20, 0xd6, 0x8, 0x10, 0x63, 0x0, 0x0,
    0x0, 0x1f, 0x20, 0xd6, 0x1f, 0x20, 0xd6, 0x1f,
    0x20, 0xd6, 0x1f, 0x20, 0xd6, 0x1f, 0x20, 0xd6,
    0x1f, 0x20, 0xd6, 0x1f, 0x20, 0xd6, 0x1f, 0x20,
    0xd6, 0x0, 0x0, 0xd6, 0x0, 0x3, 0xf4, 0x0,
    0x4f, 0xb0,

    /* U+0134 "Ĵ" */
    0x0, 0x0, 0x38, 0x10, 0x0, 0x1, 0xea, 0xc0,
    0x0, 0x4, 0x60, 0x73, 0x0, 0x0, 0x6e, 0x0,
    0x0, 0x0, 0x6e, 0x0, 0x0, 0x0, 0x6e, 0x0,
    0x0, 0x0, 0x6e, 0x0, 0x0, 0x0, 0x6e, 0x0,
    0x0, 0x0, 0x6e, 0x0, 0x0, 0x0, 0x6e, 0x0,
    0x23, 0x0, 0x6e, 0x0, 0x8b, 0x0, 0x8d, 0x0,
    0x4f, 0x76, 0xe8, 0x0, 0x7, 0xef, 0xa0, 0x0,

    /* U+0135 "ĵ" */
    0x7, 0xf8, 0x3, 0xf3, 0xe4, 0x0, 0x0, 0x0,
    0x1f, 0x20, 0x1, 0xf2, 0x0, 0x1f, 0x20, 0x1,
    0xf2, 0x0, 0x1f, 0x20, 0x1, 0xf2, 0x0, 0x1f,
    0x20, 0x1, 0xf2, 0x0, 0x1f, 0x10, 0x16, 0xf0,
    0x8, 0xf8, 0x0,

    /* U+0136 "Ķ" */
    0xf5, 0x0, 0x3, 0xfa, 0xf, 0x50, 0x2, 0xeb,
    0x0, 0xf5, 0x1, 0xdb, 0x0, 0xf, 0x50, 0xcc,
    0x0, 0x0, 0xf6, 0xbf, 0x20, 0x0, 0xf, 0xed,
    0xe9, 0x0, 0x0, 0xfe, 0x15, 0xf4, 0x0, 0xf,
    0x60, 0xa, 0xe1, 0x0, 0xf5, 0x0, 0x1f, 0xa0,
    0xf, 0x50, 0x0, 0x6f, 0x40, 0xf5, 0x0, 0x0,
    0xce, 0x10, 0x0, 0x0, 0x0, 0x0, 0x0, 0xe,
    0x80, 0x0, 0x0, 0x0, 0x87, 0x0, 0x0, 0x0,
    0xa, 0x10, 0x0, 0x0,

    /* U+0137 "ķ" */
    0x1f, 0x20, 0x0, 0x1, 0xf2, 0x0, 0x0, 0x1f,
    0x20, 0x0, 0x1, 0xf2, 0x6, 0xf3, 0x1f, 0x24,
    0xf4, 0x1, 0xf5, 0xf5, 0x0, 0x1f, 0xff, 0x30,
    0x1, 0xf7, 0x9c, 0x0, 0x1f, 0x21, 0xf6, 0x1,
    0xf2, 0x7, 0xf1, 0x1f, 0x20, 0xd, 0xa0, 0x0,
    0x0, 0x0, 0x0, 0xf, 0x60, 0x0, 0x0, 0x95,
    0x0, 0x0, 0xa, 0x0, 0x0,

    /* U+0138 "ĸ" */
    0x1f, 0x20, 0x6f, 0x31, 0xf2, 0x4f, 0x40, 0x1f,
    0x5f, 0x50, 0x1, 0xff, 0xf3, 0x0, 0x1f, 0x7a,
    0xc0, 0x1, 0xf2, 0x1f, 0x60, 0x1f, 0x20, 0x7e,
    0x11, 0xf2, 0x0, 0xda,

    /* U+0139 "Ĺ" */
    0x3, 0xf3, 0x0, 0x0, 0xa8, 0x0, 0x0, 0x0,
    0x0, 0x0, 0xf, 0x50, 0x0, 0x0, 0xf5, 0x0,
    0x0, 0xf, 0x50, 0x0, 0x0, 0xf5, 0x0, 0x0,
    0xf, 0x50, 0x0, 0x0, 0xf5, 0x0, 0x0, 0xf,
    0x50, 0x0, 0x0, 0xf5, 0x0, 0x0, 0xf, 0x50,
    0x0, 0x0, 0xf8, 0x44, 0x44, 0x1f, 0xff, 0xff,
    0xf4,

    /* U+013A "ĺ" */
    0x0, 0x0, 0xe8, 0x5c, 0x1, 0xf2, 0x1f, 0x21,
    0xf2, 0x1f, 0x21, 0xf2, 0x1f, 0x21, 0xf2, 0x1f,
    0x21, 0xf2, 0x1f, 0x21, 0xf2,

    /* U+013B "Ļ" */
    0xf5, 0x0, 0x0, 0xf, 0x50, 0x0, 0x0, 0xf5,
    0x0, 0x0, 0xf, 0x50, 0x0, 0x0, 0xf5, 0x0,
    0x0, 0xf, 0x50, 0x0, 0x0, 0xf5, 0x0, 0x0,
    0xf, 0x50, 0x0, 0x0, 0xf5, 0x0, 0x0, 0xf,
    0x84, 0x44, 0x41, 0xff, 0xff, 0xff, 0x40, 0x0,
    0x0, 0x0, 0x0, 0x7f, 0x0, 0x0, 0x1, 0xd0,
    0x0, 0x0, 0x56, 0x0, 0x0,

    /* U+013C "ļ" */
    0x1f, 0x21, 0xf2, 0x1f, 0x21, 0xf2, 0x1f, 0x21,
    0xf2, 0x1f, 0x21, 0xf2, 0x1f, 0x21, 0xf2, 0x1f,
    0x20, 0x0, 0x3f, 0x30, 0xc2, 0x19, 0x0,

    /* U+013D "Ľ" */
    0xf5, 0x2, 0xf4, 0xf, 0x50, 0x1b, 0x40, 0xf5,
    0x0, 0xa1, 0xf, 0x50, 0x6, 0x0, 0xf5, 0x0,
    0x0, 0xf, 0x50, 0x0, 0x0, 0xf5, 0x0, 0x0,
    0xf, 0x50, 0x0, 0x0, 0xf5, 0x0, 0x0, 0xf,
    0x84, 0x44, 0x41, 0xff, 0xff, 0xff, 0x40,

    /* U+013E "ľ" */
    0x1f, 0x5f, 0x11, 0xf3, 0xb0, 0x1f, 0x3b, 0x1,
    0xf2, 0x10, 0x1f, 0x20, 0x1, 0xf2, 0x0, 0x1f,
    0x20, 0x1, 0xf2, 0x0, 0x1f, 0x20, 0x1, 0xf2,
    0x0, 0x1f, 0x20, 0x0,

    /* U+013F "Ŀ" */
    0xf5, 0x0, 0x0, 0xf, 0x50, 0x0, 0x0, 0xf5,
    0x0, 0x0, 0xf, 0x50, 0x0, 0x0, 0xf5, 0x0,
    0x0, 0xf, 0x55, 0xf1, 0x0, 0xf5, 0x28, 0x0,
    0xf, 0x50, 0x0, 0x0, 0xf5, 0x0, 0x0, 0xf,
    0x84, 0x44, 0x41, 0xff, 0xff, 0xff, 0x40,

    /* U+0140 "ŀ" */
    0x1f, 0x20, 0x1, 0xf2, 0x0, 0x1f, 0x20, 0x1,
    0xf2, 0x0, 0x1f, 0x20, 0x1, 0xf2, 0xd8, 0x1f,
    0x27, 0x41, 0xf2, 0x0, 0x1f, 0x20, 0x1, 0xf2,
    0x0, 0x1f, 0x20, 0x0,

    /* U+0141 "Ł" */
    0xf, 0x50, 0x0, 0x0, 0xf, 0x50, 0x0, 0x0,
    0xf, 0x50, 0x50, 0x0, 0xf, 0x6c, 0x60, 0x0,
    0xf, 0xf6, 0x0, 0x0, 0x2f, 0x70, 0x0, 0x0,
    0xdf, 0x50, 0x0, 0x0, 0x4f, 0x50, 0x0, 0x0,
    0xf, 0x50, 0x0, 0x0, 0xf, 0x84, 0x44, 0x41,
    0xf, 0xff, 0xff, 0xf4,

    /* U+0142 "ł" */
    0x1f, 0x20, 0x1f, 0x20, 0x1f, 0x20, 0x1f, 0x30,
    0x1f, 0xe0, 0x3f, 0x40, 0xdf, 0x20, 0x3f, 0x20,
    0x1f, 0x20, 0x1f, 0x20, 0x1f, 0x20,

    /* U+0143 "Ń" */
    0x0, 0x6, 0xe1, 0x0, 0x0, 0xd, 0x50, 0x0,
    0x0, 0x0, 0x0, 0x0, 0xfb, 0x0, 0x0, 0x5f,
    0xff, 0x50, 0x0, 0x5f, 0xfe, 0xe0, 0x0, 0x5f,
    0xf6, 0xe8, 0x0, 0x5f, 0xf5, 0x5f, 0x20, 0x5f,
    0xf5, 0xb, 0xc0, 0x5f, 0xf5, 0x2, 0xf6, 0x5f,
    0xf5, 0x0, 0x8e, 0x6f, 0xf5, 0x0, 0xe, 0xdf,
    0xf5, 0x0, 0x4, 0xff, 0xf5, 0x0, 0x0, 0xbf,

    /* U+0144 "ń" */
    0x0, 0x4, 0xf3, 0x0, 0x0, 0xb7, 0x0, 0x0,
    0x0, 0x0, 0x1, 0xf6, 0xdf, 0xb1, 0x1f, 0xc1,
    0x1c, 0x91, 0xf4, 0x0, 0x7c, 0x1f, 0x20, 0x6,
    0xd1, 0xf2, 0x0, 0x6d, 0x1f, 0x20, 0x6, 0xd1,
    0xf2, 0x0, 0x6d, 0x1f, 0x20, 0x6, 0xd0,

    /* U+0145 "Ņ" */
    0xfb, 0x0, 0x0, 0x5f, 0xff, 0x50, 0x0, 0x5f,
    0xfe, 0xe0, 0x0, 0x5f, 0xf6, 0xe8, 0x0, 0x5f,
    0xf5, 0x5f, 0x20, 0x5f, 0xf5, 0xb, 0xc0, 0x5f,
    0xf5, 0x2, 0xf6, 0x5f, 0xf5, 0x0, 0x8e, 0x6f,
    0xf5, 0x0, 0xe, 0xdf, 0xf5, 0x0, 0x4, 0xff,
    0xf5, 0x0, 0x0, 0xbf, 0x0, 0x0, 0x0, 0x0,
    0x0, 0xc, 0xa0, 0x0, 0x0, 0x6, 0x80, 0x0,
    0x0, 0x8, 0x20, 0x0,

    /* U+0146 "ņ" */
    0x1f, 0x6d, 0xfb, 0x11, 0xfc, 0x11, 0xc9, 0x1f,
    0x40, 0x7, 0xc1, 0xf2, 0x0, 0x6d, 0x1f, 0x20,
    0x6, 0xd1, 0xf2, 0x0, 0x6d, 0x1f, 0x20, 0x6,
    0xd1, 0xf2, 0x0, 0x6d, 0x0, 0x0, 0x0, 0x0,
    0x0, 0xbb, 0x0, 0x0, 0x5, 0x90, 0x0, 0x0,
    0x83, 0x0,

    /* U+0147 "Ň" */
    0x0, 0x73, 0x37, 0x0, 0x0, 0x6d, 0xd6, 0x0,
    0x0, 0x6, 0x60, 0x0, 0xfb, 0x0, 0x0, 0x5f,
    0xff, 0x50, 0x0, 0x5f, 0xfe, 0xe0, 0x0, 0x5f,
    0xf6, 0xe8, 0x0, 0x5f, 0xf5, 0x5f, 0x20, 0x5f,
    0xf5, 0xb, 0xc0, 0x5f, 0xf5, 0x2, 0xf6, 0x5f,
    0xf5, 0x0, 0x8e, 0x6f, 0xf5, 0x0, 0xe, 0xdf,
    0xf5, 0x0, 0x4, 0xff, 0xf5, 0x0, 0x0, 0xbf,

    /* U+0148 "ň" */
    0x0, 0xc8, 0x8c, 0x0, 0x2, 0xee, 0x10, 0x0,
    0x0, 0x0, 0x1, 0xf6, 0xdf, 0xb1, 0x1f, 0xc1,
    0x1c, 0x91, 0xf4, 0x0, 0x7c, 0x1f, 0x20, 0x6,
    0xd1, 0xf2, 0x0, 0x6d, 0x1f, 0x20, 0x6, 0xd1,
    0xf2, 0x0, 0x6d, 0x1f, 0x20, 0x6, 0xd0,

    /* U+0149 "ŉ" */
    0x2f, 0x20, 0x0, 0x0, 0x1, 0xc2, 0x0, 0x0,
    0x0, 0xb, 0x0, 0x0, 0x0, 0x0, 0x26, 0xb9,
    0xee, 0x80, 0x0, 0x6f, 0x80, 0x4f, 0x40, 0x6,
    0xf0, 0x0, 0xc7, 0x0, 0x6d, 0x0, 0xc, 0x70,
    0x6, 0xd0, 0x0, 0xc7, 0x0, 0x6d, 0x0, 0xc,
    0x70, 0x6, 0xd0, 0x0, 0xc7, 0x0, 0x6d, 0x0,
    0xc, 0x70,

    /* U+014A "Ŋ" */
    0xe7, 0x7d, 0xfe, 0x70, 0xe, 0xea, 0x20, 0x5f,
    0x70, 0xed, 0x0, 0x0, 0x7f, 0xe, 0x90, 0x0,
    0x2, 0xf3, 0xe7, 0x0, 0x0, 0xf, 0x5e, 0x70,
    0x0, 0x0, 0xf6, 0xe7, 0x0, 0x0, 0xf, 0x5e,
    0x70, 0x0, 0x2, 0xf3, 0xe7, 0x0, 0x0, 0x7f,
    0xe, 0x70, 0x17, 0x6f, 0x80, 0xe7, 0x4, 0xef,
    0x90, 0x0,

    /* U+014B "ŋ" */
    0xf, 0x6d, 0xfb, 0x10, 0xfc, 0x11, 0xca, 0xf,
    0x50, 0x6, 0xc0, 0xf3, 0x0, 0x6d, 0xf, 0x30,
    0x6, 0xd0, 0xf3, 0x0, 0x6d, 0xf, 0x30, 0x6,
    0xd0, 0xf3, 0x0, 0x6d, 0x0, 0x0, 0x6, 0xd0,
    0x0, 0x2, 0xab, 0x0, 0x0, 0xce, 0x40,

    /* U+014C "Ō" */
    0x0, 0x8, 0xff, 0xfa, 0x0, 0x0, 0x0, 0x12,
    0x22, 0x10, 0x0, 0x0, 0x19, 0xef, 0xd8, 0x0,
    0x0, 0x1d, 0xd6, 0x46, 0xec, 0x0, 0xa, 0xd0,
    0x0, 0x1, 0xe8, 0x0, 0xf5, 0x0, 0x0, 0x7,
    0xe0, 0x3f, 0x20, 0x0, 0x0, 0x3f, 0x24, 0xf1,
    0x0, 0x0, 0x2, 0xf3, 0x3f, 0x20, 0x0, 0x0,
    0x3f, 0x20, 0xf6, 0x0, 0x0, 0x7, 0xe0, 0x9,
    0xe0, 0x0, 0x1, 0xe8, 0x0, 0x1d, 0xd6, 0x36,
    0xdc, 0x0, 0x0, 0x18, 0xdf, 0xd8, 0x0, 0x0,

    /* U+014D "ō" */
    0x2, 0xff, 0xff, 0x10, 0x0, 0x22, 0x22, 0x0,
    0x1, 0xae, 0xe9, 0x0, 0xd, 0xb2, 0x4d, 0x90,
    0x5f, 0x0, 0x4, 0xf0, 0x7c, 0x0, 0x0, 0xf3,
    0x7c, 0x0, 0x1, 0xf3, 0x4f, 0x0, 0x4, 0xf1,
    0xd, 0xa2, 0x3d, 0xa0, 0x2, 0xbf, 0xe8, 0x0,

    /* U+014E "Ŏ" */
    0x0, 0x2, 0x50, 0x34, 0x0, 0x0, 0x0, 0xb,
    0xec, 0x20, 0x0, 0x0, 0x0, 0x0, 0x0, 0x0,
    0x0, 0x1, 0x9e, 0xfd, 0x80, 0x0, 0x1, 0xdd,
    0x64, 0x6e, 0xc0, 0x0, 0xad, 0x0, 0x0, 0x1e,
    0x80, 0xf, 0x50, 0x0, 0x0, 0x7e, 0x3, 0xf2,
    0x0, 0x0, 0x3, 0xf2, 0x4f, 0x10, 0x0, 0x0,
    0x2f, 0x33, 0xf2, 0x0, 0x0, 0x3, 0xf2, 0xf,
    0x60, 0x0, 0x0, 0x7e, 0x0, 0x9e, 0x0, 0x0,
    0x1e, 0x80, 0x1, 0xdd, 0x63, 0x6d, 0xc0, 0x0,
    0x1, 0x8d, 0xfd, 0x80, 0x0,

    /* U+014F "ŏ" */
    0x0, 0xd1, 0x2c, 0x0, 0x0, 0x5d, 0xd4, 0x0,
    0x0, 0x0, 0x0, 0x0, 0x1, 0xae, 0xe9, 0x0,
    0xd, 0xb2, 0x4d, 0x90, 0x5f, 0x0, 0x4, 0xf0,
    0x7c, 0x0, 0x0, 0xf3, 0x7c, 0x0, 0x1, 0xf3,
    0x4f, 0x0, 0x4, 0xf1, 0xd, 0xa2, 0x3d, 0xa0,
    0x2, 0xbf, 0xe8, 0x0,

    /* U+0150 "Ő" */
    0x0, 0x2, 0xf4, 0xbb, 0x0, 0x0, 0x0, 0x89,
    0x2e, 0x10, 0x0, 0x0, 0x0, 0x0, 0x0, 0x0,
    0x0, 0x1, 0x9e, 0xfd, 0x80, 0x0, 0x1, 0xdd,
    0x64, 0x6e, 0xc0, 0x0, 0xad, 0x0, 0x0, 0x1e,
    0x80, 0xf, 0x50, 0x0, 0x0, 0x7e, 0x3, 0xf2,
    0x0, 0x0, 0x3, 0xf2, 0x4f, 0x10, 0x0, 0x0,
    0x2f, 0x33, 0xf2, 0x0, 0x0, 0x3, 0xf2, 0xf,
    0x60, 0x0, 0x0, 0x7e, 0x0, 0x9e, 0x0, 0x0,
    0x1e, 0x80, 0x1, 0xdd, 0x63, 0x6d, 0xc0, 0x0,
    0x1, 0x8d, 0xfd, 0x80, 0x0,

    /* U+0151 "ő" */
    0x0, 0x6e, 0x2f, 0x60, 0x0, 0xd5, 0x7b, 0x0,
    0x0, 0x0, 0x0, 0x0, 0x1, 0xae, 0xe9, 0x0,
    0xd, 0xb2, 0x4d, 0x90, 0x5f, 0x0, 0x4, 0xf0,
    0x7c, 0x0, 0x0, 0xf3, 0x7c, 0x0, 0x1, 0xf3,
    0x4f, 0x0, 0x4, 0xf1, 0xd, 0xa2, 0x3d, 0xa0,
    0x2, 0xbf, 0xe8, 0x0,

    /* U+0152 "Œ" */
    0x0, 0x3b, 0xfe, 0x85, 0xff, 0xff, 0xf5, 0x1,
    0xfb, 0x34, 0xdd, 0xf7, 0x77, 0x72, 0x8, 0xd0,
    0x0, 0x1f, 0xe0, 0x0, 0x0, 0xe, 0x70, 0x0,
    0xa, 0xe0, 0x0, 0x0, 0xf, 0x50, 0x0, 0x7,
    0xe0, 0x0, 0x0, 0x1f, 0x40, 0x0, 0x6, 0xff,
    0xff, 0xf0, 0xf, 0x40, 0x0, 0x7, 0xe3, 0x33,
    0x30, 0xe, 0x60, 0x0, 0x9, 0xe0, 0x0, 0x0,
    0x8, 0xc0, 0x0, 0xe, 0xe0, 0x0, 0x0, 0x1,
    0xe8, 0x1, 0xae, 0xe4, 0x44, 0x42, 0x0, 0x2b,
    0xfe, 0x96, 0xff, 0xff, 0xf9,

    /* U+0153 "œ" */
    0x1, 0xae, 0xfa, 0x15, 0xdf, 0xc3, 0x0, 0xcc,
    0x33, 0xdd, 0xf5, 0x27, 0xf1, 0x3f, 0x10, 0x3,
    0xf8, 0x0, 0xb, 0x76, 0xd0, 0x0, 0xf, 0xff,
    0xff, 0xfa, 0x6e, 0x0, 0x0, 0xf7, 0x22, 0x22,
    0x13, 0xf1, 0x0, 0x3f, 0x90, 0x0, 0x95, 0xc,
    0xc3, 0x3d, 0xdf, 0x62, 0x7f, 0x20, 0x1a, 0xfe,
    0x90, 0x5d, 0xfd, 0x40,

    /* U+0154 "Ŕ" */
    0x0, 0xd, 0x90, 0x0, 0x0, 0x5, 0xd0, 0x0,
    0x0, 0x0, 0x0, 0x0, 0x0, 0xe, 0xff, 0xff,
    0xea, 0x10, 0xe8, 0x33, 0x35, 0xeb, 0xe, 0x60,
    0x0, 0x5, 0xf0, 0xe6, 0x0, 0x0, 0x5f, 0xe,
    0x60, 0x0, 0x3d, 0xb0, 0xef, 0xff, 0xff, 0xb1,
    0xe, 0x83, 0x4b, 0xc1, 0x0, 0xe6, 0x0, 0xd,
    0xc0, 0xe, 0x60, 0x0, 0x3f, 0x70, 0xe6, 0x0,
    0x0, 0x9f, 0x1e, 0x60, 0x0, 0x1, 0xfa,

    /* U+0155 "ŕ" */
    0x0, 0xac, 0x0, 0x1e, 0x20, 0x0, 0x0, 0x1,
    0xf7, 0xe9, 0x1f, 0xc3, 0x31, 0xf5, 0x0, 0x1f,
    0x20, 0x1, 0xf2, 0x0, 0x1f, 0x20, 0x1, 0xf2,
    0x0, 0x1f, 0x20, 0x0,

    /* U+0156 "Ŗ" */
    0xef, 0xff, 0xfe, 0xa1, 0xe, 0x83, 0x33, 0x5e,
    0xb0, 0xe6, 0x0, 0x0, 0x5f, 0xe, 0x60, 0x0,
    0x5, 0xf0, 0xe6, 0x0, 0x3, 0xdb, 0xe, 0xff,
    0xff, 0xfb, 0x10, 0xe8, 0x34, 0xbc, 0x10, 0xe,
    0x60, 0x0, 0xdc, 0x0, 0xe6, 0x0, 0x3, 0xf7,
    0xe, 0x60, 0x0, 0x9, 0xf1, 0xe6, 0x0, 0x0,
    0x1f, 0xa0, 0x0, 0x0, 0x0, 0x0, 0x0, 0x8,
    0xe0, 0x0, 0x0, 0x0, 0x2d, 0x0, 0x0, 0x0,
    0x5, 0x50, 0x0, 0x0,

    /* U+0157 "ŗ" */
    0x1f, 0x7e, 0x91, 0xfc, 0x33, 0x1f, 0x50, 0x1,
    0xf2, 0x0, 0x1f, 0x20, 0x1, 0xf2, 0x0, 0x1f,
    0x20, 0x1, 0xf2, 0x0, 0x0, 0x0, 0x3, 0xf3,
    0x0, 0xc, 0x20, 0x1, 0x90, 0x0,

    /* U+0158 "Ř" */
    0x4, 0x60, 0x73, 0x0, 0x0, 0x1e, 0xac, 0x0,
    0x0, 0x0, 0x38, 0x10, 0x0, 0xe, 0xff, 0xff,
    0xea, 0x10, 0xe8, 0x33, 0x35, 0xeb, 0xe, 0x60,
    0x0, 0x5, 0xf0, 0xe6, 0x0, 0x0, 0x5f, 0xe,
    0x60, 0x0, 0x3d, 0xb0, 0xef, 0xff, 0xff, 0xb1,
    0xe, 0x83, 0x4b, 0xc1, 0x0, 0xe6, 0x0, 0xd,
    0xc0, 0xe, 0x60, 0x0, 0x3f, 0x70, 0xe6, 0x0,
    0x0, 0x9f, 0x1e, 0x60, 0x0, 0x1, 0xfa,

    /* U+0159 "ř" */
    0x3f, 0x3e, 0x50, 0x8f, 0x90, 0x0, 0x0, 0x1,
    0xf7, 0xe9, 0x1f, 0xc3, 0x31, 0xf5, 0x0, 0x1f,
    0x20, 0x1, 0xf2, 0x0, 0x1f, 0x20, 0x1, 0xf2,
    0x0, 0x1f, 0x20, 0x0,

    /* U+015A "Ś" */
    0x0, 0x0, 0xe8, 0x0, 0x0, 0x0, 0x6c, 0x0,
    0x0, 0x0, 0x0, 0x0, 0x0, 0x0, 0x8, 0xdf,
    0xe9, 0x10, 0x8, 0xe7, 0x46, 0xeb, 0x0, 0xe6,
    0x0, 0x3, 0xf2, 0xe, 0x80, 0x0, 0x4, 0x0,
    0x6f, 0xc7, 0x30, 0x0, 0x0, 0x3a, 0xef, 0xe5,
    0x0, 0x0, 0x0, 0x39, 0xf4, 0x3a, 0x0, 0x0,
    0xc, 0x82, 0xf4, 0x0, 0x0, 0xd7, 0xa, 0xf8,
    0x56, 0xbe, 0x10, 0x7, 0xdf, 0xfb, 0x20,

    /* U+015B "ś" */
    0x0, 0x9, 0xd0, 0x0, 0x1, 0xe2, 0x0, 0x0,
    0x0, 0x0, 0x0, 0x6d, 0xfd, 0x40, 0x2f, 0x42,
    0x8f, 0x4, 0xf2, 0x0, 0x40, 0xb, 0xfc, 0x81,
    0x0, 0x3, 0x8d, 0xe2, 0x37, 0x0, 0xe, 0x63,
    0xf5, 0x15, 0xf3, 0x6, 0xdf, 0xd6, 0x0,

    /* U+015C "Ŝ" */
    0x0, 0x2, 0x83, 0x0, 0x0, 0x0, 0xca, 0xe1,
    0x0, 0x0, 0x37, 0x6, 0x40, 0x0, 0x8, 0xdf,
    0xe9, 0x10, 0x8, 0xe7, 0x46, 0xeb, 0x0, 0xe6,
    0x0, 0x3, 0xf2, 0xe, 0x80, 0x0, 0x4, 0x0,
    0x6f, 0xc7, 0x30, 0x0, 0x0, 0x3a, 0xef, 0xe5,
    0x0, 0x0, 0x0, 0x39, 0xf4, 0x3a, 0x0, 0x0,
    0xc, 0x82, 0xf4, 0x0, 0x0, 0xd7, 0xa, 0xf8,
    0x56, 0xbe, 0x10, 0x7, 0xdf, 0xfb, 0x20,

    /* U+015D "ŝ" */
    0x0, 0x6f, 0x90, 0x0, 0x2f, 0x5e, 0x50, 0x1,
    0x20, 0x11, 0x0, 0x6d, 0xfd, 0x40, 0x2f, 0x42,
    0x8f, 0x4, 0xf2, 0x0, 0x40, 0xb, 0xfc, 0x81,
    0x0, 0x3, 0x8d, 0xe2, 0x37, 0x0, 0xe, 0x63,
    0xf5, 0x15, 0xf3, 0x6, 0xdf, 0xd6, 0x0,

    /* U+015E "Ş" */
    0x0, 0x8d, 0xfe, 0x91, 0x0, 0x8e, 0x74, 0x6e,
    0xb0, 0xe, 0x60, 0x0, 0x3f, 0x20, 0xe8, 0x0,
    0x0, 0x40, 0x6, 0xfc, 0x73, 0x0, 0x0, 0x3,
    0xae, 0xfe, 0x50, 0x0, 0x0, 0x3, 0x9f, 0x43,
    0xa0, 0x0, 0x0, 0xc8, 0x2f, 0x40, 0x0, 0xd,
    0x70, 0xaf, 0x85, 0x6b, 0xe1, 0x0, 0x7d, 0xff,
    0xb2, 0x0, 0x0, 0x1f, 0x50, 0x0, 0x0, 0x0,
    0x4f, 0x0, 0x0, 0x0, 0xde, 0x70, 0x0,

    /* U+015F "ş" */
    0x6, 0xdf, 0xd4, 0x2, 0xf4, 0x28, 0xf0, 0x4f,
    0x20, 0x4, 0x0, 0xbf, 0xc8, 0x10, 0x0, 0x38,
    0xde, 0x23, 0x70, 0x0, 0xe6, 0x3f, 0x51, 0x5f,
    0x30, 0x6e, 0xfd, 0x60, 0x0, 0x4d, 0x30, 0x0,
    0x0, 0x7b, 0x0, 0x2, 0xee, 0x40, 0x0,

    /* U+0160 "Š" */
    0x0, 0x46, 0x7, 0x30, 0x0, 0x1, 0xea, 0xd0,
    0x0, 0x0, 0x3, 0x82, 0x0, 0x0, 0x8, 0xdf,
    0xe9, 0x10, 0x8, 0xe7, 0x46, 0xeb, 0x0, 0xe6,
    0x0, 0x3, 0xf2, 0xe, 0x80, 0x0, 0x4, 0x0,
    0x6f, 0xc7, 0x30, 0x0, 0x0, 0x3a, 0xef, 0xe5,
    0x0, 0x0, 0x0, 0x39, 0xf4, 0x3a, 0x0, 0x0,
    0xc, 0x82, 0xf4, 0x0, 0x0, 0xd7, 0xa, 0xf8,
    0x56, 0xbe, 0x10, 0x7, 0xdf, 0xfb, 0x20,

    /* U+0161 "š" */
    0x6, 0xe3, 0xf4, 0x0, 0xa, 0xf8, 0x0, 0x0,
    0x2, 0x0, 0x0, 0x6d, 0xfd, 0x40, 0x2f, 0x42,
    0x8f, 0x4, 0xf2, 0x0, 0x40, 0xb, 0xfc, 0x81,
    0x0, 0x3, 0x8d, 0xe2, 0x37, 0x0, 0xe, 0x63,
    0xf5, 0x15, 0xf3, 0x6, 0xdf, 0xd6, 0x0,

    /* U+0162 "Ţ" */
    0xaf, 0xff, 0xff, 0xff, 0x42, 0x44, 0x8f, 0x44,
    0x41, 0x0, 0x6, 0xf0, 0x0, 0x0, 0x0, 0x6f,
    0x0, 0x0, 0x0, 0x6, 0xf0, 0x0, 0x0, 0x0,
    0x6f, 0x0, 0x0, 0x0, 0x6, 0xf0, 0x0, 0x0,
    0x0, 0x6f, 0x0, 0x0, 0x0, 0x6, 0xf0, 0x0,
    0x0, 0x0, 0x6f, 0x0, 0x0, 0x0, 0x6, 0xf0,
    0x0, 0x0, 0x0, 0x4c, 0x10, 0x0, 0x0, 0x1,
    0xaa, 0x0, 0x0, 0x2, 0xee, 0x40, 0x0,

    /* U+0163 "ţ" */
    0x2, 0x30, 0x0, 0xd6, 0x0, 0xd, 0x60, 0xc,
    0xff, 0x90, 0xd, 0x60, 0x0, 0xd6, 0x0, 0xd,
    0x60, 0x0, 0xd6, 0x0, 0xd, 0x60, 0x0, 0xca,
    0x20, 0x6, 0xfb, 0x0, 0xf, 0x40, 0x0, 0x4f,
    0x0, 0xbf, 0x90,

    /* U+0164 "Ť" */
    0x0, 0x55, 0x7, 0x20, 0x0, 0x2, 0xfa, 0xa0,
    0x0, 0x0, 0x4, 0x70, 0x0, 0xa, 0xff, 0xff,
    0xff, 0xf4, 0x24, 0x48, 0xf4, 0x44, 0x10, 0x0,
    0x6f, 0x0, 0x0, 0x0, 0x6, 0xf0, 0x0, 0x0,
    0x0, 0x6f, 0x0, 0x0, 0x0, 0x6, 0xf0, 0x0,
    0x0, 0x0, 0x6f, 0x0, 0x0, 0x0, 0x6, 0xf0,
    0x0, 0x0, 0x0, 0x6f, 0x0, 0x0, 0x0, 0x6,
    0xf0, 0x0, 0x0, 0x0, 0x6f, 0x0, 0x0,

    /* U+0165 "ť" */
    0x3, 0x30, 0xf3, 0xd, 0x50, 0xa3, 0xd, 0x50,
    0xb0, 0xcf, 0xf9, 0x10, 0xd, 0x60, 0x0, 0xd,
    0x50, 0x0, 0xd, 0x50, 0x0, 0xd, 0x50, 0x0,
    0xd, 0x50, 0x0, 0xd, 0x92, 0x0, 0x6, 0xfa,
    0x0,

    /* U+0166 "Ŧ" */
    0xaf, 0xff, 0xff, 0xff, 0x42, 0x44, 0x8f, 0x44,
    0x41, 0x0, 0x6, 0xf0, 0x0, 0x0, 0x0, 0x6f,
    0x0, 0x0, 0x0, 0x6, 0xf0, 0x0, 0x0, 0x9f,
    0xff, 0xff, 0x30, 0x0, 0x6, 0xf0, 0x0, 0x0,
    0x0, 0x6f, 0x0, 0x0, 0x0, 0x6, 0xf0, 0x0,
    0x0, 0x0, 0x6f, 0x0, 0x0, 0x0, 0x6, 0xf0,
    0x0, 0x0,

    /* U+0167 "ŧ" */
    0x4, 0x20, 0xf, 0x30, 0xf, 0x30, 0xef, 0xf7,
    0xf, 0x30, 0xf, 0x30, 0xef, 0xf6, 0xf, 0x30,
    0xf, 0x30, 0xf, 0x82, 0x8, 0xf8,

    /* U+0168 "Ũ" */
    0x0, 0xbf, 0xff, 0x40, 0x0, 0x10, 0x10, 0x0,
    0xe6, 0x0, 0x0, 0x5f, 0xe6, 0x0, 0x0, 0x5f,
    0xe6, 0x0, 0x0, 0x5f, 0xe6, 0x0, 0x0, 0x5f,
    0xe6, 0x0, 0x0, 0x5f, 0xe6, 0x0, 0x0, 0x5f,
    0xe6, 0x0, 0x0, 0x5f, 0xd8, 0x0, 0x0, 0x6e,
    0xac, 0x0, 0x0, 0xbb, 0x3f, 0xb5, 0x5a, 0xf4,
    0x4, 0xcf, 0xfc, 0x40,

    /* U+0169 "ũ" */
    0x0, 0xcc, 0x2b, 0x20, 0x4a, 0x3e, 0xc0, 0x0,
    0x10, 0x0, 0x1, 0xf2, 0x0, 0x7c, 0x1f, 0x20,
    0x7, 0xc1, 0xf2, 0x0, 0x7c, 0x1f, 0x20, 0x7,
    0xc1, 0xf2, 0x0, 0x7c, 0x1f, 0x20, 0x9, 0xc0,
    0xda, 0x26, 0xec, 0x4, 0xdf, 0xb6, 0xc0,

    /* U+016A "Ū" */
    0x0, 0xef, 0xff, 0x50, 0x0, 0x22, 0x22, 0x0,
    0xe6, 0x0, 0x0, 0x5f, 0xe6, 0x0, 0x0, 0x5f,
    0xe6, 0x0, 0x0, 0x5f, 0xe6, 0x0, 0x0, 0x5f,
    0xe6, 0x0, 0x0, 0x5f, 0xe6, 0x0, 0x0, 0x5f,
    0xe6, 0x0, 0x0, 0x5f, 0xd8, 0x0, 0x0, 0x6e,
    0xac, 0x0, 0x0, 0xbb, 0x3f, 0xb5, 0x5a, 0xf4,
    0x4, 0xcf, 0xfc, 0x40,

    /* U+016B "ū" */
    0x2, 0xff, 0xff, 0x10, 0x2, 0x22, 0x20, 0x1f,
    0x20, 0x7, 0xc1, 0xf2, 0x0, 0x7c, 0x1f, 0x20,
    0x7, 0xc1, 0xf2, 0x0, 0x7c, 0x1f, 0x20, 0x7,
    0xc1, 0xf2, 0x0, 0x9c, 0xd, 0xa2, 0x6e, 0xc0,
    0x4d, 0xfb, 0x6c,

    /* U+016C "Ŭ" */
    0x0, 0x61, 0x7, 0x0, 0x0, 0x5d, 0xe7, 0x0,
    0x0, 0x0, 0x0, 0x0, 0xe6, 0x0, 0x0, 0x5f,
    0xe6, 0x0, 0x0, 0x5f, 0xe6, 0x0, 0x0, 0x5f,
    0xe6, 0x0, 0x0, 0x5f, 0xe6, 0x0, 0x0, 0x5f,
    0xe6, 0x0, 0x0, 0x5f, 0xe6, 0x0, 0x0, 0x5f,
    0xd8, 0x0, 0x0, 0x6e, 0xac, 0x0, 0x0, 0xbb,
    0x3f, 0xb5, 0x5a, 0xf4, 0x4, 0xcf, 0xfc, 0x40,

    /* U+016D "ŭ" */
    0x0, 0xd1, 0x2c, 0x0, 0x5, 0xdd, 0x40, 0x0,
    0x0, 0x0, 0x1, 0xf2, 0x0, 0x7c, 0x1f, 0x20,
    0x7, 0xc1, 0xf2, 0x0, 0x7c, 0x1f, 0x20, 0x7,
    0xc1, 0xf2, 0x0, 0x7c, 0x1f, 0x20, 0x9, 0xc0,
    0xda, 0x26, 0xec, 0x4, 0xdf, 0xb6, 0xc0,

    /* U+016E "Ů" */
    0x0, 0x8, 0x80, 0x0, 0x0, 0x26, 0x53, 0x0,
    0x0, 0x8, 0x80, 0x0, 0xe6, 0x0, 0x0, 0x5f,
    0xe6, 0x0, 0x0, 0x5f, 0xe6, 0x0, 0x0, 0x5f,
    0xe6, 0x0, 0x0, 0x5f, 0xe6, 0x0, 0x0, 0x5f,
    0xe6, 0x0, 0x0, 0x5f, 0xe6, 0x0, 0x0, 0x5f,
    0xd8, 0x0, 0x0, 0x6e, 0xac, 0x0, 0x0, 0xbb,
    0x3f, 0xb5, 0x5a, 0xf4, 0x4, 0xcf, 0xfc, 0x40,

    /* U+016F "ů" */
    0x0, 0x1a, 0x90, 0x0, 0x5, 0x38, 0x0, 0x0,
    0x9, 0x70, 0x1, 0xf2, 0x0, 0x7c, 0x1f, 0x20,
    0x7, 0xc1, 0xf2, 0x0, 0x7c, 0x1f, 0x20, 0x7,
    0xc1, 0xf2, 0x0, 0x7c, 0x1f, 0x20, 0x9, 0xc0,
    0xda, 0x26, 0xec, 0x4, 0xdf, 0xb6, 0xc0,

    /* U+0170 "Ű" */
    0x0, 0x3f, 0x4c, 0xa0, 0x0, 0x98, 0x3e, 0x10,
    0x0, 0x0, 0x0, 0x0, 0xe6, 0x0, 0x0, 0x5f,
    0xe6, 0x0, 0x0, 0x5f, 0xe6, 0x0, 0x0, 0x5f,
    0xe6, 0x0, 0x0, 0x5f, 0xe6, 0x0, 0x0, 0x5f,
    0xe6, 0x0, 0x0, 0x5f, 0xe6, 0x0, 0x0, 0x5f,
    0xd8, 0x0, 0x0, 0x6e, 0xac, 0x0, 0x0, 0xbb,
    0x3f, 0xb5, 0x5a, 0xf4, 0x4, 0xcf, 0xfc, 0x40,

    /* U+0171 "ű" */
    0x0, 0xbb, 0x5f, 0x20, 0x2e, 0x1c, 0x60, 0x0,
    0x0, 0x0, 0x1, 0xf2, 0x0, 0x7c, 0x1f, 0x20,
    0x7, 0xc1, 0xf2, 0x0, 0x7c, 0x1f, 0x20, 0x7,
    0xc1, 0xf2, 0x0, 0x7c, 0x1f, 0x20, 0x9, 0xc0,
    0xda, 0x26, 0xec, 0x4, 0xdf, 0xb6, 0xc0,

    /* U+0172 "Ų" */
    0xe6, 0x0, 0x0, 0x5f, 0xe6, 0x0, 0x0, 0x5f,
    0xe6, 0x0, 0x0, 0x5f, 0xe6, 0x0, 0x0, 0x5f,
    0xe6, 0x0, 0x0, 0x5f, 0xe6, 0x0, 0x0, 0x5f,
    0xe6, 0x0, 0x0, 0x5f, 0xd8, 0x0, 0x0, 0x6e,
    0xac, 0x0, 0x0, 0xbb, 0x3f, 0xb5, 0x5a, 0xf4,
    0x4, 0xcf, 0xfd, 0x40, 0x0, 0x2, 0xb0, 0x0,
    0x0, 0x7, 0x91, 0x0, 0x0, 0x3, 0xea, 0x0,

    /* U+0173 "ų" */
    0x1f, 0x20, 0x7, 0xc0, 0x1f, 0x20, 0x7, 0xc0,
    0x1f, 0x20, 0x7, 0xc0, 0x1f, 0x20, 0x7, 0xc0,
    0x1f, 0x20, 0x7, 0xc0, 0x1f, 0x20, 0x9, 0xc0,
    0xd, 0xa2, 0x6e, 0xc0, 0x4, 0xdf, 0xb7, 0xe0,
    0x0, 0x0, 0xb, 0x20, 0x0, 0x0, 0x1f, 0x10,
    0x0, 0x0, 0xc, 0xe1,

    /* U+0174 "Ŵ" */
    0x0, 0x0, 0x2, 0x83, 0x0, 0x0, 0x0, 0x0,
    0x0, 0xd, 0xae, 0x10, 0x0, 0x0, 0x0, 0x0,
    0x37, 0x6, 0x40, 0x0, 0x0, 0xba, 0x0, 0x4,
    0xf9, 0x0, 0x6, 0xe0, 0x7d, 0x0, 0x8, 0xed,
    0x0, 0x9, 0xb0, 0x3f, 0x10, 0xc, 0x7f, 0x10,
    0xd, 0x70, 0xf, 0x40, 0x1f, 0x1d, 0x50, 0x1f,
    0x30, 0xb, 0x70, 0x5d, 0x9, 0x90, 0x4e, 0x0,
    0x8, 0xb0, 0x99, 0x5, 0xd0, 0x7b, 0x0, 0x4,
    0xe0, 0xd5, 0x1, 0xf1, 0xb7, 0x0, 0x0, 0xf3,
    0xf1, 0x0, 0xd5, 0xe3, 0x0, 0x0, 0xc9, 0xd0,
    0x0, 0x9a, 0xe0, 0x0, 0x0, 0x8f, 0x90, 0x0,
    0x5f, 0xb0, 0x0, 0x0, 0x4f, 0x50, 0x0, 0x1f,
    0x70, 0x0,

    /* U+0175 "ŵ" */
    0x0, 0x0, 0xdf, 0x20, 0x0, 0x0, 0xa, 0xb6,
    0xd0, 0x0, 0x0, 0x0, 0x0, 0x0, 0x0, 0xd7,
    0x0, 0xbc, 0x0, 0x5d, 0x8b, 0x0, 0xef, 0x0,
    0x99, 0x4e, 0x2, 0xdd, 0x40, 0xd4, 0xf, 0x36,
    0x9a, 0x82, 0xf0, 0xb, 0x7a, 0x66, 0xb6, 0xb0,
    0x6, 0xbe, 0x22, 0xfb, 0x70, 0x2, 0xfe, 0x0,
    0xef, 0x20, 0x0, 0xda, 0x0, 0xad, 0x0,

    /* U+0176 "Ŷ" */
    0x0, 0x0, 0x75, 0x0, 0x0, 0x0, 0x9, 0xbe,
    0x30, 0x0, 0x0, 0x17, 0x14, 0x60, 0x0, 0xae,
    0x0, 0x0, 0x9, 0xd0, 0x1f, 0x80, 0x0, 0x3f,
    0x40, 0x6, 0xf2, 0x0, 0xca, 0x0, 0x0, 0xdb,
    0x6, 0xe1, 0x0, 0x0, 0x3f, 0x5e, 0x60, 0x0,
    0x0, 0x9, 0xfc, 0x0, 0x0, 0x0, 0x2, 0xf4,
    0x0, 0x0, 0x0, 0x1, 0xf3, 0x0, 0x0, 0x0,
    0x1, 0xf3, 0x0, 0x0, 0x0, 0x1, 0xf3, 0x0,
    0x0, 0x0, 0x1, 0xf3, 0x0, 0x0,

    /* U+0177 "ŷ" */
    0x0, 0x3f, 0xc0, 0x0, 0x1e, 0x6c, 0x80, 0x0,
    0x0, 0x0, 0x9, 0xb0, 0x0, 0x8b, 0x4f, 0x10,
    0xd, 0x50, 0xe6, 0x3, 0xf0, 0x8, 0xb0, 0x8a,
    0x0, 0x3f, 0x1e, 0x40, 0x0, 0xd8, 0xe0, 0x0,
    0x7, 0xf9, 0x0, 0x0, 0x2f, 0x40, 0x0, 0x3,
    0xe0, 0x0, 0x15, 0xc8, 0x0, 0x2, 0xfc, 0x0,
    0x0,

    /* U+0178 "Ÿ" */
    0x0, 0x4f, 0xb, 0x80, 0x0, 0x0, 0x28, 0x5,
    0x40, 0x0, 0xae, 0x0, 0x0, 0x9, 0xd0, 0x1f,
    0x80, 0x0, 0x3f, 0x40, 0x6, 0xf2, 0x0, 0xca,
    0x0, 0x0, 0xdb, 0x6, 0xe1, 0x0, 0x0, 0x3f,
    0x5e, 0x60, 0x0, 0x0, 0x9, 0xfc, 0x0, 0x0,
    0x0, 0x2, 0xf4, 0x0, 0x0, 0x0, 0x1, 0xf3,
    0x0, 0x0, 0x0, 0x1, 0xf3, 0x0, 0x0, 0x0,
    0x1, 0xf3, 0x0, 0x0, 0x0, 0x1, 0xf3, 0x0,
    0x0,

    /* U+0179 "Ź" */
    0x0, 0x1, 0xf6, 0x0, 0x0, 0x0, 0x8a, 0x0,
    0x0, 0x0, 0x0, 0x0, 0x0, 0x2, 0xff, 0xff,
    0xff, 0xf0, 0x4, 0x44, 0x44, 0xdd, 0x0, 0x0,
    0x0, 0x8f, 0x20, 0x0, 0x0, 0x4f, 0x60, 0x0,
    0x0, 0x1e, 0xa0, 0x0, 0x0, 0xb, 0xd1, 0x0,
    0x0, 0x6, 0xf3, 0x0, 0x0, 0x2, 0xf7, 0x0,
    0x0, 0x0, 0xdb, 0x0, 0x0, 0x0, 0x8f, 0x54,
    0x44, 0x44, 0xb, 0xff, 0xff, 0xff, 0xf3,

    /* U+017A "ź" */
    0x0, 0xa, 0xc0, 0x0, 0x1, 0xe2, 0x0, 0x0,
    0x0, 0x0, 0x7, 0xff, 0xff, 0xf7, 0x1, 0x11,
    0x8e, 0x10, 0x0, 0x4f, 0x40, 0x0, 0x1e, 0x70,
    0x0, 0xc, 0xb0, 0x0, 0x9, 0xd0, 0x0, 0x6,
    0xf4, 0x22, 0x21, 0xbf, 0xff, 0xff, 0xb0,

    /* U+017B "Ż" */
    0x0, 0x5, 0xf2, 0x0, 0x0, 0x0, 0x3a, 0x10,
    0x0, 0x2f, 0xff, 0xff, 0xff, 0x0, 0x44, 0x44,
    0x4d, 0xd0, 0x0, 0x0, 0x8, 0xf2, 0x0, 0x0,
    0x4, 0xf6, 0x0, 0x0, 0x1, 0xea, 0x0, 0x0,
    0x0, 0xbd, 0x10, 0x0, 0x0, 0x6f, 0x30, 0x0,
    0x0, 0x2f, 0x70, 0x0, 0x0, 0xd, 0xb0, 0x0,
    0x0, 0x8, 0xf5, 0x44, 0x44, 0x40, 0xbf, 0xff,
    0xff, 0xff, 0x30,

    /* U+017C "ż" */
    0x0, 0x4f, 0x40, 0x0, 0x2, 0xa2, 0x0, 0x0,
    0x0, 0x0, 0x7, 0xff, 0xff, 0xf7, 0x1, 0x11,
    0x8e, 0x10, 0x0, 0x4f, 0x40, 0x0, 0x1e, 0x70,
    0x0, 0xc, 0xb0, 0x0, 0x9, 0xd0, 0x0, 0x6,
    0xf4, 0x22, 0x21, 0xbf, 0xff, 0xff, 0xb0,

    /* U+017D "Ž" */
    0x0, 0x55, 0x7, 0x20, 0x0, 0x2, 0xfa, 0xb0,
    0x0, 0x0, 0x4, 0x71, 0x0, 0x2, 0xff, 0xff,
    0xff, 0xf0, 0x4, 0x44, 0x44, 0xdd, 0x0, 0x0,
    0x0, 0x8f, 0x20, 0x0, 0x0, 0x4f, 0x60, 0x0,
    0x0, 0x1e, 0xa0, 0x0, 0x0, 0xb, 0xd1, 0x0,
    0x0, 0x6, 0xf3, 0x0, 0x0, 0x2, 0xf7, 0x0,
    0x0, 0x0, 0xdb, 0x0, 0x0, 0x0, 0x8f, 0x54,
    0x44, 0x44, 0xb, 0xff, 0xff, 0xff, 0xf3,

    /* U+017E "ž" */
    0x2, 0xf4, 0xd7, 0x0, 0x6, 0xfb, 0x0, 0x0,
    0x0, 0x0, 0x7, 0xff, 0xff, 0xf7, 0x1, 0x11,
    0x8e, 0x10, 0x0, 0x4f, 0x40, 0x0, 0x1e, 0x70,
    0x0, 0xc, 0xb0, 0x0, 0x9, 0xd0, 0x0, 0x6,
    0xf4, 0x22, 0x21, 0xbf, 0xff, 0xff, 0xb0,

    /* U+017F "ſ" */
    0x7, 0xfe, 0x0, 0xf8, 0x30, 0xf, 0x20, 0x1,
    0xf2, 0x0, 0x1f, 0x20, 0x1, 0xf2, 0x0, 0x1f,
    0x20, 0x1, 0xf2, 0x0, 0x1f, 0x20, 0x1, 0xf2,
    0x0, 0x1f, 0x20, 0x0,

    /* U+F071 "" */
    0x0, 0x0, 0x0, 0x0, 0x0, 0x0, 0x0, 0x0,
    0x0, 0x0, 0x0, 0x0, 0x2e, 0xd1, 0x0, 0x0,
    0x0, 0x0, 0x0, 0x0, 0xc, 0xff, 0x90, 0x0,
    0x0, 0x0, 0x0, 0x0, 0x5, 0xff, 0xff, 0x20,
    0x0, 0x0, 0x0, 0x0, 0x0, 0xef, 0xff, 0xfb,
    0x0, 0x0, 0x0, 0x0, 0x0, 0x8f, 0xfc, 0xcf,
    0xf5, 0x0, 0x0, 0x0, 0x0, 0x2f, 0xfb, 0x0,
    0xef, 0xd0, 0x0, 0x0, 0x0, 0xb, 0xff, 0xc0,
    0xf, 0xff, 0x70, 0x0, 0x0, 0x4, 0xff, 0xfd,
    0x0, 0xff, 0xff, 0x10, 0x0, 0x0, 0xdf, 0xff,
    0xe0, 0x1f, 0xff, 0xfa, 0x0, 0x0, 0x7f, 0xff,
    0xff, 0x9b, 0xff, 0xff, 0xf3, 0x0, 0x1f, 0xff,
    0xff, 0xb0, 0xe, 0xff, 0xff, 0xd0, 0x9, 0xff,
    0xff, 0xfe, 0x24, 0xff, 0xff, 0xff, 0x60, 0xef,
    0xff, 0xff, 0xff, 0xff, 0xff, 0xff, 0xfb, 0x6,
    0xcc, 0xcc, 0xcc, 0xcc, 0xcc, 0xcc, 0xcb, 0x40,

    /* U+F1EB "" */
    0x0, 0x0, 0x0, 0x24, 0x55, 0x41, 0x0, 0x0,
    0x0, 0x0, 0x3, 0xae, 0xff, 0xff, 0xff, 0xc7,
    0x10, 0x0, 0x2, 0xbf, 0xff, 0xfe, 0xde, 0xff,
    0xff, 0xf7, 0x0, 0x4f, 0xff, 0xb5, 0x10, 0x0,
    0x3, 0x7e, 0xff, 0xb1, 0xcf, 0xd3, 0x0, 0x0,
    0x0, 0x0, 0x0, 0x8f, 0xf5, 0x18, 0x10, 0x5,
    0xae, 0xff, 0xc8, 0x20, 0x4, 0x70, 0x0, 0x2,
    0xcf, 0xff, 0xff, 0xff, 0xf8, 0x0, 0x0, 0x0,
    0xc, 0xff, 0xa5, 0x33, 0x7d, 0xff, 0x50, 0x0,
    0x0, 0x2, 0xa2, 0x0, 0x0, 0x0, 0x78, 0x0,
    0x0, 0x0, 0x0, 0x0, 0x2, 0x86, 0x0, 0x0,
    0x0, 0x0, 0x0, 0x0, 0x0, 0xc, 0xff, 0x50,
    0x0, 0x0, 0x0, 0x0, 0x0, 0x0, 0xe, 0xff,
    0x70, 0x0, 0x0, 0x0, 0x0, 0x0, 0x0, 0x4,
    0xca, 0x0, 0x0, 0x0, 0x0
};


/*---------------------
 *  GLYPH DESCRIPTION
 *--------------------*/

static const lv_font_fmt_txt_glyph_dsc_t glyph_dsc[] = {
    {.bitmap_index = 0, .adv_w = 0, .box_w = 0, .box_h = 0, .ofs_x = 0, .ofs_y = 0} /* id = 0 reserved */,
    {.bitmap_index = 0, .adv_w = 62, .box_w = 0, .box_h = 0, .ofs_x = 0, .ofs_y = 0},
    {.bitmap_index = 0, .adv_w = 62, .box_w = 2, .box_h = 11, .ofs_x = 1, .ofs_y = 0},
    {.bitmap_index = 11, .adv_w = 80, .box_w = 5, .box_h = 4, .ofs_x = 0, .ofs_y = 7},
    {.bitmap_index = 21, .adv_w = 125, .box_w = 8, .box_h = 11, .ofs_x = 0, .ofs_y = 0},
    {.bitmap_index = 65, .adv_w = 125, .box_w = 8, .box_h = 14, .ofs_x = 0, .ofs_y = -2},
    {.bitmap_index = 121, .adv_w = 199, .box_w = 12, .box_h = 11, .ofs_x = 0, .ofs_y = 0},
    {.bitmap_index = 187, .adv_w = 149, .box_w = 10, .box_h = 12, .ofs_x = 0, .ofs_y = -1},
    {.bitmap_index = 247, .adv_w = 43, .box_w = 3, .box_h = 4, .ofs_x = 0, .ofs_y = 7},
    {.bitmap_index = 253, .adv_w = 75, .box_w = 5, .box_h = 14, .ofs_x = 0, .ofs_y = -3},
    {.bitmap_index = 288, .adv_w = 75, .box_w = 5, .box_h = 14, .ofs_x = 0, .ofs_y = -3},
    {.bitmap_index = 323, .adv_w = 87, .box_w = 5, .box_h = 5, .ofs_x = 0, .ofs_y = 6},
    {.bitmap_index = 336, .adv_w = 131, .box_w = 8, .box_h = 8, .ofs_x = 0, .ofs_y = 2},
    {.bitmap_index = 368, .adv_w = 62, .box_w = 2, .box_h = 5, .ofs_x = 1, .ofs_y = -3},
    {.bitmap_index = 373, .adv_w = 75, .box_w = 5, .box_h = 3, .ofs_x = 0, .ofs_y = 3},
    {.bitmap_index = 381, .adv_w = 62, .box_w = 2, .box_h = 2, .ofs_x = 1, .ofs_y = 0},
    {.bitmap_index = 383, .adv_w = 62, .box_w = 4, .box_h = 11, .ofs_x = 0, .ofs_y = 0},
    {.bitmap_index = 405, .adv_w = 125, .box_w = 8, .box_h = 11, .ofs_x = 0, .ofs_y = 0},
    {.bitmap_index = 449, .adv_w = 125, .box_w = 5, .box_h = 11, .ofs_x = 1, .ofs_y = 0},
    {.bitmap_index = 477, .adv_w = 125, .box_w = 8, .box_h = 11, .ofs_x = 0, .ofs_y = 0},
    {.bitmap_index = 521, .adv_w = 125, .box_w = 8, .box_h = 11, .ofs_x = 0, .ofs_y = 0},
    {.bitmap_index = 565, .adv_w = 125, .box_w = 8, .box_h = 11, .ofs_x = 0, .ofs_y = 0},
    {.bitmap_index = 609, .adv_w = 125, .box_w = 8, .box_h = 11, .ofs_x = 0, .ofs_y = 0},
    {.bitmap_index = 653, .adv_w = 125, .box_w = 8, .box_h = 11, .ofs_x = 0, .ofs_y = 0},
    {.bitmap_index = 697, .adv_w = 125, .box_w = 8, .box_h = 11, .ofs_x = 0, .ofs_y = 0},
    {.bitmap_index = 741, .adv_w = 125, .box_w = 8, .box_h = 11, .ofs_x = 0, .ofs_y = 0},
    {.bitmap_index = 785, .adv_w = 125, .box_w = 8, .box_h = 11, .ofs_x = 0, .ofs_y = 0},
    {.bitmap_index = 829, .adv_w = 62, .box_w = 2, .box_h = 8, .ofs_x = 1, .ofs_y = 0},
    {.bitmap_index = 837, .adv_w = 62, .box_w = 2, .box_h = 11, .ofs_x = 1, .ofs_y = -3},
    {.bitmap_index = 848, .adv_w = 131, .box_w = 8, .box_h = 8, .ofs_x = 0, .ofs_y = 1},
    {.bitmap_index = 880, .adv_w = 131, .box_w = 8, .box_h = 5, .ofs_x = 0, .ofs_y = 3},
    {.bitmap_index = 900, .adv_w = 131, .box_w = 8, .box_h = 8, .ofs_x = 0, .ofs_y = 1},
    {.bitmap_index = 932, .adv_w = 125, .box_w = 8, .box_h = 11, .ofs_x = 0, .ofs_y = 0},
    {.bitmap_index = 976, .adv_w = 227, .box_w = 14, .box_h = 14, .ofs_x = 0, .ofs_y = -3},
    {.bitmap_index = 1074, .adv_w = 149, .box_w = 11, .box_h = 11, .ofs_x = -1, .ofs_y = 0},
    {.bitmap_index = 1135, .adv_w = 149, .box_w = 8, .box_h = 11, .ofs_x = 1, .ofs_y = 0},
    {.bitmap_index = 1179, .adv_w = 162, .box_w = 10, .box_h = 11, .ofs_x = 0, .ofs_y = 0},
    {.bitmap_index = 1234, .adv_w = 162, .box_w = 9, .box_h = 11, .ofs_x = 1, .ofs_y = 0},
    {.bitmap_index = 1284, .adv_w = 149, .box_w = 8, .box_h = 11, .ofs_x = 1, .ofs_y = 0},
    {.bitmap_index = 1328, .adv_w = 137, .box_w = 7, .box_h = 11, .ofs_x = 1, .ofs_y = 0},
    {.bitmap_index = 1367, .adv_w = 174, .box_w = 11, .box_h = 11, .ofs_x = 0, .ofs_y = 0},
    {.bitmap_index = 1428, .adv_w = 162, .box_w = 8, .box_h = 11, .ofs_x = 1, .ofs_y = 0},
    {.bitmap_index = 1472, .adv_w = 62, .box_w = 2, .box_h = 11, .ofs_x = 1, .ofs_y = 0},
    {.bitmap_index = 1483, .adv_w = 112, .box_w = 6, .box_h = 11, .ofs_x = 0, .ofs_y = 0},
    {.bitmap_index = 1516, .adv_w = 149, .box_w = 9, .box_h = 11, .ofs_x = 1, .ofs_y = 0},
    {.bitmap_index = 1566, .adv_w = 125, .box_w = 7, .box_h = 11, .ofs_x = 1, .ofs_y = 0},
    {.bitmap_index = 1605, .adv_w = 187, .box_w = 10, .box_h = 11, .ofs_x = 1, .ofs_y = 0},
    {.bitmap_index = 1660, .adv_w = 162, .box_w = 8, .box_h = 11, .ofs_x = 1, .ofs_y = 0},
    {.bitmap_index = 1704, .adv_w = 174, .box_w = 11, .box_h = 11, .ofs_x = 0, .ofs_y = 0},
    {.bitmap_index = 1765, .adv_w = 149, .box_w = 8, .box_h = 11, .ofs_x = 1, .ofs_y = 0},
    {.bitmap_index = 1809, .adv_w = 174, .box_w = 11, .box_h = 12, .ofs_x = 0, .ofs_y = -1},
    {.bitmap_index = 1875, .adv_w = 162, .box_w = 9, .box_h = 11, .ofs_x = 1, .ofs_y = 0},
    {.bitmap_index = 1925, .adv_w = 149, .box_w = 9, .box_h = 11, .ofs_x = 0, .ofs_y = 0},
    {.bitmap_index = 1975, .adv_w = 137, .box_w = 9, .box_h = 11, .ofs_x = 0, .ofs_y = 0},
    {.bitmap_index = 2025, .adv_w = 162, .box_w = 8, .box_h = 11, .ofs_x = 1, .ofs_y = 0},
    {.bitmap_index = 2069, .adv_w = 149, .box_w = 10, .box_h = 11, .ofs_x = 0, .ofs_y = 0},
    {.bitmap_index = 2124, .adv_w = 211, .box_w = 14, .box_h = 11, .ofs_x = 0, .ofs_y = 0},
    {.bitmap_index = 2201, .adv_w = 149, .box_w = 10, .box_h = 11, .ofs_x = 0, .ofs_y = 0},
    {.bitmap_index = 2256, .adv_w = 149, .box_w = 10, .box_h = 11, .ofs_x = 0, .ofs_y = 0},
    {.bitmap_index = 2311, .adv_w = 137, .box_w = 9, .box_h = 11, .ofs_x = 0, .ofs_y = 0},
    {.bitmap_index = 2361, .adv_w = 62, .box_w = 4, .box_h = 14, .ofs_x = 0, .ofs_y = -3},
    {.bitmap_index = 2389, .adv_w = 62, .box_w = 4, .box_h = 11, .ofs_x = 0, .ofs_y = 0},
    {.bitmap_index = 2411, .adv_w = 62, .box_w = 3, .box_h = 14, .ofs_x = 0, .ofs_y = -3},
    {.bitmap_index = 2432, .adv_w = 105, .box_w = 7, .box_h = 6, .ofs_x = 0, .ofs_y = 5},
    {.bitmap_index = 2453, .adv_w = 125, .box_w = 9, .box_h = 1, .ofs_x = -1, .ofs_y = -3},
    {.bitmap_index = 2458, .adv_w = 75, .box_w = 4, .box_h = 3, .ofs_x = 0, .ofs_y = 9},
    {.bitmap_index = 2464, .adv_w = 125, .box_w = 8, .box_h = 8, .ofs_x = 0, .ofs_y = 0},
    {.bitmap_index = 2496, .adv_w = 125, .box_w = 8, .box_h = 11, .ofs_x = 0, .ofs_y = 0},
    {.bitmap_index = 2540, .adv_w = 112, .box_w = 7, .box_h = 8, .ofs_x = 0, .ofs_y = 0},
    {.bitmap_index = 2568, .adv_w = 125, .box_w = 7, .box_h = 11, .ofs_x = 0, .ofs_y = 0},
    {.bitmap_index = 2607, .adv_w = 125, .box_w = 8, .box_h = 8, .ofs_x = 0, .ofs_y = 0},
    {.bitmap_index = 2639, .adv_w = 62, .box_w = 5, .box_h = 11, .ofs_x = 0, .ofs_y = 0},
    {.bitmap_index = 2667, .adv_w = 125, .box_w = 7, .box_h = 11, .ofs_x = 0, .ofs_y = -3},
    {.bitmap_index = 2706, .adv_w = 125, .box_w = 7, .box_h = 11, .ofs_x = 0, .ofs_y = 0},
    {.bitmap_index = 2745, .adv_w = 50, .box_w = 3, .box_h = 11, .ofs_x = 0, .ofs_y = 0},
    {.bitmap_index = 2762, .adv_w = 50, .box_w = 4, .box_h = 14, .ofs_x = -1, .ofs_y = -3},
    {.bitmap_index = 2790, .adv_w = 112, .box_w = 7, .box_h = 11, .ofs_x = 0, .ofs_y = 0},
    {.bitmap_index = 2829, .adv_w = 50, .box_w = 3, .box_h = 11, .ofs_x = 0, .ofs_y = 0},
    {.bitmap_index = 2846, .adv_w = 187, .box_w = 11, .box_h = 8, .ofs_x = 0, .ofs_y = 0},
    {.bitmap_index = 2890, .adv_w = 125, .box_w = 7, .box_h = 8, .ofs_x = 0, .ofs_y = 0},
    {.bitmap_index = 2918, .adv_w = 125, .box_w = 8, .box_h = 8, .ofs_x = 0, .ofs_y = 0},
    {.bitmap_index = 2950, .adv_w = 125, .box_w = 8, .box_h = 11, .ofs_x = 0, .ofs_y = -3},
    {.bitmap_index = 2994, .adv_w = 125, .box_w = 7, .box_h = 11, .ofs_x = 0, .ofs_y = -3},
    {.bitmap_index = 3033, .adv_w = 75, .box_w = 5, .box_h = 8, .ofs_x = 0, .ofs_y = 0},
    {.bitmap_index = 3053, .adv_w = 112, .box_w = 7, .box_h = 8, .ofs_x = 0, .ofs_y = 0},
    {.bitmap_index = 3081, .adv_w = 62, .box_w = 4, .box_h = 11, .ofs_x = 0, .ofs_y = 0},
    {.bitmap_index = 3103, .adv_w = 125, .box_w = 7, .box_h = 8, .ofs_x = 0, .ofs_y = 0},
    {.bitmap_index = 3131, .adv_w = 112, .box_w = 7, .box_h = 8, .ofs_x = 0, .ofs_y = 0},
    {.bitmap_index = 3159, .adv_w = 162, .box_w = 10, .box_h = 8, .ofs_x = 0, .ofs_y = 0},
    {.bitmap_index = 3199, .adv_w = 112, .box_w = 7, .box_h = 8, .ofs_x = 0, .ofs_y = 0},
    {.bitmap_index = 3227, .adv_w = 112, .box_w = 7, .box_h = 11, .ofs_x = 0, .ofs_y = -3},
    {.bitmap_index = 3266, .adv_w = 112, .box_w = 7, .box_h = 8, .ofs_x = 0, .ofs_y = 0},
    {.bitmap_index = 3294, .adv_w = 75, .box_w = 5, .box_h = 14, .ofs_x = 0, .ofs_y = -3},
    {.bitmap_index = 3329, .adv_w = 58, .box_w = 2, .box_h = 14, .ofs_x = 1, .ofs_y = -3},
    {.bitmap_index = 3343, .adv_w = 75, .box_w = 5, .box_h = 14, .ofs_x = 0, .ofs_y = -3},
    {.bitmap_index = 3378, .adv_w = 131, .box_w = 8, .box_h = 4, .ofs_x = 0, .ofs_y = 3},
    {.bitmap_index = 3394, .adv_w = 62, .box_w = 0, .box_h = 0, .ofs_x = 0, .ofs_y = 0},
    {.bitmap_index = 3394, .adv_w = 75, .box_w = 3, .box_h = 11, .ofs_x = 1, .ofs_y = -3},
    {.bitmap_index = 3411, .adv_w = 125, .box_w = 8, .box_h = 14, .ofs_x = 0, .ofs_y = -3},
    {.bitmap_index = 3467, .adv_w = 125, .box_w = 8, .box_h = 12, .ofs_x = 0, .ofs_y = -1},
    {.bitmap_index = 3515, .adv_w = 125, .box_w = 8, .box_h = 8, .ofs_x = 0, .ofs_y = 1},
    {.bitmap_index = 3547, .adv_w = 125, .box_w = 9, .box_h = 11, .ofs_x = -1, .ofs_y = 0},
    {.bitmap_index = 3597, .adv_w = 58, .box_w = 2, .box_h = 14, .ofs_x = 1, .ofs_y = -3},
    {.bitmap_index = 3611, .adv_w = 125, .box_w = 8, .box_h = 14, .ofs_x = 0, .ofs_y = -3},
    {.bitmap_index = 3667, .adv_w = 75, .box_w = 5, .box_h = 2, .ofs_x = 0, .ofs_y = 9},
    {.bitmap_index = 3672, .adv_w = 165, .box_w = 11, .box_h = 11, .ofs_x = 0, .ofs_y = 0},
    {.bitmap_index = 3733, .adv_w = 83, .box_w = 5, .box_h = 5, .ofs_x = 0, .ofs_y = 5},
    {.bitmap_index = 3746, .adv_w = 125, .box_w = 7, .box_h = 7, .ofs_x = 0, .ofs_y = 1},
    {.bitmap_index = 3771, .adv_w = 131, .box_w = 8, .box_h = 5, .ofs_x = 0, .ofs_y = 3},
    {.bitmap_index = 3791, .adv_w = 75, .box_w = 5, .box_h = 3, .ofs_x = 0, .ofs_y = 3},
    {.bitmap_index = 3799, .adv_w = 165, .box_w = 11, .box_h = 11, .ofs_x = 0, .ofs_y = 0},
    {.bitmap_index = 3860, .adv_w = 124, .box_w = 9, .box_h = 1, .ofs_x = -1, .ofs_y = 12},
    {.bitmap_index = 3865, .adv_w = 90, .box_w = 5, .box_h = 4, .ofs_x = 0, .ofs_y = 7},
    {.bitmap_index = 3875, .adv_w = 123, .box_w = 8, .box_h = 9, .ofs_x = 0, .ofs_y = 0},
    {.bitmap_index = 3911, .adv_w = 75, .box_w = 5, .box_h = 5, .ofs_x = 0, .ofs_y = 5},
    {.bitmap_index = 3924, .adv_w = 75, .box_w = 5, .box_h = 5, .ofs_x = 0, .ofs_y = 5},
    {.bitmap_index = 3937, .adv_w = 75, .box_w = 4, .box_h = 3, .ofs_x = 1, .ofs_y = 9},
    {.bitmap_index = 3943, .adv_w = 129, .box_w = 6, .box_h = 11, .ofs_x = 1, .ofs_y = -3},
    {.bitmap_index = 3976, .adv_w = 120, .box_w = 8, .box_h = 14, .ofs_x = 0, .ofs_y = -3},
    {.bitmap_index = 4032, .adv_w = 75, .box_w = 3, .box_h = 2, .ofs_x = 1, .ofs_y = 5},
    {.bitmap_index = 4035, .adv_w = 75, .box_w = 4, .box_h = 4, .ofs_x = 0, .ofs_y = -3},
    {.bitmap_index = 4043, .adv_w = 75, .box_w = 4, .box_h = 5, .ofs_x = 0, .ofs_y = 5},
    {.bitmap_index = 4053, .adv_w = 82, .box_w = 5, .box_h = 5, .ofs_x = 0, .ofs_y = 5},
    {.bitmap_index = 4066, .adv_w = 125, .box_w = 7, .box_h = 7, .ofs_x = 0, .ofs_y = 1},
    {.bitmap_index = 4091, .adv_w = 187, .box_w = 12, .box_h = 12, .ofs_x = 0, .ofs_y = 0},
    {.bitmap_index = 4163, .adv_w = 187, .box_w = 12, .box_h = 12, .ofs_x = 0, .ofs_y = -1},
    {.bitmap_index = 4235, .adv_w = 187, .box_w = 12, .box_h = 11, .ofs_x = 0, .ofs_y = 0},
    {.bitmap_index = 4301, .adv_w = 137, .box_w = 7, .box_h = 11, .ofs_x = 1, .ofs_y = -3},
    {.bitmap_index = 4340, .adv_w = 149, .box_w = 11, .box_h = 14, .ofs_x = -1, .ofs_y = 0},
    {.bitmap_index = 4417, .adv_w = 149, .box_w = 11, .box_h = 14, .ofs_x = -1, .ofs_y = 0},
    {.bitmap_index = 4494, .adv_w = 149, .box_w = 11, .box_h = 14, .ofs_x = -1, .ofs_y = 0},
    {.bitmap_index = 4571, .adv_w = 149, .box_w = 11, .box_h = 13, .ofs_x = -1, .ofs_y = 0},
    {.bitmap_index = 4643, .adv_w = 149, .box_w = 11, .box_h = 13, .ofs_x = -1, .ofs_y = 0},
    {.bitmap_index = 4715, .adv_w = 149, .box_w = 11, .box_h = 13, .ofs_x = -1, .ofs_y = 0},
    {.bitmap_index = 4787, .adv_w = 224, .box_w = 14, .box_h = 11, .ofs_x = 0, .ofs_y = 0},
    {.bitmap_index = 4864, .adv_w = 162, .box_w = 10, .box_h = 14, .ofs_x = 0, .ofs_y = -3},
    {.bitmap_index = 4934, .adv_w = 149, .box_w = 8, .box_h = 14, .ofs_x = 1, .ofs_y = 0},
    {.bitmap_index = 4990, .adv_w = 149, .box_w = 8, .box_h = 14, .ofs_x = 1, .ofs_y = 0},
    {.bitmap_index = 5046, .adv_w = 149, .box_w = 8, .box_h = 14, .ofs_x = 1, .ofs_y = 0},
    {.bitmap_index = 5102, .adv_w = 149, .box_w = 8, .box_h = 13, .ofs_x = 1, .ofs_y = 0},
    {.bitmap_index = 5154, .adv_w = 62, .box_w = 3, .box_h = 14, .ofs_x = 0, .ofs_y = 0},
    {.bitmap_index = 5175, .adv_w = 62, .box_w = 4, .box_h = 14, .ofs_x = 0, .ofs_y = 0},
    {.bitmap_index = 5203, .adv_w = 62, .box_w = 6, .box_h = 14, .ofs_x = -1, .ofs_y = 0},
    {.bitmap_index = 5245, .adv_w = 62, .box_w = 4, .box_h = 13, .ofs_x = 0, .ofs_y = 0},
    {.bitmap_index = 5271, .adv_w = 162, .box_w = 11, .box_h = 11, .ofs_x = -1, .ofs_y = 0},
    {.bitmap_index = 5332, .adv_w = 162, .box_w = 8, .box_h = 13, .ofs_x = 1, .ofs_y = 0},
    {.bitmap_index = 5384, .adv_w = 174, .box_w = 11, .box_h = 14, .ofs_x = 0, .ofs_y = 0},
    {.bitmap_index = 5461, .adv_w = 174, .box_w = 11, .box_h = 14, .ofs_x = 0, .ofs_y = 0},
    {.bitmap_index = 5538, .adv_w = 174, .box_w = 11, .box_h = 14, .ofs_x = 0, .ofs_y = 0},
    {.bitmap_index = 5615, .adv_w = 174, .box_w = 11, .box_h = 13, .ofs_x = 0, .ofs_y = 0},
    {.bitmap_index = 5687, .adv_w = 174, .box_w = 11, .box_h = 13, .ofs_x = 0, .ofs_y = 0},
    {.bitmap_index = 5759, .adv_w = 131, .box_w = 7, .box_h = 7, .ofs_x = 1, .ofs_y = 2},
    {.bitmap_index = 5784, .adv_w = 174, .box_w = 11, .box_h = 13, .ofs_x = 0, .ofs_y = -1},
    {.bitmap_index = 5856, .adv_w = 162, .box_w = 8, .box_h = 14, .ofs_x = 1, .ofs_y = 0},
    {.bitmap_index = 5912, .adv_w = 162, .box_w = 8, .box_h = 14, .ofs_x = 1, .ofs_y = 0},
    {.bitmap_index = 5968, .adv_w = 162, .box_w = 8, .box_h = 14, .ofs_x = 1, .ofs_y = 0},
    {.bitmap_index = 6024, .adv_w = 162, .box_w = 8, .box_h = 13, .ofs_x = 1, .ofs_y = 0},
    {.bitmap_index = 6076, .adv_w = 149, .box_w = 10, .box_h = 14, .ofs_x = 0, .ofs_y = 0},
    {.bitmap_index = 6146, .adv_w = 149, .box_w = 8, .box_h = 11, .ofs_x = 1, .ofs_y = 0},
    {.bitmap_index = 6190, .adv_w = 137, .box_w = 8, .box_h = 11, .ofs_x = 1, .ofs_y = 0},
    {.bitmap_index = 6234, .adv_w = 125, .box_w = 8, .box_h = 11, .ofs_x = 0, .ofs_y = 0},
    {.bitmap_index = 6278, .adv_w = 125, .box_w = 8, .box_h = 11, .ofs_x = 0, .ofs_y = 0},
    {.bitmap_index = 6322, .adv_w = 125, .box_w = 8, .box_h = 11, .ofs_x = 0, .ofs_y = 0},
    {.bitmap_index = 6366, .adv_w = 125, .box_w = 8, .box_h = 11, .ofs_x = 0, .ofs_y = 0},
    {.bitmap_index = 6410, .adv_w = 125, .box_w = 8, .box_h = 11, .ofs_x = 0, .ofs_y = 0},
    {.bitmap_index = 6454, .adv_w = 125, .box_w = 8, .box_h = 11, .ofs_x = 0, .ofs_y = 0},
    {.bitmap_index = 6498, .adv_w = 199, .box_w = 12, .box_h = 8, .ofs_x = 0, .ofs_y = 0},
    {.bitmap_index = 6546, .adv_w = 112, .box_w = 7, .box_h = 11, .ofs_x = 0, .ofs_y = -3},
    {.bitmap_index = 6585, .adv_w = 125, .box_w = 8, .box_h = 11, .ofs_x = 0, .ofs_y = 0},
    {.bitmap_index = 6629, .adv_w = 125, .box_w = 8, .box_h = 11, .ofs_x = 0, .ofs_y = 0},
    {.bitmap_index = 6673, .adv_w = 125, .box_w = 8, .box_h = 11, .ofs_x = 0, .ofs_y = 0},
    {.bitmap_index = 6717, .adv_w = 125, .box_w = 8, .box_h = 11, .ofs_x = 0, .ofs_y = 0},
    {.bitmap_index = 6761, .adv_w = 62, .box_w = 3, .box_h = 11, .ofs_x = 0, .ofs_y = 0},
    {.bitmap_index = 6778, .adv_w = 62, .box_w = 3, .box_h = 11, .ofs_x = 1, .ofs_y = 0},
    {.bitmap_index = 6795, .adv_w = 62, .box_w = 6, .box_h = 11, .ofs_x = -1, .ofs_y = 0},
    {.bitmap_index = 6828, .adv_w = 62, .box_w = 4, .box_h = 11, .ofs_x = 0, .ofs_y = 0},
    {.bitmap_index = 6850, .adv_w = 125, .box_w = 8, .box_h = 11, .ofs_x = 0, .ofs_y = 0},
    {.bitmap_index = 6894, .adv_w = 125, .box_w = 7, .box_h = 11, .ofs_x = 0, .ofs_y = 0},
    {.bitmap_index = 6933, .adv_w = 125, .box_w = 8, .box_h = 11, .ofs_x = 0, .ofs_y = 0},
    {.bitmap_index = 6977, .adv_w = 125, .box_w = 8, .box_h = 11, .ofs_x = 0, .ofs_y = 0},
    {.bitmap_index = 7021, .adv_w = 125, .box_w = 8, .box_h = 11, .ofs_x = 0, .ofs_y = 0},
    {.bitmap_index = 7065, .adv_w = 125, .box_w = 8, .box_h = 11, .ofs_x = 0, .ofs_y = 0},
    {.bitmap_index = 7109, .adv_w = 125, .box_w = 8, .box_h = 11, .ofs_x = 0, .ofs_y = 0},
    {.bitmap_index = 7153, .adv_w = 123, .box_w = 8, .box_h = 6, .ofs_x = 0, .ofs_y = 2},
    {.bitmap_index = 7177, .adv_w = 137, .box_w = 8, .box_h = 10, .ofs_x = 0, .ofs_y = -1},
    {.bitmap_index = 7217, .adv_w = 125, .box_w = 7, .box_h = 11, .ofs_x = 0, .ofs_y = 0},
    {.bitmap_index = 7256, .adv_w = 125, .box_w = 7, .box_h = 11, .ofs_x = 0, .ofs_y = 0},
    {.bitmap_index = 7295, .adv_w = 125, .box_w = 7, .box_h = 11, .ofs_x = 0, .ofs_y = 0},
    {.bitmap_index = 7334, .adv_w = 125, .box_w = 7, .box_h = 11, .ofs_x = 0, .ofs_y = 0},
    {.bitmap_index = 7373, .adv_w = 112, .box_w = 7, .box_h = 14, .ofs_x = 0, .ofs_y = -3},
    {.bitmap_index = 7422, .adv_w = 125, .box_w = 8, .box_h = 14, .ofs_x = 0, .ofs_y = -3},
    {.bitmap_index = 7478, .adv_w = 112, .box_w = 7, .box_h = 14, .ofs_x = 0, .ofs_y = -3},
    {.bitmap_index = 7527, .adv_w = 149, .box_w = 11, .box_h = 13, .ofs_x = -1, .ofs_y = 0},
    {.bitmap_index = 7599, .adv_w = 125, .box_w = 8, .box_h = 10, .ofs_x = 0, .ofs_y = 0},
    {.bitmap_index = 7639, .adv_w = 149, .box_w = 11, .box_h = 14, .ofs_x = -1, .ofs_y = 0},
    {.bitmap_index = 7716, .adv_w = 125, .box_w = 8, .box_h = 11, .ofs_x = 0, .ofs_y = 0},
    {.bitmap_index = 7760, .adv_w = 149, .box_w = 11, .box_h = 14, .ofs_x = -1, .ofs_y = -3},
    {.bitmap_index = 7837, .adv_w = 125, .box_w = 8, .box_h = 11, .ofs_x = 0, .ofs_y = -3},
    {.bitmap_index = 7881, .adv_w = 162, .box_w = 10, .box_h = 14, .ofs_x = 0, .ofs_y = 0},
    {.bitmap_index = 7951, .adv_w = 112, .box_w = 7, .box_h = 11, .ofs_x = 0, .ofs_y = 0},
    {.bitmap_index = 7990, .adv_w = 162, .box_w = 10, .box_h = 14, .ofs_x = 0, .ofs_y = 0},
    {.bitmap_index = 8060, .adv_w = 112, .box_w = 7, .box_h = 11, .ofs_x = 0, .ofs_y = 0},
    {.bitmap_index = 8099, .adv_w = 162, .box_w = 10, .box_h = 14, .ofs_x = 0, .ofs_y = 0},
    {.bitmap_index = 8169, .adv_w = 112, .box_w = 7, .box_h = 11, .ofs_x = 0, .ofs_y = 0},
    {.bitmap_index = 8208, .adv_w = 162, .box_w = 10, .box_h = 14, .ofs_x = 0, .ofs_y = 0},
    {.bitmap_index = 8278, .adv_w = 112, .box_w = 7, .box_h = 11, .ofs_x = 0, .ofs_y = 0},
    {.bitmap_index = 8317, .adv_w = 162, .box_w = 9, .box_h = 14, .ofs_x = 1, .ofs_y = 0},
    {.bitmap_index = 8380, .adv_w = 138, .box_w = 9, .box_h = 11, .ofs_x = 0, .ofs_y = 0},
    {.bitmap_index = 8430, .adv_w = 162, .box_w = 11, .box_h = 11, .ofs_x = -1, .ofs_y = 0},
    {.bitmap_index = 8491, .adv_w = 125, .box_w = 8, .box_h = 11, .ofs_x = 0, .ofs_y = 0},
    {.bitmap_index = 8535, .adv_w = 149, .box_w = 8, .box_h = 13, .ofs_x = 1, .ofs_y = 0},
    {.bitmap_index = 8587, .adv_w = 125, .box_w = 8, .box_h = 10, .ofs_x = 0, .ofs_y = 0},
    {.bitmap_index = 8627, .adv_w = 149, .box_w = 8, .box_h = 14, .ofs_x = 1, .ofs_y = 0},
    {.bitmap_index = 8683, .adv_w = 125, .box_w = 8, .box_h = 11, .ofs_x = 0, .ofs_y = 0},
    {.bitmap_index = 8727, .adv_w = 149, .box_w = 8, .box_h = 13, .ofs_x = 1, .ofs_y = 0},
    {.bitmap_index = 8779, .adv_w = 125, .box_w = 8, .box_h = 11, .ofs_x = 0, .ofs_y = 0},
    {.bitmap_index = 8823, .adv_w = 149, .box_w = 8, .box_h = 14, .ofs_x = 1, .ofs_y = -3},
    {.bitmap_index = 8879, .adv_w = 125, .box_w = 8, .box_h = 11, .ofs_x = 0, .ofs_y = -3},
    {.bitmap_index = 8923, .adv_w = 149, .box_w = 8, .box_h = 14, .ofs_x = 1, .ofs_y = 0},
    {.bitmap_index = 8979, .adv_w = 125, .box_w = 8, .box_h = 11, .ofs_x = 0, .ofs_y = 0},
    {.bitmap_index = 9023, .adv_w = 174, .box_w = 11, .box_h = 14, .ofs_x = 0, .ofs_y = 0},
    {.bitmap_index = 9100, .adv_w = 125, .box_w = 7, .box_h = 14, .ofs_x = 0, .ofs_y = -3},
    {.bitmap_index = 9149, .adv_w = 174, .box_w = 11, .box_h = 14, .ofs_x = 0, .ofs_y = 0},
    {.bitmap_index = 9226, .adv_w = 125, .box_w = 7, .box_h = 14, .ofs_x = 0, .ofs_y = -3},
    {.bitmap_index = 9275, .adv_w = 174, .box_w = 11, .box_h = 13, .ofs_x = 0, .ofs_y = 0},
    {.bitmap_index = 9347, .adv_w = 125, .box_w = 7, .box_h = 14, .ofs_x = 0, .ofs_y = -3},
    {.bitmap_index = 9396, .adv_w = 174, .box_w = 11, .box_h = 15, .ofs_x = 0, .ofs_y = -4},
    {.bitmap_index = 9479, .adv_w = 125, .box_w = 7, .box_h = 15, .ofs_x = 0, .ofs_y = -3},
    {.bitmap_index = 9532, .adv_w = 162, .box_w = 8, .box_h = 14, .ofs_x = 1, .ofs_y = 0},
    {.bitmap_index = 9588, .adv_w = 125, .box_w = 7, .box_h = 14, .ofs_x = 0, .ofs_y = 0},
    {.bitmap_index = 9637, .adv_w = 162, .box_w = 10, .box_h = 11, .ofs_x = 0, .ofs_y = 0},
    {.bitmap_index = 9692, .adv_w = 125, .box_w = 7, .box_h = 11, .ofs_x = 0, .ofs_y = 0},
    {.bitmap_index = 9731, .adv_w = 62, .box_w = 6, .box_h = 13, .ofs_x = -1, .ofs_y = 0},
    {.bitmap_index = 9770, .adv_w = 62, .box_w = 6, .box_h = 11, .ofs_x = -1, .ofs_y = 0},
    {.bitmap_index = 9803, .adv_w = 62, .box_w = 6, .box_h = 13, .ofs_x = -1, .ofs_y = 0},
    {.bitmap_index = 9842, .adv_w = 62, .box_w = 6, .box_h = 10, .ofs_x = -1, .ofs_y = 0},
    {.bitmap_index = 9872, .adv_w = 62, .box_w = 5, .box_h = 14, .ofs_x = 0, .ofs_y = 0},
    {.bitmap_index = 9907, .adv_w = 62, .box_w = 5, .box_h = 11, .ofs_x = -1, .ofs_y = 0},
    {.bitmap_index = 9935, .adv_w = 62, .box_w = 3, .box_h = 14, .ofs_x = 0, .ofs_y = -3},
    {.bitmap_index = 9956, .adv_w = 50, .box_w = 3, .box_h = 14, .ofs_x = 0, .ofs_y = -3},
    {.bitmap_index = 9977, .adv_w = 62, .box_w = 2, .box_h = 13, .ofs_x = 1, .ofs_y = 0},
    {.bitmap_index = 9990, .adv_w = 62, .box_w = 2, .box_h = 8, .ofs_x = 1, .ofs_y = 0},
    {.bitmap_index = 9998, .adv_w = 165, .box_w = 9, .box_h = 11, .ofs_x = 1, .ofs_y = 0},
    {.bitmap_index = 10048, .adv_w = 99, .box_w = 6, .box_h = 14, .ofs_x = 0, .ofs_y = -3},
    {.bitmap_index = 10090, .adv_w = 112, .box_w = 8, .box_h = 14, .ofs_x = 0, .ofs_y = 0},
    {.bitmap_index = 10146, .adv_w = 50, .box_w = 5, .box_h = 14, .ofs_x = -1, .ofs_y = -3},
    {.bitmap_index = 10181, .adv_w = 149, .box_w = 9, .box_h = 15, .ofs_x = 1, .ofs_y = -4},
    {.bitmap_index = 10249, .adv_w = 112, .box_w = 7, .box_h = 15, .ofs_x = 0, .ofs_y = -4},
    {.bitmap_index = 10302, .adv_w = 112, .box_w = 7, .box_h = 8, .ofs_x = 0, .ofs_y = 0},
    {.bitmap_index = 10330, .adv_w = 125, .box_w = 7, .box_h = 14, .ofs_x = 1, .ofs_y = 0},
    {.bitmap_index = 10379, .adv_w = 50, .box_w = 3, .box_h = 14, .ofs_x = 0, .ofs_y = 0},
    {.bitmap_index = 10400, .adv_w = 125, .box_w = 7, .box_h = 15, .ofs_x = 1, .ofs_y = -4},
    {.bitmap_index = 10453, .adv_w = 50, .box_w = 3, .box_h = 15, .ofs_x = 0, .ofs_y = -4},
    {.bitmap_index = 10476, .adv_w = 125, .box_w = 7, .box_h = 11, .ofs_x = 1, .ofs_y = 0},
    {.bitmap_index = 10515, .adv_w = 65, .box_w = 5, .box_h = 11, .ofs_x = 0, .ofs_y = 0},
    {.bitmap_index = 10543, .adv_w = 125, .box_w = 7, .box_h = 11, .ofs_x = 1, .ofs_y = 0},
    {.bitmap_index = 10582, .adv_w = 75, .box_w = 5, .box_h = 11, .ofs_x = 0, .ofs_y = 0},
    {.bitmap_index = 10610, .adv_w = 125, .box_w = 8, .box_h = 11, .ofs_x = 0, .ofs_y = 0},
    {.bitmap_index = 10654, .adv_w = 50, .box_w = 4, .box_h = 11, .ofs_x = 0, .ofs_y = 0},
    {.bitmap_index = 10676, .adv_w = 162, .box_w = 8, .box_h = 14, .ofs_x = 1, .ofs_y = 0},
    {.bitmap_index = 10732, .adv_w = 125, .box_w = 7, .box_h = 11, .ofs_x = 0, .ofs_y = 0},
    {.bitmap_index = 10771, .adv_w = 162, .box_w = 8, .box_h = 15, .ofs_x = 1, .ofs_y = -4},
    {.bitmap_index = 10831, .adv_w = 125, .box_w = 7, .box_h = 12, .ofs_x = 0, .ofs_y = -4},
    {.bitmap_index = 10873, .adv_w = 162, .box_w = 8, .box_h = 14, .ofs_x = 1, .ofs_y = 0},
    {.bitmap_index = 10929, .adv_w = 125, .box_w = 7, .box_h = 11, .ofs_x = 0, .ofs_y = 0},
    {.bitmap_index = 10968, .adv_w = 135, .box_w = 9, .box_h = 11, .ofs_x = -1, .ofs_y = 0},
    {.bitmap_index = 11018, .adv_w = 162, .box_w = 9, .box_h = 11, .ofs_x = 1, .ofs_y = 0},
    {.bitmap_index = 11068, .adv_w = 125, .box_w = 7, .box_h = 11, .ofs_x = 0, .ofs_y = -3},
    {.bitmap_index = 11107, .adv_w = 174, .box_w = 11, .box_h = 13, .ofs_x = 0, .ofs_y = 0},
    {.bitmap_index = 11179, .adv_w = 125, .box_w = 8, .box_h = 10, .ofs_x = 0, .ofs_y = 0},
    {.bitmap_index = 11219, .adv_w = 174, .box_w = 11, .box_h = 14, .ofs_x = 0, .ofs_y = 0},
    {.bitmap_index = 11296, .adv_w = 125, .box_w = 8, .box_h = 11, .ofs_x = 0, .ofs_y = 0},
    {.bitmap_index = 11340, .adv_w = 174, .box_w = 11, .box_h = 14, .ofs_x = 0, .ofs_y = 0},
    {.bitmap_index = 11417, .adv_w = 125, .box_w = 8, .box_h = 11, .ofs_x = 0, .ofs_y = 0},
    {.bitmap_index = 11461, .adv_w = 224, .box_w = 14, .box_h = 11, .ofs_x = 0, .ofs_y = 0},
    {.bitmap_index = 11538, .adv_w = 211, .box_w = 13, .box_h = 8, .ofs_x = 0, .ofs_y = 0},
    {.bitmap_index = 11590, .adv_w = 162, .box_w = 9, .box_h = 14, .ofs_x = 1, .ofs_y = 0},
    {.bitmap_index = 11653, .adv_w = 75, .box_w = 5, .box_h = 11, .ofs_x = 0, .ofs_y = 0},
    {.bitmap_index = 11681, .adv_w = 162, .box_w = 9, .box_h = 15, .ofs_x = 1, .ofs_y = -4},
    {.bitmap_index = 11749, .adv_w = 75, .box_w = 5, .box_h = 12, .ofs_x = 0, .ofs_y = -4},
    {.bitmap_index = 11779, .adv_w = 162, .box_w = 9, .box_h = 14, .ofs_x = 1, .ofs_y = 0},
    {.bitmap_index = 11842, .adv_w = 75, .box_w = 5, .box_h = 11, .ofs_x = 0, .ofs_y = 0},
    {.bitmap_index = 11870, .adv_w = 149, .box_w = 9, .box_h = 14, .ofs_x = 0, .ofs_y = 0},
    {.bitmap_index = 11933, .adv_w = 112, .box_w = 7, .box_h = 11, .ofs_x = 0, .ofs_y = 0},
    {.bitmap_index = 11972, .adv_w = 149, .box_w = 9, .box_h = 14, .ofs_x = 0, .ofs_y = 0},
    {.bitmap_index = 12035, .adv_w = 112, .box_w = 7, .box_h = 11, .ofs_x = 0, .ofs_y = 0},
    {.bitmap_index = 12074, .adv_w = 149, .box_w = 9, .box_h = 14, .ofs_x = 0, .ofs_y = -3},
    {.bitmap_index = 12137, .adv_w = 112, .box_w = 7, .box_h = 11, .ofs_x = 0, .ofs_y = -3},
    {.bitmap_index = 12176, .adv_w = 149, .box_w = 9, .box_h = 14, .ofs_x = 0, .ofs_y = 0},
    {.bitmap_index = 12239, .adv_w = 112, .box_w = 7, .box_h = 11, .ofs_x = 0, .ofs_y = 0},
    {.bitmap_index = 12278, .adv_w = 137, .box_w = 9, .box_h = 14, .ofs_x = 0, .ofs_y = -3},
    {.bitmap_index = 12341, .adv_w = 62, .box_w = 5, .box_h = 14, .ofs_x = 0, .ofs_y = -3},
    {.bitmap_index = 12376, .adv_w = 137, .box_w = 9, .box_h = 14, .ofs_x = 0, .ofs_y = 0},
    {.bitmap_index = 12439, .adv_w = 84, .box_w = 6, .box_h = 11, .ofs_x = 0, .ofs_y = 0},
    {.bitmap_index = 12472, .adv_w = 137, .box_w = 9, .box_h = 11, .ofs_x = 0, .ofs_y = 0},
    {.bitmap_index = 12522, .adv_w = 62, .box_w = 4, .box_h = 11, .ofs_x = 0, .ofs_y = 0},
    {.bitmap_index = 12544, .adv_w = 162, .box_w = 8, .box_h = 13, .ofs_x = 1, .ofs_y = 0},
    {.bitmap_index = 12596, .adv_w = 125, .box_w = 7, .box_h = 11, .ofs_x = 0, .ofs_y = 0},
    {.bitmap_index = 12635, .adv_w = 162, .box_w = 8, .box_h = 13, .ofs_x = 1, .ofs_y = 0},
    {.bitmap_index = 12687, .adv_w = 125, .box_w = 7, .box_h = 10, .ofs_x = 0, .ofs_y = 0},
    {.bitmap_index = 12722, .adv_w = 162, .box_w = 8, .box_h = 14, .ofs_x = 1, .ofs_y = 0},
    {.bitmap_index = 12778, .adv_w = 125, .box_w = 7, .box_h = 11, .ofs_x = 0, .ofs_y = 0},
    {.bitmap_index = 12817, .adv_w = 162, .box_w = 8, .box_h = 14, .ofs_x = 1, .ofs_y = 0},
    {.bitmap_index = 12873, .adv_w = 125, .box_w = 7, .box_h = 11, .ofs_x = 0, .ofs_y = 0},
    {.bitmap_index = 12912, .adv_w = 162, .box_w = 8, .box_h = 14, .ofs_x = 1, .ofs_y = 0},
    {.bitmap_index = 12968, .adv_w = 125, .box_w = 7, .box_h = 11, .ofs_x = 0, .ofs_y = 0},
    {.bitmap_index = 13007, .adv_w = 162, .box_w = 8, .box_h = 14, .ofs_x = 1, .ofs_y = -3},
    {.bitmap_index = 13063, .adv_w = 125, .box_w = 8, .box_h = 11, .ofs_x = 0, .ofs_y = -3},
    {.bitmap_index = 13107, .adv_w = 211, .box_w = 14, .box_h = 14, .ofs_x = 0, .ofs_y = 0},
    {.bitmap_index = 13205, .adv_w = 162, .box_w = 10, .box_h = 11, .ofs_x = 0, .ofs_y = 0},
    {.bitmap_index = 13260, .adv_w = 149, .box_w = 10, .box_h = 14, .ofs_x = 0, .ofs_y = 0},
    {.bitmap_index = 13330, .adv_w = 112, .box_w = 7, .box_h = 14, .ofs_x = 0, .ofs_y = -3},
    {.bitmap_index = 13379, .adv_w = 149, .box_w = 10, .box_h = 13, .ofs_x = 0, .ofs_y = 0},
    {.bitmap_index = 13444, .adv_w = 137, .box_w = 9, .box_h = 14, .ofs_x = 0, .ofs_y = 0},
    {.bitmap_index = 13507, .adv_w = 112, .box_w = 7, .box_h = 11, .ofs_x = 0, .ofs_y = 0},
    {.bitmap_index = 13546, .adv_w = 137, .box_w = 9, .box_h = 13, .ofs_x = 0, .ofs_y = 0},
    {.bitmap_index = 13605, .adv_w = 112, .box_w = 7, .box_h = 11, .ofs_x = 0, .ofs_y = 0},
    {.bitmap_index = 13644, .adv_w = 137, .box_w = 9, .box_h = 14, .ofs_x = 0, .ofs_y = 0},
    {.bitmap_index = 13707, .adv_w = 112, .box_w = 7, .box_h = 11, .ofs_x = 0, .ofs_y = 0},
    {.bitmap_index = 13746, .adv_w = 50, .box_w = 5, .box_h = 11, .ofs_x = 0, .ofs_y = 0},
    {.bitmap_index = 13774, .adv_w = 252, .box_w = 17, .box_h = 15, .ofs_x = -1, .ofs_y = -2},
    {.bitmap_index = 13902, .adv_w = 280, .box_w = 18, .box_h = 13, .ofs_x = 0, .ofs_y = -1}
};

/*---------------------
 *  CHARACTER MAPPING
 *--------------------*/

static const uint16_t unicode_list_2[] = {
    0x0, 0x17a
};

/*Collect the unicode lists and glyph_id offsets*/
static const lv_font_fmt_txt_cmap_t cmaps[] =
{
    {
        .range_start = 32, .range_length = 95, .glyph_id_start = 1,
        .unicode_list = NULL, .glyph_id_ofs_list = NULL, .list_length = 0, .type = LV_FONT_FMT_TXT_CMAP_FORMAT0_TINY
    },
    {
        .range_start = 160, .range_length = 224, .glyph_id_start = 96,
        .unicode_list = NULL, .glyph_id_ofs_list = NULL, .list_length = 0, .type = LV_FONT_FMT_TXT_CMAP_FORMAT0_TINY
    },
    {
        .range_start = 61553, .range_length = 379, .glyph_id_start = 320,
        .unicode_list = unicode_list_2, .glyph_id_ofs_list = NULL, .list_length = 2, .type = LV_FONT_FMT_TXT_CMAP_SPARSE_TINY
    }
};



/*--------------------
 *  ALL CUSTOM DATA
 *--------------------*/

#if LV_VERSION_CHECK(8, 0, 0)
/*Store all the custom data of the font*/
static  lv_font_fmt_txt_glyph_cache_t cache;
static const lv_font_fmt_txt_dsc_t font_dsc = {
#else
static lv_font_fmt_txt_dsc_t font_dsc = {
#endif
    .glyph_bitmap = glyph_bitmap,
    .glyph_dsc = glyph_dsc,
    .cmaps = cmaps,
    .kern_dsc = NULL,
    .kern_scale = 0,
    .cmap_num = 3,
    .bpp = 4,
    .kern_classes = 0,
    .bitmap_format = 0,
#if LV_VERSION_CHECK(8, 0, 0)
    .cache = &cache
#endif
};


/*-----------------
 *  PUBLIC FONT
 *----------------*/

/*Initialize a public general font descriptor*/
#if LV_VERSION_CHECK(8, 0, 0)
const lv_font_t tx_font_ui_14 = {
#else
lv_font_t tx_font_ui_14 = {
#endif
    .get_glyph_dsc = lv_font_get_glyph_dsc_fmt_txt,    /*Function pointer to get glyph's data*/
    .get_glyph_bitmap = lv_font_get_bitmap_fmt_txt,    /*Function pointer to get glyph's bitmap*/
    .line_height = 18,          /*The maximum line height required by the font*/
    .base_line = 4,             /*Baseline measured from the bottom of the line*/
#if !(LVGL_VERSION_MAJOR == 6 && LVGL_VERSION_MINOR == 0)
    .subpx = LV_FONT_SUBPX_NONE,
#endif
#if LV_VERSION_CHECK(7, 4, 0) || LVGL_VERSION_MAJOR >= 8
    .underline_position = -1,
    .underline_thickness = 1,
#endif
    .dsc = &font_dsc           /*The custom font data. Will be accessed by `get_glyph_bitmap/dsc` */
};



#endif /*#if TX_FONT_UI_14*/

