/*******************************************************************************
 * Size: 18 px
 * Bpp: 4
 * Opts: --no-compress --no-prefilter --bpp 4 --size 18 --format lvgl --no-kerning --font C:\Windows\Fonts\arial.ttf -r 0x20-0x7F,0xA0-0x17F --font c:\Users\brunner\Documents\Arduino\transmitter\tools\fa-solid-900.woff -r 61553,61931 -o c:\Users\brunner\Documents\Arduino\transmitter\tx_font_ui_18.c
 ******************************************************************************/

#include <lvgl.h>

#ifndef TX_FONT_UI_18
#define TX_FONT_UI_18 1
#endif

#if TX_FONT_UI_18

/*-----------------
 *    BITMAPS
 *----------------*/

/*Store the image of the glyphs*/
static LV_ATTRIBUTE_LARGE_CONST const uint8_t glyph_bitmap[] = {
    /* U+0020 " " */

    /* U+0021 "!" */
    0x7f, 0x87, 0xf8, 0x7f, 0x86, 0xf7, 0x5f, 0x64,
    0xf5, 0x3f, 0x42, 0xf3, 0x1f, 0x20, 0xf1, 0x2,
    0x0, 0x0, 0x5e, 0x66, 0xf7,

    /* U+0022 "\"" */
    0x2f, 0xa4, 0xf8, 0x2f, 0xa4, 0xf8, 0x1f, 0x93,
    0xf7, 0xf, 0x60, 0xf5, 0xa, 0x30, 0xb2,

    /* U+0023 "#" */
    0x0, 0x7, 0xd0, 0x6, 0xe0, 0x0, 0xa, 0xa0,
    0x9, 0xb0, 0x0, 0xd, 0x70, 0xc, 0x80, 0x0,
    0x1f, 0x40, 0xf, 0x50, 0xdf, 0xff, 0xff, 0xff,
    0xfc, 0x46, 0xae, 0x66, 0x9f, 0x64, 0x0, 0xab,
    0x0, 0x8c, 0x0, 0x0, 0xc8, 0x0, 0xb9, 0x0,
    0x11, 0xf6, 0x11, 0xe7, 0x11, 0xdf, 0xff, 0xff,
    0xff, 0xfc, 0x39, 0xe4, 0x48, 0xf4, 0x43, 0x9,
    0xb0, 0x7, 0xd0, 0x0, 0xc, 0x80, 0xb, 0x90,
    0x0, 0xf, 0x50, 0xe, 0x60, 0x0,

    /* U+0024 "$" */
    0x0, 0x0, 0x97, 0x0, 0x0, 0x0, 0x8f, 0xff,
    0xe5, 0x0, 0x8, 0xf9, 0xa9, 0xcf, 0x40, 0xe,
    0xb0, 0x86, 0x1f, 0xa0, 0xf, 0x80, 0x86, 0x4,
    0x20, 0xf, 0xc0, 0x86, 0x0, 0x0, 0x8, 0xfb,
    0xa6, 0x0, 0x0, 0x0, 0x8f, 0xff, 0xb3, 0x0,
    0x0, 0x1, 0xad, 0xff, 0x40, 0x0, 0x0, 0x86,
    0x2e, 0xd0, 0x2, 0x10, 0x86, 0x8, 0xf1, 0x4f,
    0x60, 0x86, 0x8, 0xf1, 0x1f, 0xc0, 0x86, 0xd,
    0xe0, 0x7, 0xfc, 0xba, 0xcf, 0x50, 0x0, 0x6d,
    0xff, 0xd5, 0x0, 0x0, 0x0, 0x86, 0x0, 0x0,
    0x0, 0x0, 0x43, 0x0, 0x0,

    /* U+0025 "%" */
    0xa, 0xfd, 0x40, 0x0, 0x6, 0xd0, 0x0, 0x7e,
    0x47, 0xf1, 0x0, 0xd, 0x60, 0x0, 0xd8, 0x0,
    0xe6, 0x0, 0x6d, 0x0, 0x0, 0xe7, 0x0, 0xd8,
    0x0, 0xe6, 0x0, 0x0, 0xd8, 0x0, 0xe7, 0x6,
    0xd0, 0x0, 0x0, 0x8d, 0x15, 0xf2, 0xe, 0x60,
    0x0, 0x0, 0x1b, 0xff, 0x60, 0x6d, 0x0, 0x0,
    0x0, 0x0, 0x10, 0x0, 0xe5, 0x5, 0xde, 0x80,
    0x0, 0x0, 0x6, 0xd0, 0x2f, 0x74, 0xe6, 0x0,
    0x0, 0xe, 0x50, 0x8e, 0x0, 0x9c, 0x0, 0x0,
    0x6d, 0x0, 0x9c, 0x0, 0x8d, 0x0, 0x0, 0xe5,
    0x0, 0x7d, 0x0, 0x9c, 0x0, 0x6, 0xd0, 0x0,
    0x2f, 0x64, 0xe6, 0x0, 0xe, 0x50, 0x0, 0x5,
    0xde, 0x80,

    /* U+0026 "&" */
    0x0, 0x3, 0xcf, 0xd4, 0x0, 0x0, 0x0, 0x2f,
    0xc6, 0xcf, 0x30, 0x0, 0x0, 0x8f, 0x10, 0x2f,
    0x80, 0x0, 0x0, 0x8f, 0x30, 0x2f, 0x70, 0x0,
    0x0, 0x3f, 0xc2, 0xcf, 0x10, 0x0, 0x0, 0x8,
    0xff, 0xe3, 0x0, 0x0, 0x0, 0x2c, 0xff, 0x60,
    0x0, 0x0, 0x3, 0xfe, 0x5e, 0xf2, 0x7, 0x30,
    0xd, 0xe1, 0x4, 0xfd, 0x5f, 0x70, 0x2f, 0x90,
    0x0, 0x7f, 0xff, 0x20, 0x2f, 0x90, 0x0, 0xb,
    0xfb, 0x0, 0xe, 0xf1, 0x0, 0x1d, 0xff, 0x40,
    0x4, 0xfe, 0x89, 0xff, 0x6f, 0xf4, 0x0, 0x4c,
    0xfe, 0xa2, 0x3, 0xd1, 0x0, 0x0, 0x0, 0x0,
    0x0, 0x0,

    /* U+0027 "'" */
    0x3f, 0x93, 0xf9, 0x2f, 0x80, 0xf6, 0xa, 0x20,

    /* U+0028 "(" */
    0x0, 0x2e, 0x10, 0xb, 0x80, 0x4, 0xf1, 0x0,
    0xbb, 0x0, 0x2f, 0x60, 0x6, 0xf1, 0x0, 0xae,
    0x0, 0xc, 0xc0, 0x0, 0xdb, 0x0, 0xd, 0xc0,
    0x0, 0xcd, 0x0, 0xa, 0xe0, 0x0, 0x6f, 0x20,
    0x1, 0xf6, 0x0, 0xb, 0xb0, 0x0, 0x4f, 0x10,
    0x0, 0xb9, 0x0, 0x2, 0xf1,

    /* U+0029 ")" */
    0xa8, 0x0, 0x2, 0xf2, 0x0, 0xa, 0xb0, 0x0,
    0x4f, 0x20, 0x0, 0xf9, 0x0, 0xa, 0xd0, 0x0,
    0x7f, 0x10, 0x5, 0xf3, 0x0, 0x4f, 0x40, 0x5,
    0xf4, 0x0, 0x6f, 0x30, 0x8, 0xf1, 0x0, 0xbd,
    0x0, 0xe, 0x80, 0x4, 0xf2, 0x0, 0xab, 0x0,
    0x2f, 0x20, 0xa, 0x80, 0x0,

    /* U+002A "*" */
    0x0, 0x2f, 0x0, 0x1, 0x61, 0xf0, 0x60, 0x4e,
    0xef, 0xee, 0x30, 0xa, 0xf9, 0x0, 0x5, 0xf4,
    0xf5, 0x0, 0x35, 0x6, 0x20,

    /* U+002B "+" */
    0x0, 0x7, 0xe0, 0x0, 0x0, 0x0, 0x7f, 0x0,
    0x0, 0x0, 0x7, 0xf0, 0x0, 0x0, 0x0, 0x7f,
    0x0, 0x0, 0xff, 0xff, 0xff, 0xff, 0x88, 0x88,
    0xcf, 0x88, 0x84, 0x0, 0x7, 0xf0, 0x0, 0x0,
    0x0, 0x7f, 0x0, 0x0, 0x0, 0x7, 0xf0, 0x0,
    0x0,

    /* U+002C "," */
    0x5e, 0x56, 0xf6, 0x8, 0x51, 0xd1, 0x24, 0x0,

    /* U+002D "-" */
    0x4a, 0xaa, 0xa4, 0x6f, 0xff, 0xf7,

    /* U+002E "." */
    0x5e, 0x65, 0xf7,

    /* U+002F "/" */
    0x0, 0x6, 0xd0, 0x0, 0xa9, 0x0, 0xe, 0x50,
    0x3, 0xf1, 0x0, 0x7c, 0x0, 0xb, 0x80, 0x0,
    0xf4, 0x0, 0x4f, 0x0, 0x8, 0xb0, 0x0, 0xc7,
    0x0, 0x1f, 0x30, 0x5, 0xe0, 0x0, 0x9a, 0x0,
    0xd, 0x60, 0x0,

    /* U+0030 "0" */
    0x0, 0x2a, 0xee, 0xa1, 0x0, 0x1, 0xee, 0x77,
    0xfd, 0x0, 0x8, 0xf2, 0x0, 0x4f, 0x60, 0xd,
    0xb0, 0x0, 0xd, 0xc0, 0x1f, 0x80, 0x0, 0x9,
    0xf0, 0x2f, 0x60, 0x0, 0x8, 0xf1, 0x3f, 0x60,
    0x0, 0x7, 0xf2, 0x3f, 0x60, 0x0, 0x7, 0xf2,
    0x2f, 0x60, 0x0, 0x8, 0xf1, 0x1f, 0x80, 0x0,
    0x9, 0xf0, 0xd, 0xb0, 0x0, 0xd, 0xc0, 0x8,
    0xf2, 0x0, 0x4f, 0x60, 0x1, 0xee, 0x77, 0xec,
    0x0, 0x0, 0x2b, 0xfe, 0xa1, 0x0,

    /* U+0031 "1" */
    0x0, 0x0, 0x9b, 0x0, 0x6, 0xfb, 0x0, 0x7f,
    0xfb, 0xd, 0xfa, 0xeb, 0xe, 0x50, 0xeb, 0x0,
    0x0, 0xeb, 0x0, 0x0, 0xeb, 0x0, 0x0, 0xeb,
    0x0, 0x0, 0xeb, 0x0, 0x0, 0xeb, 0x0, 0x0,
    0xeb, 0x0, 0x0, 0xeb, 0x0, 0x0, 0xeb, 0x0,
    0x0, 0xeb,

    /* U+0032 "2" */
    0x0, 0x4c, 0xff, 0xc3, 0x0, 0x3, 0xfd, 0x77,
    0xdf, 0x40, 0xc, 0xe0, 0x0, 0x1e, 0xc0, 0xf,
    0x90, 0x0, 0xa, 0xf0, 0x1, 0x10, 0x0, 0xb,
    0xf0, 0x0, 0x0, 0x0, 0x2f, 0xb0, 0x0, 0x0,
    0x0, 0xcf, 0x30, 0x0, 0x0, 0xb, 0xf6, 0x0,
    0x0, 0x0, 0xbf, 0x70, 0x0, 0x0, 0x1c, 0xf7,
    0x0, 0x0, 0x0, 0xcf, 0x60, 0x0, 0x0, 0x9,
    0xf6, 0x0, 0x0, 0x0, 0x2f, 0xf9, 0x99, 0x99,
    0x90, 0x6f, 0xff, 0xff, 0xff, 0xf1,

    /* U+0033 "3" */
    0x0, 0x3b, 0xfe, 0x91, 0x0, 0x3, 0xfd, 0x68,
    0xfd, 0x0, 0xb, 0xe1, 0x0, 0x5f, 0x50, 0xb,
    0x80, 0x0, 0x1f, 0x80, 0x0, 0x0, 0x0, 0x4f,
    0x60, 0x0, 0x0, 0x14, 0xed, 0x0, 0x0, 0x0,
    0xff, 0xf4, 0x0, 0x0, 0x0, 0x44, 0xbf, 0x60,
    0x0, 0x0, 0x0, 0xd, 0xe0, 0x0, 0x0, 0x0,
    0x8, 0xf2, 0x1e, 0x70, 0x0, 0x9, 0xf1, 0xe,
    0xd0, 0x0, 0x1e, 0xd0, 0x4, 0xfd, 0x67, 0xef,
    0x30, 0x0, 0x4c, 0xff, 0xb2, 0x0,

    /* U+0034 "4" */
    0x0, 0x0, 0x3, 0xf6, 0x0, 0x0, 0x0, 0xc,
    0xf6, 0x0, 0x0, 0x0, 0x7f, 0xf6, 0x0, 0x0,
    0x1, 0xfa, 0xf6, 0x0, 0x0, 0xa, 0xc3, 0xf6,
    0x0, 0x0, 0x4f, 0x33, 0xf6, 0x0, 0x0, 0xe9,
    0x3, 0xf6, 0x0, 0x8, 0xe1, 0x3, 0xf6, 0x0,
    0x2f, 0x60, 0x3, 0xf6, 0x0, 0xbf, 0x88, 0x89,
    0xfb, 0x81, 0xcf, 0xff, 0xff, 0xff, 0xf2, 0x0,
    0x0, 0x3, 0xf6, 0x0, 0x0, 0x0, 0x3, 0xf6,
    0x0, 0x0, 0x0, 0x3, 0xf6, 0x0,

    /* U+0035 "5" */
    0x0, 0xcf, 0xff, 0xff, 0xb0, 0x0, 0xfc, 0x99,
    0x99, 0x60, 0x2, 0xf6, 0x0, 0x0, 0x0, 0x4,
    0xf3, 0x0, 0x0, 0x0, 0x7, 0xf0, 0x1, 0x0,
    0x0, 0xa, 0xfa, 0xff, 0xe6, 0x0, 0xd, 0xfb,
    0x67, 0xdf, 0x70, 0x7, 0x70, 0x0, 0xe, 0xf0,
    0x0, 0x0, 0x0, 0x8, 0xf3, 0x0, 0x0, 0x0,
    0x6, 0xf4, 0x1c, 0x70, 0x0, 0x9, 0xf2, 0xe,
    0xd0, 0x0, 0x1f, 0xc0, 0x5, 0xfd, 0x67, 0xef,
    0x20, 0x0, 0x5c, 0xff, 0xb2, 0x0,

    /* U+0036 "6" */
    0x0, 0x19, 0xef, 0xc4, 0x0, 0x0, 0xcf, 0x86,
    0xdf, 0x30, 0x7, 0xf4, 0x0, 0x1e, 0xb0, 0xd,
    0xb0, 0x0, 0x5, 0x60, 0x1f, 0x70, 0x1, 0x0,
    0x0, 0x3f, 0x58, 0xff, 0xe6, 0x0, 0x4f, 0xde,
    0x66, 0xdf, 0x50, 0x5f, 0xf1, 0x0, 0xe, 0xd0,
    0x4f, 0x90, 0x0, 0x9, 0xf1, 0x2f, 0x80, 0x0,
    0x7, 0xf2, 0xf, 0xb0, 0x0, 0x9, 0xf0, 0x9,
    0xf2, 0x0, 0x1f, 0xb0, 0x1, 0xee, 0x77, 0xdf,
    0x20, 0x0, 0x1a, 0xef, 0xb3, 0x0,

    /* U+0037 "7" */
    0x2f, 0xff, 0xff, 0xff, 0xf3, 0x19, 0x99, 0x99,
    0x9f, 0xe1, 0x0, 0x0, 0x0, 0x7f, 0x50, 0x0,
    0x0, 0x2, 0xfa, 0x0, 0x0, 0x0, 0xa, 0xf2,
    0x0, 0x0, 0x0, 0x2f, 0x90, 0x0, 0x0, 0x0,
    0x9f, 0x20, 0x0, 0x0, 0x0, 0xfb, 0x0, 0x0,
    0x0, 0x5, 0xf6, 0x0, 0x0, 0x0, 0x9, 0xf1,
    0x0, 0x0, 0x0, 0xd, 0xc0, 0x0, 0x0, 0x0,
    0xf, 0x90, 0x0, 0x0, 0x0, 0x3f, 0x60, 0x0,
    0x0, 0x0, 0x4f, 0x50, 0x0, 0x0,

    /* U+0038 "8" */
    0x0, 0x3b, 0xff, 0xa2, 0x0, 0x1, 0xfe, 0x77,
    0xee, 0x10, 0x8, 0xf2, 0x0, 0x4f, 0x70, 0xb,
    0xe0, 0x0, 0xf, 0xa0, 0x9, 0xf1, 0x0, 0x1f,
    0x80, 0x1, 0xeb, 0x22, 0xcf, 0x20, 0x0, 0x6f,
    0xff, 0xf4, 0x0, 0x8, 0xfb, 0x55, 0xcf, 0x40,
    0x1f, 0xc0, 0x0, 0xd, 0xe0, 0x3f, 0x60, 0x0,
    0x7, 0xf2, 0x3f, 0x70, 0x0, 0x7, 0xf2, 0xe,
    0xd0, 0x0, 0xd, 0xe0, 0x5, 0xfd, 0x67, 0xdf,
    0x50, 0x0, 0x4c, 0xff, 0xc4, 0x0,

    /* U+0039 "9" */
    0x0, 0x3c, 0xfe, 0x91, 0x0, 0x3, 0xfe, 0x77,
    0xed, 0x0, 0xd, 0xf2, 0x0, 0x2f, 0x80, 0x1f,
    0x90, 0x0, 0xb, 0xe0, 0x3f, 0x60, 0x0, 0x9,
    0xf1, 0x3f, 0x70, 0x0, 0xa, 0xf2, 0xf, 0xc0,
    0x0, 0xe, 0xf3, 0x8, 0xfa, 0x34, 0xce, 0xf3,
    0x0, 0xaf, 0xff, 0xa7, 0xf1, 0x0, 0x2, 0x42,
    0x8, 0xf0, 0x5, 0x30, 0x0, 0xc, 0xc0, 0xc,
    0xd0, 0x0, 0x5f, 0x50, 0x5, 0xfb, 0x68, 0xfb,
    0x0, 0x0, 0x5d, 0xfd, 0x70, 0x0,

    /* U+003A ":" */
    0x6f, 0x65, 0xe6, 0x0, 0x0, 0x0, 0x0, 0x0,
    0x0, 0x0, 0x0, 0x0, 0x5e, 0x66, 0xf6,

    /* U+003B ";" */
    0x6f, 0x65, 0xe5, 0x0, 0x0, 0x0, 0x0, 0x0,
    0x0, 0x0, 0x0, 0x0, 0x5e, 0x56, 0xf6, 0x8,
    0x51, 0xd1, 0x24, 0x0,

    /* U+003C "<" */
    0x0, 0x0, 0x0, 0x0, 0x0, 0x0, 0x0, 0x0,
    0x5, 0xc8, 0x0, 0x0, 0x7, 0xdf, 0xd4, 0x0,
    0x28, 0xff, 0xb4, 0x0, 0xa, 0xff, 0x92, 0x0,
    0x0, 0xf, 0xf6, 0x0, 0x0, 0x0, 0x5, 0xcf,
    0xe7, 0x10, 0x0, 0x0, 0x3, 0xaf, 0xf9, 0x20,
    0x0, 0x0, 0x2, 0x9f, 0xf6, 0x0, 0x0, 0x0,
    0x1, 0x76,

    /* U+003D "=" */
    0xff, 0xff, 0xff, 0xff, 0x88, 0x88, 0x88, 0x88,
    0x84, 0x0, 0x0, 0x0, 0x0, 0x0, 0x0, 0x0,
    0x0, 0x0, 0xff, 0xff, 0xff, 0xff, 0x88, 0x88,
    0x88, 0x88, 0x84,

    /* U+003E ">" */
    0x0, 0x0, 0x0, 0x0, 0x0, 0xf, 0x81, 0x0,
    0x0, 0x0, 0xa, 0xff, 0xa3, 0x0, 0x0, 0x0,
    0x18, 0xef, 0xc5, 0x0, 0x0, 0x0, 0x5, 0xcf,
    0xe4, 0x0, 0x0, 0x0, 0x2c, 0xf8, 0x0, 0x0,
    0x4b, 0xff, 0x81, 0x0, 0x6d, 0xfe, 0x70, 0x0,
    0xe, 0xfc, 0x50, 0x0, 0x0, 0xb, 0x30, 0x0,
    0x0, 0x0,

    /* U+003F "?" */
    0x0, 0x4c, 0xff, 0xc4, 0x0, 0x3, 0xfe, 0x77,
    0xef, 0x40, 0xc, 0xe1, 0x0, 0x1e, 0xd0, 0x1f,
    0x90, 0x0, 0x9, 0xf1, 0x0, 0x10, 0x0, 0xa,
    0xf0, 0x0, 0x0, 0x0, 0x4f, 0xa0, 0x0, 0x0,
    0x4, 0xfd, 0x10, 0x0, 0x0, 0x1f, 0xd1, 0x0,
    0x0, 0x0, 0x9f, 0x20, 0x0, 0x0, 0x0, 0xcc,
    0x0, 0x0, 0x0, 0x0, 0x87, 0x0, 0x0, 0x0,
    0x0, 0x0, 0x0, 0x0, 0x0, 0x0, 0xdc, 0x0,
    0x0, 0x0, 0x0, 0xfd, 0x0, 0x0,

    /* U+0040 "@" */
    0x0, 0x0, 0x1, 0x7b, 0xef, 0xec, 0x71, 0x0,
    0x0, 0x0, 0x0, 0x5e, 0xfa, 0x75, 0x7a, 0xff,
    0x50, 0x0, 0x0, 0x6, 0xfa, 0x10, 0x0, 0x0,
    0x9, 0xf6, 0x0, 0x0, 0x3f, 0x80, 0x0, 0x0,
    0x0, 0x0, 0x8f, 0x20, 0x0, 0xcc, 0x0, 0x19,
    0xee, 0x63, 0xf4, 0xc, 0x90, 0x3, 0xf2, 0x1,
    0xde, 0x77, 0xfc, 0xf1, 0x6, 0xf0, 0x8, 0xc0,
    0xa, 0xf2, 0x0, 0x4f, 0xe0, 0x3, 0xf1, 0xc,
    0x80, 0x2f, 0x80, 0x0, 0xf, 0xb0, 0x2, 0xf2,
    0xe, 0x60, 0x7f, 0x20, 0x0, 0xf, 0x80, 0x4,
    0xf1, 0xf, 0x40, 0xaf, 0x0, 0x0, 0x3f, 0x50,
    0x9, 0xd0, 0xf, 0x60, 0x9f, 0x0, 0x0, 0x9f,
    0x10, 0x1f, 0x60, 0xd, 0x80, 0x6f, 0x60, 0x5,
    0xff, 0x1, 0xcd, 0x0, 0x8, 0xd0, 0xe, 0xf9,
    0xbf, 0xef, 0x9e, 0xe2, 0x0, 0x3, 0xf5, 0x2,
    0xcf, 0xc3, 0x5e, 0xe9, 0x10, 0x31, 0x0, 0xaf,
    0x20, 0x0, 0x0, 0x0, 0x0, 0x9, 0xf3, 0x0,
    0xd, 0xf6, 0x0, 0x0, 0x0, 0x2, 0xbf, 0x50,
    0x0, 0x0, 0x9f, 0xfa, 0x76, 0x68, 0xcf, 0xe4,
    0x0, 0x0, 0x0, 0x2, 0x8c, 0xef, 0xfe, 0xa5,
    0x0, 0x0,

    /* U+0041 "A" */
    0x0, 0x0, 0x4, 0xfe, 0x0, 0x0, 0x0, 0x0,
    0x0, 0x9, 0xff, 0x50, 0x0, 0x0, 0x0, 0x0,
    0xe, 0x9f, 0xb0, 0x0, 0x0, 0x0, 0x0, 0x5f,
    0x5a, 0xf1, 0x0, 0x0, 0x0, 0x0, 0xaf, 0x15,
    0xf7, 0x0, 0x0, 0x0, 0x0, 0xfc, 0x0, 0xfd,
    0x0, 0x0, 0x0, 0x6, 0xf7, 0x0, 0xbf, 0x30,
    0x0, 0x0, 0xb, 0xf2, 0x0, 0x6f, 0x90, 0x0,
    0x0, 0x1f, 0xd2, 0x22, 0x3f, 0xe0, 0x0, 0x0,
    0x7f, 0xff, 0xff, 0xff, 0xf5, 0x0, 0x0, 0xcf,
    0x55, 0x55, 0x57, 0xfb, 0x0, 0x2, 0xfb, 0x0,
    0x0, 0x0, 0xef, 0x10, 0x8, 0xf5, 0x0, 0x0,
    0x0, 0x8f, 0x70, 0xd, 0xf0, 0x0, 0x0, 0x0,
    0x1f, 0xd0,

    /* U+0042 "B" */
    0xbf, 0xff, 0xff, 0xd8, 0x0, 0xb, 0xf9, 0x99,
    0xad, 0xfb, 0x0, 0xbf, 0x0, 0x0, 0xa, 0xf3,
    0xb, 0xf0, 0x0, 0x0, 0x4f, 0x60, 0xbf, 0x0,
    0x0, 0x5, 0xf4, 0xb, 0xf0, 0x0, 0x3, 0xdd,
    0x0, 0xbf, 0xff, 0xff, 0xfe, 0x10, 0xb, 0xf9,
    0x99, 0x9b, 0xfd, 0x20, 0xbf, 0x0, 0x0, 0x4,
    0xfb, 0xb, 0xf0, 0x0, 0x0, 0xc, 0xf0, 0xbf,
    0x0, 0x0, 0x0, 0xcf, 0xb, 0xf0, 0x0, 0x0,
    0x4f, 0xc0, 0xbf, 0x99, 0x99, 0xbf, 0xf3, 0xb,
    0xff, 0xff, 0xfe, 0xb3, 0x0,

    /* U+0043 "C" */
    0x0, 0x0, 0x6c, 0xff, 0xc6, 0x0, 0x0, 0x2,
    0xdf, 0xc9, 0x9e, 0xfa, 0x0, 0x0, 0xdf, 0x50,
    0x0, 0xa, 0xf6, 0x0, 0x6f, 0x70, 0x0, 0x0,
    0xe, 0xd0, 0xc, 0xf0, 0x0, 0x0, 0x0, 0x31,
    0x0, 0xfc, 0x0, 0x0, 0x0, 0x0, 0x0, 0x1f,
    0xa0, 0x0, 0x0, 0x0, 0x0, 0x0, 0xfb, 0x0,
    0x0, 0x0, 0x0, 0x0, 0xf, 0xc0, 0x0, 0x0,
    0x0, 0x0, 0x0, 0xbf, 0x0, 0x0, 0x0, 0x8,
    0xb1, 0x6, 0xf7, 0x0, 0x0, 0x0, 0xee, 0x0,
    0xd, 0xf4, 0x0, 0x0, 0xbf, 0x70, 0x0, 0x2e,
    0xfc, 0x9a, 0xef, 0xa0, 0x0, 0x0, 0x18, 0xdf,
    0xfc, 0x60, 0x0,

    /* U+0044 "D" */
    0x9f, 0xff, 0xff, 0xea, 0x20, 0x0, 0x9f, 0xa9,
    0x9a, 0xcf, 0xf4, 0x0, 0x9f, 0x10, 0x0, 0x3,
    0xfe, 0x0, 0x9f, 0x10, 0x0, 0x0, 0x6f, 0x70,
    0x9f, 0x10, 0x0, 0x0, 0xf, 0xc0, 0x9f, 0x10,
    0x0, 0x0, 0xc, 0xf0, 0x9f, 0x10, 0x0, 0x0,
    0xb, 0xf0, 0x9f, 0x10, 0x0, 0x0, 0xc, 0xf0,
    0x9f, 0x10, 0x0, 0x0, 0xd, 0xe0, 0x9f, 0x10,
    0x0, 0x0, 0xf, 0xb0, 0x9f, 0x10, 0x0, 0x0,
    0x6f, 0x70, 0x9f, 0x10, 0x0, 0x3, 0xfe, 0x0,
    0x9f, 0xa9, 0x9a, 0xcf, 0xf4, 0x0, 0x9f, 0xff,
    0xff, 0xea, 0x20, 0x0,

    /* U+0045 "E" */
    0x9f, 0xff, 0xff, 0xff, 0xfb, 0x9, 0xfa, 0x99,
    0x99, 0x99, 0x60, 0x9f, 0x20, 0x0, 0x0, 0x0,
    0x9, 0xf2, 0x0, 0x0, 0x0, 0x0, 0x9f, 0x20,
    0x0, 0x0, 0x0, 0x9, 0xf2, 0x0, 0x0, 0x0,
    0x0, 0x9f, 0xa9, 0x99, 0x99, 0x92, 0x9, 0xff,
    0xff, 0xff, 0xff, 0x40, 0x9f, 0x20, 0x0, 0x0,
    0x0, 0x9, 0xf2, 0x0, 0x0, 0x0, 0x0, 0x9f,
    0x20, 0x0, 0x0, 0x0, 0x9, 0xf2, 0x0, 0x0,
    0x0, 0x0, 0x9f, 0xa9, 0x99, 0x99, 0x99, 0x9,
    0xff, 0xff, 0xff, 0xff, 0xf0,

    /* U+0046 "F" */
    0x8f, 0xff, 0xff, 0xff, 0xf2, 0x8f, 0xa9, 0x99,
    0x99, 0x91, 0x8f, 0x30, 0x0, 0x0, 0x0, 0x8f,
    0x30, 0x0, 0x0, 0x0, 0x8f, 0x30, 0x0, 0x0,
    0x0, 0x8f, 0x30, 0x0, 0x0, 0x0, 0x8f, 0xa9,
    0x99, 0x99, 0x20, 0x8f, 0xff, 0xff, 0xff, 0x30,
    0x8f, 0x30, 0x0, 0x0, 0x0, 0x8f, 0x30, 0x0,
    0x0, 0x0, 0x8f, 0x30, 0x0, 0x0, 0x0, 0x8f,
    0x30, 0x0, 0x0, 0x0, 0x8f, 0x30, 0x0, 0x0,
    0x0, 0x8f, 0x30, 0x0, 0x0, 0x0,

    /* U+0047 "G" */
    0x0, 0x0, 0x5b, 0xef, 0xea, 0x30, 0x0, 0x1,
    0xbf, 0xe9, 0x8b, 0xff, 0x50, 0x0, 0xbf, 0x70,
    0x0, 0x2, 0xdf, 0x10, 0x4f, 0xa0, 0x0, 0x0,
    0x3, 0xf7, 0xa, 0xf2, 0x0, 0x0, 0x0, 0x6,
    0x10, 0xed, 0x0, 0x0, 0x0, 0x0, 0x0, 0xf,
    0xc0, 0x0, 0x0, 0x0, 0x0, 0x0, 0xfc, 0x0,
    0x0, 0x9f, 0xff, 0xfe, 0xe, 0xd0, 0x0, 0x5,
    0x99, 0x9e, 0xe0, 0xaf, 0x20, 0x0, 0x0, 0x0,
    0xce, 0x4, 0xfa, 0x0, 0x0, 0x0, 0xc, 0xe0,
    0xb, 0xf9, 0x0, 0x0, 0x8, 0xfd, 0x0, 0xb,
    0xff, 0xba, 0xbf, 0xfd, 0x30, 0x0, 0x4, 0xbe,
    0xfe, 0xb5, 0x0,

    /* U+0048 "H" */
    0x9f, 0x20, 0x0, 0x0, 0x2f, 0x89, 0xf2, 0x0,
    0x0, 0x2, 0xf8, 0x9f, 0x20, 0x0, 0x0, 0x2f,
    0x89, 0xf2, 0x0, 0x0, 0x2, 0xf8, 0x9f, 0x20,
    0x0, 0x0, 0x2f, 0x89, 0xf2, 0x0, 0x0, 0x2,
    0xf8, 0x9f, 0xff, 0xff, 0xff, 0xff, 0x89, 0xfa,
    0x99, 0x99, 0x9a, 0xf8, 0x9f, 0x20, 0x0, 0x0,
    0x2f, 0x89, 0xf2, 0x0, 0x0, 0x2, 0xf8, 0x9f,
    0x20, 0x0, 0x0, 0x2f, 0x89, 0xf2, 0x0, 0x0,
    0x2, 0xf8, 0x9f, 0x20, 0x0, 0x0, 0x2f, 0x89,
    0xf2, 0x0, 0x0, 0x2, 0xf8,

    /* U+0049 "I" */
    0x5f, 0x65, 0xf6, 0x5f, 0x65, 0xf6, 0x5f, 0x65,
    0xf6, 0x5f, 0x65, 0xf6, 0x5f, 0x65, 0xf6, 0x5f,
    0x65, 0xf6, 0x5f, 0x65, 0xf6,

    /* U+004A "J" */
    0x0, 0x0, 0x1, 0xf9, 0x0, 0x0, 0x1, 0xf9,
    0x0, 0x0, 0x1, 0xf9, 0x0, 0x0, 0x1, 0xf9,
    0x0, 0x0, 0x1, 0xf9, 0x0, 0x0, 0x1, 0xf9,
    0x0, 0x0, 0x1, 0xf9, 0x0, 0x0, 0x1, 0xf9,
    0x0, 0x0, 0x1, 0xf9, 0x14, 0x0, 0x1, 0xf9,
    0x6f, 0x20, 0x2, 0xf8, 0x4f, 0x70, 0x7, 0xf5,
    0xd, 0xfb, 0xbf, 0xe0, 0x2, 0xbf, 0xfb, 0x20,

    /* U+004B "K" */
    0xbf, 0x0, 0x0, 0x2, 0xef, 0x4b, 0xf0, 0x0,
    0x1, 0xdf, 0x50, 0xbf, 0x0, 0x1, 0xdf, 0x50,
    0xb, 0xf0, 0x0, 0xcf, 0x60, 0x0, 0xbf, 0x0,
    0xbf, 0x70, 0x0, 0xb, 0xf0, 0xaf, 0x90, 0x0,
    0x0, 0xbf, 0x9f, 0xfd, 0x0, 0x0, 0xb, 0xff,
    0x97, 0xf9, 0x0, 0x0, 0xbf, 0xa0, 0xd, 0xf3,
    0x0, 0xb, 0xf0, 0x0, 0x3f, 0xd0, 0x0, 0xbf,
    0x0, 0x0, 0x8f, 0x90, 0xb, 0xf0, 0x0, 0x0,
    0xdf, 0x40, 0xbf, 0x0, 0x0, 0x4, 0xfe, 0xb,
    0xf0, 0x0, 0x0, 0x9, 0xfa,

    /* U+004C "L" */
    0xbf, 0x0, 0x0, 0x0, 0xb, 0xf0, 0x0, 0x0,
    0x0, 0xbf, 0x0, 0x0, 0x0, 0xb, 0xf0, 0x0,
    0x0, 0x0, 0xbf, 0x0, 0x0, 0x0, 0xb, 0xf0,
    0x0, 0x0, 0x0, 0xbf, 0x0, 0x0, 0x0, 0xb,
    0xf0, 0x0, 0x0, 0x0, 0xbf, 0x0, 0x0, 0x0,
    0xb, 0xf0, 0x0, 0x0, 0x0, 0xbf, 0x0, 0x0,
    0x0, 0xb, 0xf0, 0x0, 0x0, 0x0, 0xbf, 0x99,
    0x99, 0x99, 0x3b, 0xff, 0xff, 0xff, 0xf6,

    /* U+004D "M" */
    0xaf, 0xf1, 0x0, 0x0, 0x0, 0xdf, 0xaa, 0xff,
    0x50, 0x0, 0x0, 0x2f, 0xfa, 0xaf, 0xea, 0x0,
    0x0, 0x7, 0xef, 0xaa, 0xf9, 0xf0, 0x0, 0x0,
    0xc9, 0xfa, 0xaf, 0x4f, 0x40, 0x0, 0x1f, 0x4f,
    0xaa, 0xf0, 0xe9, 0x0, 0x6, 0xe0, 0xfa, 0xaf,
    0xa, 0xe0, 0x0, 0xba, 0xf, 0xaa, 0xf0, 0x5f,
    0x30, 0x1f, 0x50, 0xfa, 0xaf, 0x0, 0xf8, 0x5,
    0xf0, 0xf, 0xaa, 0xf0, 0xb, 0xd0, 0xaa, 0x0,
    0xfa, 0xaf, 0x0, 0x6f, 0x2f, 0x50, 0xf, 0xaa,
    0xf0, 0x1, 0xfb, 0xf1, 0x0, 0xfa, 0xaf, 0x0,
    0xc, 0xfb, 0x0, 0xf, 0xaa, 0xf0, 0x0, 0x7f,
    0x60, 0x0, 0xfa,

    /* U+004E "N" */
    0xaf, 0x60, 0x0, 0x0, 0x1f, 0x8a, 0xff, 0x10,
    0x0, 0x1, 0xf8, 0xaf, 0xfa, 0x0, 0x0, 0x1f,
    0x8a, 0xfb, 0xf4, 0x0, 0x1, 0xf8, 0xaf, 0x1f,
    0xd0, 0x0, 0x1f, 0x8a, 0xf0, 0x7f, 0x80, 0x1,
    0xf8, 0xaf, 0x0, 0xdf, 0x20, 0x1f, 0x8a, 0xf0,
    0x3, 0xfb, 0x1, 0xf8, 0xaf, 0x0, 0x9, 0xf5,
    0x1f, 0x8a, 0xf0, 0x0, 0x1e, 0xe2, 0xf8, 0xaf,
    0x0, 0x0, 0x6f, 0xbf, 0x8a, 0xf0, 0x0, 0x0,
    0xcf, 0xf8, 0xaf, 0x0, 0x0, 0x2, 0xff, 0x8a,
    0xf0, 0x0, 0x0, 0x8, 0xf8,

    /* U+004F "O" */
    0x0, 0x0, 0x7c, 0xff, 0xc7, 0x0, 0x0, 0x0,
    0x1d, 0xfd, 0x99, 0xdf, 0xd2, 0x0, 0x0, 0xcf,
    0x60, 0x0, 0x6, 0xfd, 0x0, 0x6, 0xf7, 0x0,
    0x0, 0x0, 0x7f, 0x70, 0xc, 0xf0, 0x0, 0x0,
    0x0, 0xf, 0xc0, 0xf, 0xc0, 0x0, 0x0, 0x0,
    0xb, 0xf0, 0x1f, 0xa0, 0x0, 0x0, 0x0, 0x9,
    0xf2, 0x1f, 0xa0, 0x0, 0x0, 0x0, 0x9, 0xf2,
    0xf, 0xb0, 0x0, 0x0, 0x0, 0xb, 0xf0, 0xb,
    0xf0, 0x0, 0x0, 0x0, 0xe, 0xc0, 0x6, 0xf7,
    0x0, 0x0, 0x0, 0x7f, 0x70, 0x0, 0xcf, 0x60,
    0x0, 0x5, 0xfd, 0x0, 0x0, 0x1c, 0xfd, 0x99,
    0xcf, 0xd2, 0x0, 0x0, 0x0, 0x6c, 0xef, 0xc7,
    0x0, 0x0,

    /* U+0050 "P" */
    0x9f, 0xff, 0xff, 0xfc, 0x50, 0x9, 0xfa, 0x99,
    0x9a, 0xff, 0x60, 0x9f, 0x10, 0x0, 0x2, 0xfe,
    0x9, 0xf1, 0x0, 0x0, 0xa, 0xf2, 0x9f, 0x10,
    0x0, 0x0, 0x9f, 0x39, 0xf1, 0x0, 0x0, 0xc,
    0xf0, 0x9f, 0x10, 0x0, 0x29, 0xfa, 0x9, 0xff,
    0xff, 0xff, 0xfd, 0x10, 0x9f, 0xa9, 0x99, 0x84,
    0x0, 0x9, 0xf1, 0x0, 0x0, 0x0, 0x0, 0x9f,
    0x10, 0x0, 0x0, 0x0, 0x9, 0xf1, 0x0, 0x0,
    0x0, 0x0, 0x9f, 0x10, 0x0, 0x0, 0x0, 0x9,
    0xf1, 0x0, 0x0, 0x0, 0x0,

    /* U+0051 "Q" */
    0x0, 0x0, 0x7c, 0xfe, 0xc6, 0x0, 0x0, 0x0,
    0x2d, 0xfc, 0x99, 0xdf, 0xc1, 0x0, 0x0, 0xdf,
    0x40, 0x0, 0x7, 0xfc, 0x0, 0x7, 0xf5, 0x0,
    0x0, 0x0, 0x9f, 0x50, 0xd, 0xe0, 0x0, 0x0,
    0x0, 0x1f, 0xb0, 0x1f, 0xa0, 0x0, 0x0, 0x0,
    0xc, 0xf0, 0x2f, 0x80, 0x0, 0x0, 0x0, 0xb,
    0xf0, 0x2f, 0x80, 0x0, 0x0, 0x0, 0xb, 0xf0,
    0x1f, 0xa0, 0x0, 0x0, 0x0, 0xc, 0xf0, 0xd,
    0xe0, 0x0, 0x0, 0x0, 0x1f, 0xb0, 0x7, 0xf6,
    0x0, 0xa, 0x80, 0x8f, 0x50, 0x0, 0xdf, 0x50,
    0x8, 0xee, 0xfc, 0x0, 0x0, 0x2d, 0xfc, 0x99,
    0xdf, 0xf8, 0x0, 0x0, 0x0, 0x7c, 0xfe, 0xc6,
    0x7f, 0xd2, 0x0, 0x0, 0x0, 0x0, 0x0, 0x2,
    0x90,

    /* U+0052 "R" */
    0x9f, 0xff, 0xff, 0xfe, 0xa2, 0x0, 0x9f, 0x98,
    0x88, 0x8c, 0xfe, 0x10, 0x9f, 0x20, 0x0, 0x0,
    0x8f, 0x70, 0x9f, 0x20, 0x0, 0x0, 0x1f, 0xa0,
    0x9f, 0x20, 0x0, 0x0, 0x2f, 0xa0, 0x9f, 0x20,
    0x0, 0x0, 0x9f, 0x60, 0x9f, 0x98, 0x88, 0x9d,
    0xfb, 0x0, 0x9f, 0xff, 0xff, 0xfc, 0x60, 0x0,
    0x9f, 0x20, 0x4, 0xed, 0x20, 0x0, 0x9f, 0x20,
    0x0, 0x3f, 0xd1, 0x0, 0x9f, 0x20, 0x0, 0x8,
    0xfa, 0x0, 0x9f, 0x20, 0x0, 0x0, 0xdf, 0x30,
    0x9f, 0x20, 0x0, 0x0, 0x4f, 0xd0, 0x9f, 0x20,
    0x0, 0x0, 0xa, 0xf7,

    /* U+0053 "S" */
    0x0, 0x8, 0xdf, 0xfc, 0x60, 0x0, 0x0, 0xdf,
    0xc9, 0xae, 0xfa, 0x0, 0x7, 0xf6, 0x0, 0x0,
    0xaf, 0x40, 0xa, 0xf0, 0x0, 0x0, 0x2f, 0x90,
    0x9, 0xf4, 0x0, 0x0, 0x2, 0x0, 0x2, 0xff,
    0xa5, 0x10, 0x0, 0x0, 0x0, 0x3d, 0xff, 0xfd,
    0x70, 0x0, 0x0, 0x0, 0x38, 0xcf, 0xfe, 0x20,
    0x0, 0x0, 0x0, 0x1, 0x8f, 0xb0, 0x1a, 0x50,
    0x0, 0x0, 0xb, 0xf0, 0xf, 0xb0, 0x0, 0x0,
    0xa, 0xf0, 0xa, 0xf8, 0x0, 0x0, 0x4f, 0xa0,
    0x1, 0xdf, 0xea, 0xac, 0xfe, 0x10, 0x0, 0x7,
    0xce, 0xfd, 0x81, 0x0,

    /* U+0054 "T" */
    0x9f, 0xff, 0xff, 0xff, 0xff, 0xa5, 0x99, 0x9b,
    0xfb, 0x99, 0x96, 0x0, 0x0, 0x5f, 0x60, 0x0,
    0x0, 0x0, 0x5, 0xf6, 0x0, 0x0, 0x0, 0x0,
    0x5f, 0x60, 0x0, 0x0, 0x0, 0x5, 0xf6, 0x0,
    0x0, 0x0, 0x0, 0x5f, 0x60, 0x0, 0x0, 0x0,
    0x5, 0xf6, 0x0, 0x0, 0x0, 0x0, 0x5f, 0x60,
    0x0, 0x0, 0x0, 0x5, 0xf6, 0x0, 0x0, 0x0,
    0x0, 0x5f, 0x60, 0x0, 0x0, 0x0, 0x5, 0xf6,
    0x0, 0x0, 0x0, 0x0, 0x5f, 0x60, 0x0, 0x0,
    0x0, 0x5, 0xf6, 0x0, 0x0,

    /* U+0055 "U" */
    0x9f, 0x20, 0x0, 0x0, 0x2f, 0x89, 0xf2, 0x0,
    0x0, 0x2, 0xf8, 0x9f, 0x20, 0x0, 0x0, 0x2f,
    0x89, 0xf2, 0x0, 0x0, 0x2, 0xf8, 0x9f, 0x20,
    0x0, 0x0, 0x2f, 0x89, 0xf2, 0x0, 0x0, 0x2,
    0xf8, 0x9f, 0x20, 0x0, 0x0, 0x2f, 0x89, 0xf2,
    0x0, 0x0, 0x2, 0xf8, 0x8f, 0x20, 0x0, 0x0,
    0x2f, 0x87, 0xf3, 0x0, 0x0, 0x4, 0xf7, 0x5f,
    0x70, 0x0, 0x0, 0x7f, 0x41, 0xfe, 0x20, 0x0,
    0x2e, 0xe0, 0x6, 0xff, 0xba, 0xbf, 0xf5, 0x0,
    0x4, 0xbe, 0xfe, 0xa3, 0x0,

    /* U+0056 "V" */
    0xbf, 0x10, 0x0, 0x0, 0x1, 0xfa, 0x6f, 0x60,
    0x0, 0x0, 0x6, 0xf5, 0xf, 0xb0, 0x0, 0x0,
    0xb, 0xe0, 0xa, 0xf1, 0x0, 0x0, 0x1f, 0x90,
    0x5, 0xf6, 0x0, 0x0, 0x6f, 0x30, 0x0, 0xeb,
    0x0, 0x0, 0xce, 0x0, 0x0, 0x9f, 0x10, 0x1,
    0xf8, 0x0, 0x0, 0x3f, 0x60, 0x7, 0xf2, 0x0,
    0x0, 0xe, 0xb0, 0xc, 0xc0, 0x0, 0x0, 0x8,
    0xf1, 0x2f, 0x70, 0x0, 0x0, 0x2, 0xf5, 0x7f,
    0x10, 0x0, 0x0, 0x0, 0xda, 0xcb, 0x0, 0x0,
    0x0, 0x0, 0x7f, 0xf5, 0x0, 0x0, 0x0, 0x0,
    0x1f, 0xf0, 0x0, 0x0,

    /* U+0057 "W" */
    0xaf, 0x10, 0x0, 0xa, 0xfb, 0x0, 0x0, 0xf,
    0xa6, 0xf4, 0x0, 0x0, 0xef, 0xf0, 0x0, 0x4,
    0xf6, 0x2f, 0x80, 0x0, 0x2f, 0x9f, 0x30, 0x0,
    0x7f, 0x20, 0xeb, 0x0, 0x6, 0xf2, 0xf7, 0x0,
    0xb, 0xe0, 0xa, 0xe0, 0x0, 0xac, 0xd, 0xb0,
    0x0, 0xea, 0x0, 0x7f, 0x20, 0xe, 0x80, 0x8f,
    0x0, 0x2f, 0x60, 0x3, 0xf5, 0x2, 0xf4, 0x4,
    0xf4, 0x6, 0xf2, 0x0, 0xf, 0x90, 0x7f, 0x0,
    0xf, 0x80, 0x9e, 0x0, 0x0, 0xbc, 0xb, 0xc0,
    0x0, 0xcb, 0xd, 0xa0, 0x0, 0x7, 0xf0, 0xf8,
    0x0, 0x8, 0xf1, 0xf6, 0x0, 0x0, 0x3f, 0x5f,
    0x40, 0x0, 0x4f, 0x6f, 0x20, 0x0, 0x0, 0xfc,
    0xf0, 0x0, 0x0, 0xfc, 0xe0, 0x0, 0x0, 0xb,
    0xfc, 0x0, 0x0, 0xc, 0xfa, 0x0, 0x0, 0x0,
    0x7f, 0x80, 0x0, 0x0, 0x8f, 0x60, 0x0,

    /* U+0058 "X" */
    0x1e, 0xe1, 0x0, 0x0, 0xa, 0xf3, 0x5, 0xfa,
    0x0, 0x0, 0x5f, 0x80, 0x0, 0xbf, 0x50, 0x1,
    0xfc, 0x0, 0x0, 0x1e, 0xe1, 0xc, 0xf2, 0x0,
    0x0, 0x6, 0xf9, 0x6f, 0x70, 0x0, 0x0, 0x0,
    0xbf, 0xfc, 0x0, 0x0, 0x0, 0x0, 0x2f, 0xf3,
    0x0, 0x0, 0x0, 0x0, 0x7f, 0xf9, 0x0, 0x0,
    0x0, 0x3, 0xfb, 0xcf, 0x40, 0x0, 0x0, 0xd,
    0xf2, 0x2f, 0xe0, 0x0, 0x0, 0x8f, 0x70, 0x7,
    0xf9, 0x0, 0x3, 0xfc, 0x0, 0x0, 0xdf, 0x30,
    0xd, 0xf2, 0x0, 0x0, 0x3f, 0xd0, 0x9f, 0x70,
    0x0, 0x0, 0x8, 0xf8,

    /* U+0059 "Y" */
    0xaf, 0x60, 0x0, 0x0, 0x6, 0xf8, 0x1f, 0xe1,
    0x0, 0x0, 0x1f, 0xd0, 0x6, 0xfa, 0x0, 0x0,
    0xaf, 0x40, 0x0, 0xcf, 0x30, 0x3, 0xfa, 0x0,
    0x0, 0x3f, 0xc0, 0xd, 0xe1, 0x0, 0x0, 0x9,
    0xf6, 0x6f, 0x50, 0x0, 0x0, 0x0, 0xee, 0xeb,
    0x0, 0x0, 0x0, 0x0, 0x5f, 0xf1, 0x0, 0x0,
    0x0, 0x0, 0xf, 0xb0, 0x0, 0x0, 0x0, 0x0,
    0xf, 0xb0, 0x0, 0x0, 0x0, 0x0, 0xf, 0xb0,
    0x0, 0x0, 0x0, 0x0, 0xf, 0xb0, 0x0, 0x0,
    0x0, 0x0, 0xf, 0xb0, 0x0, 0x0, 0x0, 0x0,
    0xf, 0xb0, 0x0, 0x0,

    /* U+005A "Z" */
    0xe, 0xff, 0xff, 0xff, 0xff, 0x50, 0x89, 0x99,
    0x99, 0x9f, 0xf4, 0x0, 0x0, 0x0, 0x6, 0xfa,
    0x0, 0x0, 0x0, 0x3, 0xfd, 0x10, 0x0, 0x0,
    0x0, 0xdf, 0x30, 0x0, 0x0, 0x0, 0xaf, 0x70,
    0x0, 0x0, 0x0, 0x6f, 0xb0, 0x0, 0x0, 0x0,
    0x2f, 0xe1, 0x0, 0x0, 0x0, 0xc, 0xf4, 0x0,
    0x0, 0x0, 0x9, 0xf8, 0x0, 0x0, 0x0, 0x4,
    0xfc, 0x0, 0x0, 0x0, 0x1, 0xee, 0x10, 0x0,
    0x0, 0x0, 0x9f, 0xc9, 0x99, 0x99, 0x99, 0x5a,
    0xff, 0xff, 0xff, 0xff, 0xf8,

    /* U+005B "[" */
    0xcf, 0xfb, 0xcd, 0x64, 0xcc, 0x0, 0xcc, 0x0,
    0xcc, 0x0, 0xcc, 0x0, 0xcc, 0x0, 0xcc, 0x0,
    0xcc, 0x0, 0xcc, 0x0, 0xcc, 0x0, 0xcc, 0x0,
    0xcc, 0x0, 0xcc, 0x0, 0xcc, 0x0, 0xcc, 0x0,
    0xcd, 0x64, 0xcf, 0xfb,

    /* U+005C "\\" */
    0xd6, 0x0, 0x9, 0xa0, 0x0, 0x5e, 0x0, 0x1,
    0xf3, 0x0, 0xc, 0x70, 0x0, 0x8b, 0x0, 0x4,
    0xf0, 0x0, 0xf, 0x40, 0x0, 0xb8, 0x0, 0x7,
    0xc0, 0x0, 0x3f, 0x10, 0x0, 0xe5, 0x0, 0xa,
    0x90, 0x0, 0x6d,

    /* U+005D "]" */
    0xaf, 0xfd, 0x36, 0xdd, 0x0, 0xcd, 0x0, 0xcd,
    0x0, 0xcd, 0x0, 0xcd, 0x0, 0xcd, 0x0, 0xcd,
    0x0, 0xcd, 0x0, 0xcd, 0x0, 0xcd, 0x0, 0xcd,
    0x0, 0xcd, 0x0, 0xcd, 0x0, 0xcd, 0x0, 0xcd,
    0x36, 0xdd, 0xaf, 0xfd,

    /* U+005E "^" */
    0x0, 0x4, 0x70, 0x0, 0x0, 0xd, 0xf4, 0x0,
    0x0, 0x4f, 0xdb, 0x0, 0x0, 0xac, 0x5f, 0x10,
    0x1, 0xf6, 0xf, 0x80, 0x7, 0xf1, 0x9, 0xe0,
    0xe, 0xa0, 0x3, 0xf5, 0x5f, 0x40, 0x0, 0xdc,

    /* U+005F "_" */
    0x0, 0x0, 0x0, 0x0, 0x0, 0x0, 0x4f, 0xff,
    0xff, 0xff, 0xff, 0xf3, 0x3, 0x33, 0x33, 0x33,
    0x33, 0x30,

    /* U+0060 "`" */
    0x8, 0x80, 0x0, 0x6f, 0x60, 0x0, 0x9d, 0x0,

    /* U+0061 "a" */
    0x0, 0x6c, 0xff, 0xd7, 0x0, 0x7, 0xfb, 0x67,
    0xcf, 0x50, 0xe, 0xb0, 0x0, 0xf, 0xb0, 0x0,
    0x10, 0x0, 0x1e, 0xb0, 0x0, 0x49, 0xce, 0xff,
    0xc0, 0x9, 0xfd, 0x96, 0x2d, 0xc0, 0x3f, 0xa0,
    0x0, 0xf, 0xc0, 0x4f, 0x60, 0x0, 0x5f, 0xc0,
    0x1e, 0xe6, 0x59, 0xff, 0xd0, 0x3, 0xcf, 0xec,
    0x58, 0xf1,

    /* U+0062 "b" */
    0xdc, 0x0, 0x0, 0x0, 0xd, 0xc0, 0x0, 0x0,
    0x0, 0xdc, 0x0, 0x0, 0x0, 0xd, 0xc0, 0x0,
    0x0, 0x0, 0xdc, 0x6d, 0xfc, 0x40, 0xd, 0xff,
    0x87, 0xdf, 0x40, 0xdf, 0x50, 0x1, 0xed, 0xd,
    0xd0, 0x0, 0x8, 0xf1, 0xda, 0x0, 0x0, 0x6f,
    0x3d, 0xa0, 0x0, 0x6, 0xf3, 0xdc, 0x0, 0x0,
    0x8f, 0x1d, 0xf1, 0x0, 0xe, 0xc0, 0xdf, 0xc4,
    0x3b, 0xf3, 0xd, 0xa8, 0xef, 0xc3, 0x0,

    /* U+0063 "c" */
    0x0, 0x3b, 0xfe, 0xb2, 0x0, 0x4f, 0xd7, 0x7e,
    0xe1, 0xd, 0xd0, 0x0, 0x3f, 0x72, 0xf8, 0x0,
    0x0, 0x31, 0x4f, 0x50, 0x0, 0x0, 0x4, 0xf5,
    0x0, 0x0, 0x0, 0x2f, 0x70, 0x0, 0x9, 0x70,
    0xdd, 0x0, 0x2, 0xf8, 0x4, 0xfd, 0x77, 0xee,
    0x10, 0x4, 0xcf, 0xea, 0x10,

    /* U+0064 "d" */
    0x0, 0x0, 0x0, 0xd, 0xb0, 0x0, 0x0, 0x0,
    0xdb, 0x0, 0x0, 0x0, 0xd, 0xb0, 0x0, 0x0,
    0x0, 0xdb, 0x0, 0x5d, 0xfd, 0x4d, 0xb0, 0x6f,
    0xc7, 0x9f, 0xfb, 0xe, 0xc0, 0x0, 0x5f, 0xb3,
    0xf6, 0x0, 0x0, 0xeb, 0x5f, 0x40, 0x0, 0xc,
    0xb5, 0xf4, 0x0, 0x0, 0xcb, 0x3f, 0x70, 0x0,
    0xe, 0xb0, 0xed, 0x0, 0x5, 0xfb, 0x4, 0xfd,
    0x68, 0xfe, 0xb0, 0x4, 0xcf, 0xd5, 0xcb,

    /* U+0065 "e" */
    0x0, 0x3b, 0xff, 0xb3, 0x0, 0x4, 0xfd, 0x77,
    0xdf, 0x40, 0xd, 0xd0, 0x0, 0xd, 0xd0, 0x2f,
    0x81, 0x11, 0x18, 0xf1, 0x4f, 0xff, 0xff, 0xff,
    0xf3, 0x5f, 0x84, 0x44, 0x44, 0x41, 0x3f, 0x80,
    0x0, 0x3, 0x40, 0xe, 0xe1, 0x0, 0xd, 0xe0,
    0x4, 0xfe, 0x76, 0xcf, 0x50, 0x0, 0x3b, 0xff,
    0xc4, 0x0,

    /* U+0066 "f" */
    0x0, 0x7e, 0xf7, 0x3, 0xfd, 0x84, 0x6, 0xf3,
    0x0, 0x7, 0xf2, 0x0, 0xdf, 0xff, 0xf0, 0x39,
    0xf6, 0x40, 0x7, 0xf2, 0x0, 0x7, 0xf2, 0x0,
    0x7, 0xf2, 0x0, 0x7, 0xf2, 0x0, 0x7, 0xf2,
    0x0, 0x7, 0xf2, 0x0, 0x7, 0xf2, 0x0, 0x7,
    0xf2, 0x0,

    /* U+0067 "g" */
    0x0, 0x5c, 0xfd, 0x6a, 0xd0, 0x5f, 0xc7, 0x9f,
    0xed, 0xe, 0xd0, 0x0, 0x5f, 0xd3, 0xf6, 0x0,
    0x0, 0xed, 0x5f, 0x40, 0x0, 0xb, 0xd6, 0xf3,
    0x0, 0x0, 0xbd, 0x4f, 0x60, 0x0, 0xd, 0xd0,
    0xec, 0x0, 0x4, 0xfd, 0x5, 0xfc, 0x78, 0xff,
    0xc0, 0x5, 0xdf, 0xd5, 0xcc, 0x1, 0x0, 0x0,
    0xe, 0xb0, 0xf9, 0x0, 0x3, 0xf7, 0xb, 0xf9,
    0x68, 0xee, 0x10, 0x8, 0xdf, 0xe9, 0x10,

    /* U+0068 "h" */
    0xdc, 0x0, 0x0, 0x0, 0xdc, 0x0, 0x0, 0x0,
    0xdc, 0x0, 0x0, 0x0, 0xdc, 0x0, 0x0, 0x0,
    0xdc, 0x5d, 0xfd, 0x60, 0xdf, 0xf9, 0x7d, 0xf5,
    0xdf, 0x40, 0x1, 0xfa, 0xde, 0x0, 0x0, 0xdc,
    0xdc, 0x0, 0x0, 0xcc, 0xdc, 0x0, 0x0, 0xcc,
    0xdc, 0x0, 0x0, 0xcc, 0xdc, 0x0, 0x0, 0xcc,
    0xdc, 0x0, 0x0, 0xcc, 0xdc, 0x0, 0x0, 0xcc,

    /* U+0069 "i" */
    0xcc, 0xbb, 0x0, 0x0, 0xcc, 0xcc, 0xcc, 0xcc,
    0xcc, 0xcc, 0xcc, 0xcc, 0xcc, 0xcc,

    /* U+006A "j" */
    0x0, 0xdc, 0x0, 0xcb, 0x0, 0x0, 0x0, 0x0,
    0x0, 0xdc, 0x0, 0xdc, 0x0, 0xdc, 0x0, 0xdc,
    0x0, 0xdc, 0x0, 0xdc, 0x0, 0xdc, 0x0, 0xdc,
    0x0, 0xdc, 0x0, 0xdc, 0x0, 0xdc, 0x0, 0xeb,
    0x59, 0xf8, 0xaf, 0xb1,

    /* U+006B "k" */
    0xcc, 0x0, 0x0, 0x0, 0xcc, 0x0, 0x0, 0x0,
    0xcc, 0x0, 0x0, 0x0, 0xcc, 0x0, 0x0, 0x0,
    0xcc, 0x0, 0x1d, 0xe2, 0xcc, 0x0, 0xce, 0x20,
    0xcc, 0xc, 0xf3, 0x0, 0xcc, 0xbf, 0x40, 0x0,
    0xcf, 0xff, 0x70, 0x0, 0xcf, 0x5b, 0xf2, 0x0,
    0xcc, 0x2, 0xfb, 0x0, 0xcc, 0x0, 0x8f, 0x50,
    0xcc, 0x0, 0xe, 0xe1, 0xcc, 0x0, 0x5, 0xf9,

    /* U+006C "l" */
    0xdb, 0xdb, 0xdb, 0xdb, 0xdb, 0xdb, 0xdb, 0xdb,
    0xdb, 0xdb, 0xdb, 0xdb, 0xdb, 0xdb,

    /* U+006D "m" */
    0xd9, 0x6d, 0xfd, 0x41, 0xaf, 0xe9, 0xd, 0xed,
    0x54, 0xdf, 0xd8, 0x48, 0xf7, 0xdf, 0x20, 0x6,
    0xfa, 0x0, 0xd, 0xbd, 0xd0, 0x0, 0x4f, 0x60,
    0x0, 0xbd, 0xdc, 0x0, 0x4, 0xf5, 0x0, 0xb,
    0xdd, 0xc0, 0x0, 0x4f, 0x50, 0x0, 0xbd, 0xdc,
    0x0, 0x4, 0xf5, 0x0, 0xb, 0xdd, 0xc0, 0x0,
    0x4f, 0x50, 0x0, 0xbd, 0xdc, 0x0, 0x4, 0xf5,
    0x0, 0xb, 0xdd, 0xc0, 0x0, 0x4f, 0x50, 0x0,
    0xbd,

    /* U+006E "n" */
    0xd9, 0x6d, 0xfd, 0x60, 0xde, 0xd6, 0x4b, 0xf5,
    0xdf, 0x20, 0x0, 0xfa, 0xdd, 0x0, 0x0, 0xdc,
    0xdc, 0x0, 0x0, 0xdc, 0xdc, 0x0, 0x0, 0xdc,
    0xdc, 0x0, 0x0, 0xdc, 0xdc, 0x0, 0x0, 0xdc,
    0xdc, 0x0, 0x0, 0xdc, 0xdc, 0x0, 0x0, 0xdc,

    /* U+006F "o" */
    0x0, 0x4b, 0xff, 0xb3, 0x0, 0x5, 0xfd, 0x77,
    0xef, 0x40, 0xe, 0xd0, 0x0, 0x1e, 0xd0, 0x3f,
    0x60, 0x0, 0x8, 0xf3, 0x5f, 0x40, 0x0, 0x5,
    0xf5, 0x6f, 0x40, 0x0, 0x5, 0xf4, 0x4f, 0x60,
    0x0, 0x8, 0xf2, 0xe, 0xd0, 0x0, 0x1e, 0xe0,
    0x5, 0xfd, 0x77, 0xdf, 0x40, 0x0, 0x4c, 0xff,
    0xb3, 0x0,

    /* U+0070 "p" */
    0xda, 0x7e, 0xfc, 0x40, 0xd, 0xfe, 0x42, 0xaf,
    0x40, 0xdf, 0x30, 0x0, 0xdd, 0xd, 0xc0, 0x0,
    0x7, 0xf2, 0xda, 0x0, 0x0, 0x5f, 0x4d, 0xa0,
    0x0, 0x5, 0xf3, 0xdd, 0x0, 0x0, 0x8f, 0x1d,
    0xf4, 0x0, 0x1e, 0xc0, 0xdf, 0xf8, 0x7d, 0xf3,
    0xd, 0xc6, 0xef, 0xb3, 0x0, 0xdc, 0x0, 0x0,
    0x0, 0xd, 0xc0, 0x0, 0x0, 0x0, 0xdc, 0x0,
    0x0, 0x0, 0xd, 0xc0, 0x0, 0x0, 0x0,

    /* U+0071 "q" */
    0x0, 0x5c, 0xfd, 0x5b, 0xb0, 0x5f, 0xc6, 0x8f,
    0xeb, 0xe, 0xd0, 0x0, 0x6f, 0xb3, 0xf7, 0x0,
    0x0, 0xeb, 0x5f, 0x50, 0x0, 0xc, 0xb5, 0xf5,
    0x0, 0x0, 0xcb, 0x2f, 0x70, 0x0, 0xe, 0xb0,
    0xde, 0x0, 0x5, 0xfb, 0x4, 0xfd, 0x78, 0xff,
    0xb0, 0x4, 0xcf, 0xd5, 0xdb, 0x0, 0x0, 0x0,
    0xd, 0xb0, 0x0, 0x0, 0x0, 0xdb, 0x0, 0x0,
    0x0, 0xd, 0xb0, 0x0, 0x0, 0x0, 0xdb,

    /* U+0072 "r" */
    0xd9, 0x9f, 0xe1, 0xde, 0xe8, 0xa0, 0xdf, 0x20,
    0x0, 0xdd, 0x0, 0x0, 0xdc, 0x0, 0x0, 0xdc,
    0x0, 0x0, 0xdc, 0x0, 0x0, 0xdc, 0x0, 0x0,
    0xdc, 0x0, 0x0, 0xdc, 0x0, 0x0,

    /* U+0073 "s" */
    0x1, 0xae, 0xfd, 0x70, 0x0, 0xce, 0x76, 0xaf,
    0x80, 0x2f, 0x60, 0x0, 0xaa, 0x1, 0xfd, 0x40,
    0x0, 0x0, 0x6, 0xff, 0xfb, 0x60, 0x0, 0x1,
    0x6b, 0xff, 0xc0, 0x3, 0x0, 0x0, 0x9f, 0x34,
    0xf6, 0x0, 0x6, 0xf3, 0xc, 0xf8, 0x68, 0xfc,
    0x0, 0x19, 0xef, 0xe9, 0x10,

    /* U+0074 "t" */
    0x0, 0x10, 0x0, 0x4f, 0x0, 0x8, 0xf0, 0x0,
    0x8f, 0x0, 0xbf, 0xff, 0xa3, 0xaf, 0x53, 0x8,
    0xf0, 0x0, 0x8f, 0x0, 0x8, 0xf0, 0x0, 0x8f,
    0x0, 0x8, 0xf0, 0x0, 0x8f, 0x10, 0x6, 0xfb,
    0x60, 0x1c, 0xfb,

    /* U+0075 "u" */
    0xdb, 0x0, 0x0, 0xdb, 0xdb, 0x0, 0x0, 0xdb,
    0xdb, 0x0, 0x0, 0xdb, 0xdb, 0x0, 0x0, 0xdb,
    0xdb, 0x0, 0x0, 0xdb, 0xdb, 0x0, 0x0, 0xeb,
    0xdc, 0x0, 0x0, 0xfb, 0xbe, 0x0, 0x5, 0xfb,
    0x6f, 0xc7, 0x9f, 0xdb, 0x7, 0xef, 0xc3, 0xbb,

    /* U+0076 "v" */
    0x9f, 0x10, 0x0, 0xf, 0x93, 0xf6, 0x0, 0x5,
    0xf4, 0xe, 0xb0, 0x0, 0xbe, 0x0, 0x8f, 0x10,
    0xf, 0x80, 0x2, 0xf6, 0x5, 0xf3, 0x0, 0xd,
    0xb0, 0xbd, 0x0, 0x0, 0x7f, 0x2f, 0x70, 0x0,
    0x1, 0xfb, 0xf2, 0x0, 0x0, 0xc, 0xfc, 0x0,
    0x0, 0x0, 0x6f, 0x60, 0x0,

    /* U+0077 "w" */
    0xcd, 0x0, 0x6, 0xf7, 0x0, 0xd, 0xb8, 0xf1,
    0x0, 0xaf, 0xa0, 0x1, 0xf6, 0x3f, 0x50, 0xe,
    0xee, 0x0, 0x5f, 0x20, 0xf9, 0x3, 0xf7, 0xf2,
    0xa, 0xd0, 0xa, 0xd0, 0x7e, 0x1f, 0x60, 0xe8,
    0x0, 0x6f, 0x1b, 0xa0, 0xda, 0x3f, 0x40, 0x1,
    0xf5, 0xf6, 0x9, 0xe7, 0xf0, 0x0, 0xc, 0xcf,
    0x20, 0x5f, 0xda, 0x0, 0x0, 0x8f, 0xe0, 0x1,
    0xff, 0x50, 0x0, 0x3, 0xfa, 0x0, 0xd, 0xf1,
    0x0,

    /* U+0078 "x" */
    0x4f, 0xa0, 0x0, 0x9f, 0x40, 0xaf, 0x40, 0x4f,
    0x90, 0x1, 0xed, 0x1e, 0xd0, 0x0, 0x4, 0xfd,
    0xf3, 0x0, 0x0, 0xa, 0xf9, 0x0, 0x0, 0x0,
    0xdf, 0xd0, 0x0, 0x0, 0x9f, 0x7f, 0x90, 0x0,
    0x3f, 0x90, 0x9f, 0x30, 0xd, 0xe1, 0x1, 0xed,
    0x8, 0xf5, 0x0, 0x6, 0xf8,

    /* U+0079 "y" */
    0x8f, 0x20, 0x0, 0xe, 0xa2, 0xf8, 0x0, 0x4,
    0xf5, 0xd, 0xd0, 0x0, 0x9f, 0x0, 0x7f, 0x20,
    0xe, 0x90, 0x1, 0xf8, 0x4, 0xf4, 0x0, 0xc,
    0xd0, 0xae, 0x0, 0x0, 0x6f, 0x2e, 0x90, 0x0,
    0x1, 0xfa, 0xf3, 0x0, 0x0, 0xb, 0xfd, 0x0,
    0x0, 0x0, 0x5f, 0x80, 0x0, 0x0, 0x5, 0xf2,
    0x0, 0x0, 0x0, 0xbc, 0x0, 0x0, 0xa, 0xcf,
    0x50, 0x0, 0x0, 0xdf, 0x80, 0x0, 0x0,

    /* U+007A "z" */
    0x4f, 0xff, 0xff, 0xff, 0x51, 0x55, 0x55, 0x5f,
    0xe1, 0x0, 0x0, 0xa, 0xf3, 0x0, 0x0, 0x7,
    0xf7, 0x0, 0x0, 0x4, 0xfa, 0x0, 0x0, 0x2,
    0xed, 0x0, 0x0, 0x0, 0xde, 0x20, 0x0, 0x0,
    0xbf, 0x40, 0x0, 0x0, 0x7f, 0xb6, 0x66, 0x66,
    0x4a, 0xff, 0xff, 0xff, 0xf9,

    /* U+007B "{" */
    0x0, 0x9, 0xf9, 0x0, 0x5f, 0xa4, 0x0, 0x9e,
    0x0, 0x0, 0xad, 0x0, 0x0, 0xac, 0x0, 0x0,
    0xbc, 0x0, 0x0, 0xcb, 0x0, 0x1, 0xf7, 0x0,
    0x4d, 0xd1, 0x0, 0x8f, 0x70, 0x0, 0x5, 0xf4,
    0x0, 0x0, 0xda, 0x0, 0x0, 0xbc, 0x0, 0x0,
    0xbc, 0x0, 0x0, 0xad, 0x0, 0x0, 0x9d, 0x0,
    0x0, 0x5f, 0x94, 0x0, 0x9, 0xf9,

    /* U+007C "|" */
    0x5f, 0x5, 0xf0, 0x5f, 0x5, 0xf0, 0x5f, 0x5,
    0xf0, 0x5f, 0x5, 0xf0, 0x5f, 0x5, 0xf0, 0x5f,
    0x5, 0xf0, 0x5f, 0x5, 0xf0, 0x5f, 0x5, 0xf0,
    0x5f, 0x5, 0xf0,

    /* U+007D "}" */
    0x9f, 0x90, 0x0, 0x4a, 0xf5, 0x0, 0x0, 0xe9,
    0x0, 0x0, 0xca, 0x0, 0x0, 0xca, 0x0, 0x0,
    0xcb, 0x0, 0x0, 0xbc, 0x0, 0x0, 0x7f, 0x0,
    0x0, 0xd, 0xd4, 0x0, 0x6, 0xf8, 0x0, 0x4f,
    0x50, 0x0, 0xad, 0x0, 0x0, 0xcb, 0x0, 0x0,
    0xca, 0x0, 0x0, 0xca, 0x0, 0x0, 0xe9, 0x0,
    0x49, 0xf6, 0x0, 0x9f, 0x90, 0x0,

    /* U+007E "~" */
    0x0, 0x0, 0x0, 0x0, 0x0, 0x7, 0xef, 0xc6,
    0x0, 0x18, 0x3f, 0xed, 0xff, 0xec, 0xfb, 0x35,
    0x0, 0x28, 0xef, 0xb3, 0x0, 0x0, 0x0, 0x0,
    0x0,

    /* U+00A0 " " */

    /* U+00A1 "¡" */
    0xee, 0xcd, 0x0, 0x11, 0x88, 0x9a, 0xab, 0xbc,
    0xcd, 0xde, 0xef, 0xff, 0xff, 0xff,

    /* U+00A2 "¢" */
    0x0, 0x0, 0x0, 0x4, 0x0, 0x0, 0x0, 0x0,
    0x5b, 0x0, 0x0, 0x0, 0x0, 0x97, 0x0, 0x0,
    0x0, 0x0, 0xe2, 0x0, 0x0, 0x1a, 0xef, 0xf4,
    0x0, 0x1, 0xee, 0x7a, 0xff, 0x40, 0x9, 0xf2,
    0xb, 0x5e, 0xc0, 0xe, 0xb0, 0xf, 0x2, 0x10,
    0xf, 0x90, 0x4b, 0x0, 0x0, 0xf, 0x90, 0x97,
    0x0, 0x0, 0xe, 0xb0, 0xe2, 0x6, 0xa0, 0x9,
    0xf5, 0xe0, 0xe, 0xb0, 0x1, 0xef, 0xc6, 0xdf,
    0x20, 0x0, 0x1e, 0xff, 0xb2, 0x0, 0x0, 0xf,
    0x10, 0x0, 0x0, 0x0, 0x4c, 0x0, 0x0, 0x0,
    0x0, 0x97, 0x0, 0x0, 0x0, 0x0, 0x42, 0x0,
    0x0, 0x0,

    /* U+00A3 "£" */
    0x0, 0x19, 0xef, 0xc5, 0x0, 0x1, 0xef, 0x86,
    0xcf, 0x60, 0x8, 0xf4, 0x0, 0xc, 0xe0, 0xa,
    0xf0, 0x0, 0x4, 0x60, 0x9, 0xf1, 0x0, 0x0,
    0x0, 0x7, 0xf6, 0x11, 0x0, 0x0, 0x9f, 0xff,
    0xff, 0x40, 0x0, 0x24, 0xed, 0x44, 0x10, 0x0,
    0x0, 0xce, 0x0, 0x0, 0x0, 0x0, 0xdb, 0x0,
    0x0, 0x0, 0x2, 0xf5, 0x0, 0x0, 0x0, 0xc,
    0xc1, 0x0, 0x0, 0x0, 0x9f, 0xff, 0xfd, 0xaa,
    0xd2, 0x5b, 0x64, 0x6a, 0xef, 0xd4, 0x0, 0x0,
    0x0, 0x0, 0x0,

    /* U+00A4 "¤" */
    0x5, 0x0, 0x0, 0x0, 0x40, 0x2f, 0xba, 0xee,
    0x9c, 0xf1, 0x6, 0xff, 0x9a, 0xff, 0x50, 0x6,
    0xf3, 0x0, 0x4f, 0x60, 0xa, 0xc0, 0x0, 0xd,
    0x90, 0xa, 0xc0, 0x0, 0xd, 0x90, 0x7, 0xf3,
    0x0, 0x4f, 0x60, 0x6, 0xff, 0x9a, 0xff, 0x50,
    0x2f, 0xba, 0xee, 0x9c, 0xf1, 0x5, 0x0, 0x0,
    0x0, 0x40,

    /* U+00A5 "¥" */
    0xc, 0xe0, 0x0, 0x0, 0x2f, 0xb0, 0x4f, 0x70,
    0x0, 0xa, 0xf2, 0x0, 0xbe, 0x10, 0x2, 0xfa,
    0x0, 0x3, 0xf8, 0x0, 0xaf, 0x20, 0x0, 0xb,
    0xf1, 0x2f, 0xa0, 0x0, 0x0, 0x3f, 0x79, 0xf2,
    0x0, 0x0, 0x11, 0xbe, 0xfa, 0x11, 0x0, 0x7f,
    0xff, 0xff, 0xff, 0xf6, 0x1, 0x44, 0x4d, 0xd4,
    0x44, 0x10, 0x0, 0x0, 0xdc, 0x0, 0x0, 0x7,
    0xff, 0xff, 0xff, 0xff, 0x60, 0x13, 0x33, 0xdd,
    0x33, 0x31, 0x0, 0x0, 0xd, 0xc0, 0x0, 0x0,
    0x0, 0x0, 0xdc, 0x0, 0x0,

    /* U+00A6 "¦" */
    0x5f, 0x5, 0xf0, 0x5f, 0x5, 0xf0, 0x5f, 0x5,
    0xf0, 0x5f, 0x1, 0x40, 0x0, 0x0, 0x0, 0x14,
    0x5, 0xf0, 0x5f, 0x5, 0xf0, 0x5f, 0x5, 0xf0,
    0x5f, 0x5, 0xf0,

    /* U+00A7 "§" */
    0x0, 0x2b, 0xfe, 0xa1, 0x0, 0x1, 0xee, 0x78,
    0xfc, 0x0, 0x5, 0xf3, 0x0, 0x7f, 0x30, 0x5,
    0xf4, 0x0, 0x15, 0x10, 0x0, 0xef, 0x40, 0x0,
    0x0, 0x1, 0xbf, 0xf9, 0x0, 0x0, 0xd, 0xb1,
    0xbf, 0xd3, 0x0, 0x3f, 0x30, 0x5, 0xff, 0x40,
    0x3f, 0x60, 0x0, 0x2e, 0xe0, 0xc, 0xf5, 0x0,
    0x6, 0xf2, 0x2, 0xef, 0xb1, 0x8, 0xf0, 0x0,
    0x1a, 0xfe, 0x9f, 0x60, 0x0, 0x0, 0x5e, 0xf8,
    0x0, 0x0, 0x0, 0x1, 0xdf, 0x20, 0x4, 0x80,
    0x0, 0x2f, 0x80, 0x8, 0xf3, 0x0, 0x2f, 0x80,
    0x1, 0xee, 0x87, 0xdf, 0x20, 0x0, 0x2b, 0xef,
    0xb3, 0x0,

    /* U+00A8 "¨" */
    0x6e, 0x22, 0xe6, 0x7f, 0x33, 0xf7,

    /* U+00A9 "©" */
    0x0, 0x1, 0x8d, 0xfd, 0xa3, 0x0, 0x0, 0x0,
    0x5f, 0xb5, 0x34, 0x9f, 0x90, 0x0, 0x5, 0xf4,
    0x0, 0x0, 0x1, 0xca, 0x0, 0x1e, 0x50, 0x3b,
    0xec, 0x60, 0x1e, 0x50, 0x7b, 0x2, 0xf8, 0x24,
    0xe5, 0x6, 0xc0, 0xc5, 0x9, 0xb0, 0x0, 0x34,
    0x1, 0xf1, 0xe3, 0xc, 0x70, 0x0, 0x0, 0x0,
    0xe3, 0xe2, 0xc, 0x70, 0x0, 0x0, 0x0, 0xd3,
    0xc5, 0x9, 0xa0, 0x0, 0x47, 0x0, 0xf1, 0x8a,
    0x2, 0xf5, 0x2, 0xd7, 0x5, 0xd0, 0x2f, 0x30,
    0x5e, 0xff, 0x80, 0xd, 0x70, 0x7, 0xd2, 0x0,
    0x10, 0x0, 0xac, 0x0, 0x0, 0x8f, 0x82, 0x1,
    0x5d, 0xc1, 0x0, 0x0, 0x4, 0xbf, 0xff, 0xd7,
    0x0, 0x0, 0x0, 0x0, 0x0, 0x20, 0x0, 0x0,
    0x0,

    /* U+00AA "ª" */
    0x7, 0xef, 0xd4, 0x2, 0xe4, 0x19, 0xd0, 0x2,
    0x69, 0xcf, 0x5, 0xf7, 0x47, 0xf0, 0x8d, 0x33,
    0xdf, 0x1, 0xcf, 0xc5, 0xf1,

    /* U+00AB "«" */
    0x0, 0x6, 0x10, 0x43, 0x0, 0x9c, 0x3, 0xf3,
    0x4, 0xf3, 0xd, 0xa0, 0x1e, 0xb0, 0x8f, 0x20,
    0x9f, 0x22, 0xf9, 0x0, 0x5f, 0x50, 0xdc, 0x0,
    0xb, 0xe0, 0x4f, 0x50, 0x1, 0xe7, 0x9, 0xd0,
    0x0, 0x5e, 0x10, 0xe6,

    /* U+00AC "¬" */
    0xff, 0xff, 0xff, 0xff, 0x88, 0x88, 0x88, 0x88,
    0xf8, 0x0, 0x0, 0x0, 0xf, 0x80, 0x0, 0x0,
    0x0, 0xf8, 0x0, 0x0, 0x0, 0xf, 0x80, 0x0,
    0x0, 0x0, 0x84,

    /* U+00AD "­" */
    0x4a, 0xaa, 0xa4, 0x6f, 0xff, 0xf7,

    /* U+00AE "®" */
    0x0, 0x1, 0x8d, 0xfd, 0xa3, 0x0, 0x0, 0x0,
    0x5f, 0xb5, 0x34, 0x9f, 0x90, 0x0, 0x5, 0xf4,
    0x0, 0x0, 0x1, 0xca, 0x0, 0x1e, 0x50, 0x0,
    0x0, 0x0, 0x1e, 0x50, 0x7b, 0x4, 0xff, 0xfe,
    0x70, 0x6, 0xc0, 0xc5, 0x4, 0xe0, 0x4, 0xf2,
    0x1, 0xf1, 0xe3, 0x4, 0xe0, 0x3, 0xf1, 0x0,
    0xe3, 0xe2, 0x4, 0xfe, 0xfe, 0x60, 0x0, 0xd3,
    0xc5, 0x4, 0xe1, 0x6d, 0x10, 0x0, 0xf1, 0x8a,
    0x4, 0xe0, 0x9, 0xb0, 0x5, 0xd0, 0x2f, 0x34,
    0xe0, 0x1, 0xf5, 0xd, 0x70, 0x7, 0xd2, 0x20,
    0x0, 0x12, 0xac, 0x0, 0x0, 0x8f, 0x82, 0x1,
    0x5d, 0xc1, 0x0, 0x0, 0x4, 0xbf, 0xff, 0xd7,
    0x0, 0x0, 0x0, 0x0, 0x0, 0x20, 0x0, 0x0,
    0x0,

    /* U+00AF "¯" */
    0x4f, 0xff, 0xff, 0xff, 0xff, 0xf3, 0x3, 0x33,
    0x33, 0x33, 0x33, 0x30,

    /* U+00B0 "°" */
    0x1a, 0xfb, 0x19, 0x80, 0x7b, 0xd1, 0x0, 0xfa,
    0x70, 0x5c, 0x1c, 0xfd, 0x20, 0x0, 0x0,

    /* U+00B1 "±" */
    0x0, 0x0, 0xdb, 0x0, 0x0, 0x0, 0x0, 0xdb,
    0x0, 0x0, 0x0, 0x0, 0xdb, 0x0, 0x0, 0x28,
    0x88, 0xed, 0x88, 0x81, 0x5f, 0xff, 0xff, 0xff,
    0xf3, 0x0, 0x0, 0xdb, 0x0, 0x0, 0x0, 0x0,
    0xdb, 0x0, 0x0, 0x0, 0x0, 0xdb, 0x0, 0x0,
    0x0, 0x0, 0xba, 0x0, 0x0, 0x28, 0x88, 0x88,
    0x88, 0x81, 0x5f, 0xff, 0xff, 0xff, 0xf3,

    /* U+00B2 "²" */
    0xa, 0xef, 0xc2, 0x5d, 0x32, 0xe9, 0x0, 0x2,
    0xe5, 0x0, 0x6e, 0x50, 0xa, 0xc3, 0x11, 0x9f,
    0xff, 0xfb,

    /* U+00B3 "³" */
    0x1b, 0xff, 0xb1, 0x37, 0x14, 0xf4, 0x0, 0x7f,
    0xb0, 0x0, 0x1, 0xd8, 0x7c, 0x33, 0xe8, 0x1a,
    0xfe, 0xa0,

    /* U+00B4 "´" */
    0x0, 0x88, 0x0, 0x5f, 0x60, 0xd, 0xa0, 0x0,

    /* U+00B5 "µ" */
    0x9f, 0x0, 0x0, 0x9f, 0x9f, 0x0, 0x0, 0x9f,
    0x9f, 0x0, 0x0, 0x9f, 0x9f, 0x0, 0x0, 0x9f,
    0x9f, 0x0, 0x0, 0x9f, 0x9f, 0x0, 0x0, 0xaf,
    0x9f, 0x0, 0x0, 0xbf, 0x9f, 0x50, 0x0, 0xef,
    0x9f, 0xe6, 0x5c, 0xff, 0x9f, 0x7d, 0xfb, 0x8f,
    0x9f, 0x0, 0x0, 0x0, 0x9f, 0x0, 0x0, 0x0,
    0x9f, 0x0, 0x0, 0x0, 0x9f, 0x0, 0x0, 0x0,

    /* U+00B6 "¶" */
    0x3, 0xbf, 0xff, 0xff, 0xfb, 0x3f, 0xff, 0xf9,
    0x9f, 0xc6, 0xbf, 0xff, 0xf0, 0xf, 0x70, 0xff,
    0xff, 0xf0, 0xf, 0x70, 0xef, 0xff, 0xf0, 0xf,
    0x70, 0xbf, 0xff, 0xf0, 0xf, 0x70, 0x3f, 0xff,
    0xf0, 0xf, 0x70, 0x3, 0xbe, 0xf0, 0xf, 0x70,
    0x0, 0x7, 0xf0, 0xf, 0x70, 0x0, 0x7, 0xf0,
    0xf, 0x70, 0x0, 0x7, 0xf0, 0xf, 0x70, 0x0,
    0x7, 0xf0, 0xf, 0x70, 0x0, 0x7, 0xf0, 0xf,
    0x70, 0x0, 0x7, 0xf0, 0xf, 0x70, 0x0, 0x7,
    0xf0, 0xf, 0x70, 0x0, 0x7, 0xf0, 0xf, 0x70,
    0x0, 0x7, 0xf0, 0xf, 0x70, 0x0, 0x7, 0xf0,
    0xf, 0x70,

    /* U+00B7 "·" */
    0xcc, 0xee,

    /* U+00B8 "¸" */
    0x0, 0xc6, 0x0, 0xb, 0xe5, 0x0, 0x1d, 0xb0,
    0xff, 0xe3, 0x1, 0x20, 0x0,

    /* U+00B9 "¹" */
    0x0, 0x5f, 0x30, 0xcd, 0xf3, 0x4, 0x1f, 0x30,
    0x1, 0xf3, 0x0, 0x1f, 0x30, 0x1, 0xf3,

    /* U+00BA "º" */
    0x6, 0xdf, 0xb1, 0x3, 0xf6, 0x4c, 0xc0, 0x8c,
    0x0, 0x3f, 0x18, 0xc0, 0x3, 0xf1, 0x3f, 0x74,
    0xbc, 0x0, 0x6d, 0xfb, 0x10,

    /* U+00BB "»" */
    0x44, 0x1, 0x60, 0x0, 0x4f, 0x20, 0xd8, 0x0,
    0xb, 0xc0, 0x4f, 0x30, 0x2, 0xf7, 0xc, 0xd0,
    0x0, 0xaf, 0x13, 0xf8, 0x0, 0xdd, 0x6, 0xf4,
    0x6, 0xf3, 0xe, 0x90, 0xe, 0x80, 0x8e, 0x10,
    0x7d, 0x1, 0xf4, 0x0,

    /* U+00BC "¼" */
    0x0, 0x4f, 0x30, 0x0, 0x0, 0x7, 0xd0, 0x0,
    0x8f, 0xf3, 0x0, 0x0, 0x2, 0xf3, 0x0, 0xa,
    0x3f, 0x30, 0x0, 0x0, 0xc8, 0x0, 0x0, 0x1,
    0xf3, 0x0, 0x0, 0x8d, 0x0, 0x0, 0x0, 0x1f,
    0x30, 0x0, 0x3f, 0x20, 0x0, 0x0, 0x1, 0xf3,
    0x0, 0xd, 0x70, 0x0, 0x0, 0x0, 0x1d, 0x20,
    0x9, 0xc0, 0x0, 0x2, 0x0, 0x0, 0x0, 0x4,
    0xf2, 0x0, 0xc, 0xd0, 0x0, 0x0, 0x1, 0xe6,
    0x0, 0xa, 0xfd, 0x0, 0x0, 0x0, 0xab, 0x0,
    0x9, 0xd8, 0xd0, 0x0, 0x0, 0x5e, 0x10, 0x7,
    0xe1, 0x7d, 0x0, 0x0, 0x1e, 0x50, 0x0, 0xcf,
    0xff, 0xfc, 0x0, 0xb, 0xa0, 0x0, 0x0, 0x0,
    0x7d, 0x0, 0x6, 0xe0, 0x0, 0x0, 0x0, 0x7,
    0xd0,

    /* U+00BD "½" */
    0x0, 0x3f, 0x30, 0x0, 0x0, 0xa, 0xb0, 0x0,
    0x7f, 0xf3, 0x0, 0x0, 0x5, 0xe1, 0x0, 0xb,
    0x4f, 0x30, 0x0, 0x1, 0xe5, 0x0, 0x0, 0x1,
    0xf3, 0x0, 0x0, 0xbb, 0x0, 0x0, 0x0, 0x1f,
    0x30, 0x0, 0x5e, 0x10, 0x0, 0x0, 0x1, 0xf3,
    0x0, 0x1f, 0x50, 0x0, 0x0, 0x0, 0x1f, 0x20,
    0xb, 0xa0, 0x0, 0x0, 0x0, 0x0, 0x0, 0x6,
    0xe1, 0x8, 0xee, 0xa1, 0x0, 0x0, 0x2, 0xf4,
    0x6, 0xf4, 0x3e, 0x80, 0x0, 0x0, 0xc9, 0x0,
    0x1, 0x0, 0xd8, 0x0, 0x0, 0x7e, 0x0, 0x0,
    0x0, 0x8e, 0x10, 0x0, 0x2f, 0x40, 0x0, 0x0,
    0xbd, 0x20, 0x0, 0xc, 0x90, 0x0, 0x0, 0xcc,
    0x21, 0x10, 0x7, 0xd0, 0x0, 0x0, 0x8f, 0xff,
    0xfb, 0x0, 0x32, 0x0, 0x0, 0x3, 0x44, 0x44,
    0x20,

    /* U+00BE "¾" */
    0x9, 0xee, 0x90, 0x0, 0x0, 0x6, 0xd0, 0x5,
    0xf4, 0x5f, 0x40, 0x0, 0x2, 0xf4, 0x0, 0x0,
    0x4, 0xf3, 0x0, 0x0, 0xc9, 0x0, 0x0, 0x7,
    0xfa, 0x0, 0x0, 0x8d, 0x0, 0x0, 0x0, 0x1,
    0xd8, 0x0, 0x3f, 0x30, 0x0, 0x7, 0xb0, 0x1e,
    0x90, 0xd, 0x70, 0x0, 0x0, 0x1c, 0xff, 0xc1,
    0x9, 0xc0, 0x0, 0x2, 0x0, 0x1, 0x0, 0x4,
    0xf2, 0x0, 0xc, 0xd0, 0x0, 0x0, 0x1, 0xe6,
    0x0, 0xb, 0xfd, 0x0, 0x0, 0x0, 0xab, 0x0,
    0x9, 0xd8, 0xd0, 0x0, 0x0, 0x5e, 0x10, 0x7,
    0xe2, 0x7d, 0x0, 0x0, 0x1e, 0x50, 0x0, 0xcf,
    0xff, 0xfc, 0x0, 0xb, 0xa0, 0x0, 0x0, 0x0,
    0x7d, 0x0, 0x6, 0xe0, 0x0, 0x0, 0x0, 0x7,
    0xd0,

    /* U+00BF "¿" */
    0x0, 0x5, 0xf7, 0x0, 0x0, 0x0, 0x5e, 0x60,
    0x0, 0x0, 0x0, 0x0, 0x0, 0x0, 0x0, 0x2a,
    0x30, 0x0, 0x0, 0x4, 0xf4, 0x0, 0x0, 0x0,
    0x9f, 0x10, 0x0, 0x0, 0x7f, 0x80, 0x0, 0x0,
    0x6f, 0xa0, 0x0, 0x0, 0x2f, 0xb0, 0x0, 0x0,
    0x8, 0xf2, 0x0, 0x0, 0x10, 0x9f, 0x10, 0x0,
    0x1f, 0x86, 0xf7, 0x0, 0x8, 0xf4, 0xc, 0xf9,
    0x69, 0xfb, 0x0, 0x9, 0xef, 0xe8, 0x0,

    /* U+00C0 "À" */
    0x0, 0x0, 0xa, 0xf4, 0x0, 0x0, 0x0, 0x0,
    0x0, 0x0, 0xdc, 0x0, 0x0, 0x0, 0x0, 0x0,
    0x0, 0x29, 0x10, 0x0, 0x0, 0x0, 0x0, 0x4,
    0xfe, 0x0, 0x0, 0x0, 0x0, 0x0, 0x9, 0xff,
    0x50, 0x0, 0x0, 0x0, 0x0, 0xe, 0x9f, 0xb0,
    0x0, 0x0, 0x0, 0x0, 0x5f, 0x5a, 0xf1, 0x0,
    0x0, 0x0, 0x0, 0xaf, 0x15, 0xf7, 0x0, 0x0,
    0x0, 0x0, 0xfc, 0x0, 0xfd, 0x0, 0x0, 0x0,
    0x6, 0xf7, 0x0, 0xbf, 0x30, 0x0, 0x0, 0xb,
    0xf2, 0x0, 0x6f, 0x90, 0x0, 0x0, 0x1f, 0xd2,
    0x22, 0x3f, 0xe0, 0x0, 0x0, 0x7f, 0xff, 0xff,
    0xff, 0xf5, 0x0, 0x0, 0xcf, 0x55, 0x55, 0x57,
    0xfb, 0x0, 0x2, 0xfb, 0x0, 0x0, 0x0, 0xef,
    0x10, 0x8, 0xf5, 0x0, 0x0, 0x0, 0x8f, 0x70,
    0xd, 0xf0, 0x0, 0x0, 0x0, 0x1f, 0xd0,

    /* U+00C1 "Á" */
    0x0, 0x0, 0x0, 0x4f, 0x90, 0x0, 0x0, 0x0,
    0x0, 0x0, 0xcd, 0x0, 0x0, 0x0, 0x0, 0x0,
    0x1, 0x92, 0x0, 0x0, 0x0, 0x0, 0x0, 0x4,
    0xfe, 0x0, 0x0, 0x0, 0x0, 0x0, 0x9, 0xff,
    0x50, 0x0, 0x0, 0x0, 0x0, 0xe, 0x9f, 0xb0,
    0x0, 0x0, 0x0, 0x0, 0x5f, 0x5a, 0xf1, 0x0,
    0x0, 0x0, 0x0, 0xaf, 0x15, 0xf7, 0x0, 0x0,
    0x0, 0x0, 0xfc, 0x0, 0xfd, 0x0, 0x0, 0x0,
    0x6, 0xf7, 0x0, 0xbf, 0x30, 0x0, 0x0, 0xb,
    0xf2, 0x0, 0x6f, 0x90, 0x0, 0x0, 0x1f, 0xd2,
    0x22, 0x3f, 0xe0, 0x0, 0x0, 0x7f, 0xff, 0xff,
    0xff, 0xf5, 0x0, 0x0, 0xcf, 0x55, 0x55, 0x57,
    0xfb, 0x0, 0x2, 0xfb, 0x0, 0x0, 0x0, 0xef,
    0x10, 0x8, 0xf5, 0x0, 0x0, 0x0, 0x8f, 0x70,
    0xd, 0xf0, 0x0, 0x0, 0x0, 0x1f, 0xd0,

    /* U+00C2 "Â" */
    0x0, 0x0, 0x7, 0xfe, 0x10, 0x0, 0x0, 0x0,
    0x0, 0x3f, 0x7c, 0xc0, 0x0, 0x0, 0x0, 0x0,
    0x67, 0x2, 0x83, 0x0, 0x0, 0x0, 0x0, 0x4,
    0xfe, 0x0, 0x0, 0x0, 0x0, 0x0, 0x9, 0xff,
    0x50, 0x0, 0x0, 0x0, 0x0, 0xe, 0x9f, 0xb0,
    0x0, 0x0, 0x0, 0x0, 0x5f, 0x5a, 0xf1, 0x0,
    0x0, 0x0, 0x0, 0xaf, 0x15, 0xf7, 0x0, 0x0,
    0x0, 0x0, 0xfc, 0x0, 0xfd, 0x0, 0x0, 0x0,
    0x6, 0xf7, 0x0, 0xbf, 0x30, 0x0, 0x0, 0xb,
    0xf2, 0x0, 0x6f, 0x90, 0x0, 0x0, 0x1f, 0xd2,
    0x22, 0x3f, 0xe0, 0x0, 0x0, 0x7f, 0xff, 0xff,
    0xff, 0xf5, 0x0, 0x0, 0xcf, 0x55, 0x55, 0x57,
    0xfb, 0x0, 0x2, 0xfb, 0x0, 0x0, 0x0, 0xef,
    0x10, 0x8, 0xf5, 0x0, 0x0, 0x0, 0x8f, 0x70,
    0xd, 0xf0, 0x0, 0x0, 0x0, 0x1f, 0xd0,

    /* U+00C3 "Ã" */
    0x0, 0x0, 0x0, 0x0, 0x0, 0x0, 0x0, 0x0,
    0x0, 0x8f, 0xff, 0xfb, 0x0, 0x0, 0x0, 0x0,
    0x33, 0x33, 0x30, 0x0, 0x0, 0x0, 0x0, 0x4,
    0xfe, 0x0, 0x0, 0x0, 0x0, 0x0, 0x9, 0xff,
    0x50, 0x0, 0x0, 0x0, 0x0, 0xe, 0x9f, 0xb0,
    0x0, 0x0, 0x0, 0x0, 0x5f, 0x5a, 0xf1, 0x0,
    0x0, 0x0, 0x0, 0xaf, 0x15, 0xf7, 0x0, 0x0,
    0x0, 0x0, 0xfc, 0x0, 0xfd, 0x0, 0x0, 0x0,
    0x6, 0xf7, 0x0, 0xbf, 0x30, 0x0, 0x0, 0xb,
    0xf2, 0x0, 0x6f, 0x90, 0x0, 0x0, 0x1f, 0xd2,
    0x22, 0x3f, 0xe0, 0x0, 0x0, 0x7f, 0xff, 0xff,
    0xff, 0xf5, 0x0, 0x0, 0xcf, 0x55, 0x55, 0x57,
    0xfb, 0x0, 0x2, 0xfb, 0x0, 0x0, 0x0, 0xef,
    0x10, 0x8, 0xf5, 0x0, 0x0, 0x0, 0x8f, 0x70,
    0xd, 0xf0, 0x0, 0x0, 0x0, 0x1f, 0xd0,

    /* U+00C4 "Ä" */
    0x0, 0x0, 0xaf, 0x6, 0xf4, 0x0, 0x0, 0x0,
    0x0, 0x9e, 0x5, 0xe3, 0x0, 0x0, 0x0, 0x0,
    0x4, 0xfe, 0x0, 0x0, 0x0, 0x0, 0x0, 0x9,
    0xff, 0x50, 0x0, 0x0, 0x0, 0x0, 0xe, 0x9f,
    0xb0, 0x0, 0x0, 0x0, 0x0, 0x5f, 0x5a, 0xf1,
    0x0, 0x0, 0x0, 0x0, 0xaf, 0x15, 0xf7, 0x0,
    0x0, 0x0, 0x0, 0xfc, 0x0, 0xfd, 0x0, 0x0,
    0x0, 0x6, 0xf7, 0x0, 0xbf, 0x30, 0x0, 0x0,
    0xb, 0xf2, 0x0, 0x6f, 0x90, 0x0, 0x0, 0x1f,
    0xd2, 0x22, 0x3f, 0xe0, 0x0, 0x0, 0x7f, 0xff,
    0xff, 0xff, 0xf5, 0x0, 0x0, 0xcf, 0x55, 0x55,
    0x57, 0xfb, 0x0, 0x2, 0xfb, 0x0, 0x0, 0x0,
    0xef, 0x10, 0x8, 0xf5, 0x0, 0x0, 0x0, 0x8f,
    0x70, 0xd, 0xf0, 0x0, 0x0, 0x0, 0x1f, 0xd0,

    /* U+00C5 "Å" */
    0x0, 0x0, 0x2, 0xa9, 0x0, 0x0, 0x0, 0x0,
    0x0, 0xa, 0x5, 0x50, 0x0, 0x0, 0x0, 0x0,
    0x8, 0x27, 0x30, 0x0, 0x0, 0x0, 0x0, 0x4,
    0xff, 0x0, 0x0, 0x0, 0x0, 0x0, 0x9, 0xff,
    0x50, 0x0, 0x0, 0x0, 0x0, 0xe, 0x9e, 0xb0,
    0x0, 0x0, 0x0, 0x0, 0x5f, 0x5a, 0xf1, 0x0,
    0x0, 0x0, 0x0, 0xaf, 0x15, 0xf7, 0x0, 0x0,
    0x0, 0x0, 0xfc, 0x0, 0xfd, 0x0, 0x0, 0x0,
    0x6, 0xf7, 0x0, 0xbf, 0x30, 0x0, 0x0, 0xb,
    0xf2, 0x0, 0x6f, 0x90, 0x0, 0x0, 0x1f, 0xd2,
    0x22, 0x3f, 0xe0, 0x0, 0x0, 0x7f, 0xff, 0xff,
    0xff, 0xf5, 0x0, 0x0, 0xcf, 0x55, 0x55, 0x57,
    0xfb, 0x0, 0x2, 0xfb, 0x0, 0x0, 0x0, 0xef,
    0x10, 0x8, 0xf5, 0x0, 0x0, 0x0, 0x8f, 0x70,
    0xd, 0xf0, 0x0, 0x0, 0x0, 0x1f, 0xd0,

    /* U+00C6 "Æ" */
    0x0, 0x0, 0x1, 0xff, 0xff, 0xff, 0xff, 0xff,
    0xc0, 0x0, 0x0, 0x7, 0xfa, 0xcf, 0xb9, 0x99,
    0x99, 0x70, 0x0, 0x0, 0xe, 0xe0, 0x6f, 0x40,
    0x0, 0x0, 0x0, 0x0, 0x0, 0x5f, 0x70, 0x6f,
    0x40, 0x0, 0x0, 0x0, 0x0, 0x0, 0xcf, 0x10,
    0x6f, 0x40, 0x0, 0x0, 0x0, 0x0, 0x3, 0xf9,
    0x0, 0x6f, 0x40, 0x0, 0x0, 0x0, 0x0, 0xa,
    0xf2, 0x0, 0x6f, 0xb9, 0x99, 0x99, 0x30, 0x0,
    0x2f, 0xb0, 0x0, 0x6f, 0xff, 0xff, 0xff, 0x50,
    0x0, 0x8f, 0xc9, 0x99, 0xcf, 0x40, 0x0, 0x0,
    0x0, 0x0, 0xff, 0xff, 0xff, 0xff, 0x40, 0x0,
    0x0, 0x0, 0x7, 0xf6, 0x0, 0x0, 0x6f, 0x40,
    0x0, 0x0, 0x0, 0xd, 0xe0, 0x0, 0x0, 0x6f,
    0x40, 0x0, 0x0, 0x0, 0x5f, 0x80, 0x0, 0x0,
    0x6f, 0xb9, 0x99, 0x99, 0x90, 0xcf, 0x10, 0x0,
    0x0, 0x6f, 0xff, 0xff, 0xff, 0xf0,

    /* U+00C7 "Ç" */
    0x0, 0x0, 0x6c, 0xff, 0xc6, 0x0, 0x0, 0x2,
    0xdf, 0xc9, 0x9e, 0xfa, 0x0, 0x0, 0xdf, 0x50,
    0x0, 0xa, 0xf6, 0x0, 0x6f, 0x70, 0x0, 0x0,
    0xe, 0xd0, 0xc, 0xf0, 0x0, 0x0, 0x0, 0x31,
    0x0, 0xfc, 0x0, 0x0, 0x0, 0x0, 0x0, 0x1f,
    0xa0, 0x0, 0x0, 0x0, 0x0, 0x0, 0xfb, 0x0,
    0x0, 0x0, 0x0, 0x0, 0xf, 0xc0, 0x0, 0x0,
    0x0, 0x0, 0x0, 0xbf, 0x0, 0x0, 0x0, 0x8,
    0xb1, 0x6, 0xf7, 0x0, 0x0, 0x0, 0xee, 0x0,
    0xd, 0xf4, 0x0, 0x0, 0xbf, 0x70, 0x0, 0x2e,
    0xfc, 0x9a, 0xef, 0xa0, 0x0, 0x0, 0x18, 0xef,
    0xfc, 0x60, 0x0, 0x0, 0x0, 0x5, 0xe2, 0x0,
    0x0, 0x0, 0x0, 0x0, 0x3a, 0xf2, 0x0, 0x0,
    0x0, 0x0, 0x13, 0x8f, 0x30, 0x0, 0x0, 0x0,
    0x6, 0xfe, 0x70, 0x0, 0x0,

    /* U+00C8 "È" */
    0x0, 0x6, 0xf8, 0x0, 0x0, 0x0, 0x0, 0xa,
    0xe0, 0x0, 0x0, 0x0, 0x0, 0x8, 0x30, 0x0,
    0x9, 0xff, 0xff, 0xff, 0xff, 0xb0, 0x9f, 0xa9,
    0x99, 0x99, 0x96, 0x9, 0xf2, 0x0, 0x0, 0x0,
    0x0, 0x9f, 0x20, 0x0, 0x0, 0x0, 0x9, 0xf2,
    0x0, 0x0, 0x0, 0x0, 0x9f, 0x20, 0x0, 0x0,
    0x0, 0x9, 0xfa, 0x99, 0x99, 0x99, 0x20, 0x9f,
    0xff, 0xff, 0xff, 0xf4, 0x9, 0xf2, 0x0, 0x0,
    0x0, 0x0, 0x9f, 0x20, 0x0, 0x0, 0x0, 0x9,
    0xf2, 0x0, 0x0, 0x0, 0x0, 0x9f, 0x20, 0x0,
    0x0, 0x0, 0x9, 0xfa, 0x99, 0x99, 0x99, 0x90,
    0x9f, 0xff, 0xff, 0xff, 0xff, 0x0,

    /* U+00C9 "É" */
    0x0, 0x0, 0x2f, 0xc0, 0x0, 0x0, 0x0, 0x9,
    0xe2, 0x0, 0x0, 0x0, 0x0, 0x84, 0x0, 0x0,
    0x9, 0xff, 0xff, 0xff, 0xff, 0xb0, 0x9f, 0xa9,
    0x99, 0x99, 0x96, 0x9, 0xf2, 0x0, 0x0, 0x0,
    0x0, 0x9f, 0x20, 0x0, 0x0, 0x0, 0x9, 0xf2,
    0x0, 0x0, 0x0, 0x0, 0x9f, 0x20, 0x0, 0x0,
    0x0, 0x9, 0xfa, 0x99, 0x99, 0x99, 0x20, 0x9f,
    0xff, 0xff, 0xff, 0xf4, 0x9, 0xf2, 0x0, 0x0,
    0x0, 0x0, 0x9f, 0x20, 0x0, 0x0, 0x0, 0x9,
    0xf2, 0x0, 0x0, 0x0, 0x0, 0x9f, 0x20, 0x0,
    0x0, 0x0, 0x9, 0xfa, 0x99, 0x99, 0x99, 0x90,
    0x9f, 0xff, 0xff, 0xff, 0xff, 0x0,

    /* U+00CA "Ê" */
    0x0, 0x2, 0xef, 0x60, 0x0, 0x0, 0x0, 0xcd,
    0x7f, 0x30, 0x0, 0x0, 0x38, 0x30, 0x76, 0x0,
    0x9, 0xff, 0xff, 0xff, 0xff, 0xb0, 0x9f, 0xa9,
    0x99, 0x99, 0x96, 0x9, 0xf2, 0x0, 0x0, 0x0,
    0x0, 0x9f, 0x20, 0x0, 0x0, 0x0, 0x9, 0xf2,
    0x0, 0x0, 0x0, 0x0, 0x9f, 0x20, 0x0, 0x0,
    0x0, 0x9, 0xfa, 0x99, 0x99, 0x99, 0x20, 0x9f,
    0xff, 0xff, 0xff, 0xf4, 0x9, 0xf2, 0x0, 0x0,
    0x0, 0x0, 0x9f, 0x20, 0x0, 0x0, 0x0, 0x9,
    0xf2, 0x0, 0x0, 0x0, 0x0, 0x9f, 0x20, 0x0,
    0x0, 0x0, 0x9, 0xfa, 0x99, 0x99, 0x99, 0x90,
    0x9f, 0xff, 0xff, 0xff, 0xff, 0x0,

    /* U+00CB "Ë" */
    0x0, 0x4f, 0x60, 0xfa, 0x0, 0x0, 0x3, 0xe5,
    0xe, 0x90, 0x0, 0x9f, 0xff, 0xff, 0xff, 0xfb,
    0x9, 0xfa, 0x99, 0x99, 0x99, 0x60, 0x9f, 0x20,
    0x0, 0x0, 0x0, 0x9, 0xf2, 0x0, 0x0, 0x0,
    0x0, 0x9f, 0x20, 0x0, 0x0, 0x0, 0x9, 0xf2,
    0x0, 0x0, 0x0, 0x0, 0x9f, 0xa9, 0x99, 0x99,
    0x92, 0x9, 0xff, 0xff, 0xff, 0xff, 0x40, 0x9f,
    0x20, 0x0, 0x0, 0x0, 0x9, 0xf2, 0x0, 0x0,
    0x0, 0x0, 0x9f, 0x20, 0x0, 0x0, 0x0, 0x9,
    0xf2, 0x0, 0x0, 0x0, 0x0, 0x9f, 0xa9, 0x99,
    0x99, 0x99, 0x9, 0xff, 0xff, 0xff, 0xff, 0xf0,

    /* U+00CC "Ì" */
    0x2f, 0xd0, 0x5, 0xf4, 0x0, 0x65, 0x5, 0xf6,
    0x5, 0xf6, 0x5, 0xf6, 0x5, 0xf6, 0x5, 0xf6,
    0x5, 0xf6, 0x5, 0xf6, 0x5, 0xf6, 0x5, 0xf6,
    0x5, 0xf6, 0x5, 0xf6, 0x5, 0xf6, 0x5, 0xf6,
    0x5, 0xf6,

    /* U+00CD "Í" */
    0xd, 0xf2, 0x4f, 0x50, 0x57, 0x0, 0x5f, 0x60,
    0x5f, 0x60, 0x5f, 0x60, 0x5f, 0x60, 0x5f, 0x60,
    0x5f, 0x60, 0x5f, 0x60, 0x5f, 0x60, 0x5f, 0x60,
    0x5f, 0x60, 0x5f, 0x60, 0x5f, 0x60, 0x5f, 0x60,
    0x5f, 0x60,

    /* U+00CE "Î" */
    0x0, 0xbf, 0xb0, 0x0, 0x8f, 0x5f, 0x70, 0x7,
    0x50, 0x57, 0x0, 0x5, 0xf6, 0x0, 0x0, 0x5f,
    0x60, 0x0, 0x5, 0xf6, 0x0, 0x0, 0x5f, 0x60,
    0x0, 0x5, 0xf6, 0x0, 0x0, 0x5f, 0x60, 0x0,
    0x5, 0xf6, 0x0, 0x0, 0x5f, 0x60, 0x0, 0x5,
    0xf6, 0x0, 0x0, 0x5f, 0x60, 0x0, 0x5, 0xf6,
    0x0, 0x0, 0x5f, 0x60, 0x0, 0x5, 0xf6, 0x0,
    0x0, 0x5f, 0x60, 0x0,

    /* U+00CF "Ï" */
    0xfb, 0xb, 0xfd, 0x90, 0x9d, 0x5, 0xf6, 0x0,
    0x5f, 0x60, 0x5, 0xf6, 0x0, 0x5f, 0x60, 0x5,
    0xf6, 0x0, 0x5f, 0x60, 0x5, 0xf6, 0x0, 0x5f,
    0x60, 0x5, 0xf6, 0x0, 0x5f, 0x60, 0x5, 0xf6,
    0x0, 0x5f, 0x60, 0x5, 0xf6, 0x0, 0x5f, 0x60,

    /* U+00D0 "Ð" */
    0x0, 0x9f, 0xff, 0xff, 0xea, 0x20, 0x0, 0x0,
    0x9f, 0xa9, 0x9a, 0xcf, 0xf4, 0x0, 0x0, 0x9f,
    0x10, 0x0, 0x3, 0xee, 0x0, 0x0, 0x9f, 0x10,
    0x0, 0x0, 0x6f, 0x70, 0x0, 0x9f, 0x10, 0x0,
    0x0, 0xf, 0xc0, 0x0, 0x9f, 0x10, 0x0, 0x0,
    0xd, 0xf0, 0x0, 0x9f, 0x10, 0x0, 0x0, 0xb,
    0xf0, 0xf, 0xff, 0xff, 0xfa, 0x0, 0xc, 0xf0,
    0x3, 0xbf, 0x43, 0x32, 0x0, 0xd, 0xe0, 0x0,
    0x9f, 0x10, 0x0, 0x0, 0xf, 0xb0, 0x0, 0x9f,
    0x10, 0x0, 0x0, 0x6f, 0x60, 0x0, 0x9f, 0x10,
    0x0, 0x3, 0xfe, 0x0, 0x0, 0x9f, 0xa9, 0x9a,
    0xcf, 0xf4, 0x0, 0x0, 0x9f, 0xff, 0xff, 0xea,
    0x20, 0x0,

    /* U+00D1 "Ñ" */
    0x0, 0x0, 0x0, 0x0, 0x0, 0x0, 0x0, 0xcf,
    0xff, 0xf7, 0x0, 0x0, 0x3, 0x33, 0x32, 0x0,
    0xa, 0xf6, 0x0, 0x0, 0x1, 0xf8, 0xaf, 0xf1,
    0x0, 0x0, 0x1f, 0x8a, 0xff, 0xa0, 0x0, 0x1,
    0xf8, 0xaf, 0xbf, 0x40, 0x0, 0x1f, 0x8a, 0xf1,
    0xfd, 0x0, 0x1, 0xf8, 0xaf, 0x7, 0xf8, 0x0,
    0x1f, 0x8a, 0xf0, 0xd, 0xf2, 0x1, 0xf8, 0xaf,
    0x0, 0x3f, 0xb0, 0x1f, 0x8a, 0xf0, 0x0, 0x9f,
    0x51, 0xf8, 0xaf, 0x0, 0x1, 0xee, 0x2f, 0x8a,
    0xf0, 0x0, 0x6, 0xfb, 0xf8, 0xaf, 0x0, 0x0,
    0xc, 0xff, 0x8a, 0xf0, 0x0, 0x0, 0x2f, 0xf8,
    0xaf, 0x0, 0x0, 0x0, 0x8f, 0x80,

    /* U+00D2 "Ò" */
    0x0, 0x0, 0xd, 0xf1, 0x0, 0x0, 0x0, 0x0,
    0x0, 0x2, 0xe8, 0x0, 0x0, 0x0, 0x0, 0x0,
    0x0, 0x48, 0x0, 0x0, 0x0, 0x0, 0x0, 0x7c,
    0xff, 0xc7, 0x0, 0x0, 0x0, 0x1d, 0xfd, 0x99,
    0xdf, 0xd2, 0x0, 0x0, 0xcf, 0x60, 0x0, 0x6,
    0xfd, 0x0, 0x6, 0xf7, 0x0, 0x0, 0x0, 0x7f,
    0x70, 0xc, 0xf0, 0x0, 0x0, 0x0, 0xf, 0xc0,
    0xf, 0xc0, 0x0, 0x0, 0x0, 0xb, 0xf0, 0x1f,
    0xa0, 0x0, 0x0, 0x0, 0x9, 0xf2, 0x1f, 0xa0,
    0x0, 0x0, 0x0, 0x9, 0xf2, 0xf, 0xb0, 0x0,
    0x0, 0x0, 0xb, 0xf0, 0xb, 0xf0, 0x0, 0x0,
    0x0, 0xe, 0xc0, 0x6, 0xf7, 0x0, 0x0, 0x0,
    0x7f, 0x70, 0x0, 0xcf, 0x60, 0x0, 0x5, 0xfd,
    0x0, 0x0, 0x1c, 0xfd, 0x99, 0xcf, 0xd2, 0x0,
    0x0, 0x0, 0x6c, 0xef, 0xc7, 0x0, 0x0,

    /* U+00D3 "Ó" */
    0x0, 0x0, 0x0, 0x1f, 0xc0, 0x0, 0x0, 0x0,
    0x0, 0x0, 0x8f, 0x20, 0x0, 0x0, 0x0, 0x0,
    0x0, 0x84, 0x0, 0x0, 0x0, 0x0, 0x0, 0x7c,
    0xff, 0xc7, 0x0, 0x0, 0x0, 0x1d, 0xfd, 0x99,
    0xdf, 0xd2, 0x0, 0x0, 0xcf, 0x60, 0x0, 0x6,
    0xfd, 0x0, 0x6, 0xf7, 0x0, 0x0, 0x0, 0x7f,
    0x70, 0xc, 0xf0, 0x0, 0x0, 0x0, 0xf, 0xc0,
    0xf, 0xc0, 0x0, 0x0, 0x0, 0xb, 0xf0, 0x1f,
    0xa0, 0x0, 0x0, 0x0, 0x9, 0xf2, 0x1f, 0xa0,
    0x0, 0x0, 0x0, 0x9, 0xf2, 0xf, 0xb0, 0x0,
    0x0, 0x0, 0xb, 0xf0, 0xb, 0xf0, 0x0, 0x0,
    0x0, 0xe, 0xc0, 0x6, 0xf7, 0x0, 0x0, 0x0,
    0x7f, 0x70, 0x0, 0xcf, 0x60, 0x0, 0x5, 0xfd,
    0x0, 0x0, 0x1c, 0xfd, 0x99, 0xcf, 0xd2, 0x0,
    0x0, 0x0, 0x6c, 0xef, 0xc7, 0x0, 0x0,

    /* U+00D4 "Ô" */
    0x0, 0x0, 0x4, 0xff, 0x30, 0x0, 0x0, 0x0,
    0x0, 0x1e, 0xaa, 0xe1, 0x0, 0x0, 0x0, 0x0,
    0x48, 0x11, 0x84, 0x0, 0x0, 0x0, 0x0, 0x7c,
    0xff, 0xc7, 0x0, 0x0, 0x0, 0x1d, 0xfd, 0x99,
    0xdf, 0xd2, 0x0, 0x0, 0xcf, 0x60, 0x0, 0x6,
    0xfd, 0x0, 0x6, 0xf7, 0x0, 0x0, 0x0, 0x7f,
    0x70, 0xc, 0xf0, 0x0, 0x0, 0x0, 0xf, 0xc0,
    0xf, 0xc0, 0x0, 0x0, 0x0, 0xb, 0xf0, 0x1f,
    0xa0, 0x0, 0x0, 0x0, 0x9, 0xf2, 0x1f, 0xa0,
    0x0, 0x0, 0x0, 0x9, 0xf2, 0xf, 0xb0, 0x0,
    0x0, 0x0, 0xb, 0xf0, 0xb, 0xf0, 0x0, 0x0,
    0x0, 0xe, 0xc0, 0x6, 0xf7, 0x0, 0x0, 0x0,
    0x7f, 0x70, 0x0, 0xcf, 0x60, 0x0, 0x5, 0xfd,
    0x0, 0x0, 0x1c, 0xfd, 0x99, 0xcf, 0xd2, 0x0,
    0x0, 0x0, 0x6c, 0xef, 0xc7, 0x0, 0x0,

    /* U+00D5 "Õ" */
    0x0, 0x0, 0x0, 0x0, 0x0, 0x0, 0x0, 0x0,
    0x0, 0x4e, 0xd5, 0x5e, 0x0, 0x0, 0x0, 0x0,
    0xc9, 0x7e, 0xf8, 0x0, 0x0, 0x0, 0x0, 0x31,
    0x0, 0x20, 0x0, 0x0, 0x0, 0x0, 0x7c, 0xff,
    0xc7, 0x0, 0x0, 0x0, 0x1d, 0xfd, 0x99, 0xdf,
    0xd2, 0x0, 0x0, 0xcf, 0x60, 0x0, 0x6, 0xfd,
    0x0, 0x6, 0xf7, 0x0, 0x0, 0x0, 0x7f, 0x70,
    0xc, 0xf0, 0x0, 0x0, 0x0, 0xf, 0xc0, 0xf,
    0xc0, 0x0, 0x0, 0x0, 0xb, 0xf0, 0x1f, 0xa0,
    0x0, 0x0, 0x0, 0x9, 0xf2, 0x1f, 0xa0, 0x0,
    0x0, 0x0, 0x9, 0xf2, 0xf, 0xb0, 0x0, 0x0,
    0x0, 0xb, 0xf0, 0xb, 0xf0, 0x0, 0x0, 0x0,
    0xe, 0xc0, 0x6, 0xf7, 0x0, 0x0, 0x0, 0x7f,
    0x70, 0x0, 0xcf, 0x60, 0x0, 0x5, 0xfd, 0x0,
    0x0, 0x1c, 0xfd, 0x99, 0xcf, 0xd2, 0x0, 0x0,
    0x0, 0x6c, 0xef, 0xc7, 0x0, 0x0,

    /* U+00D6 "Ö" */
    0x0, 0x0, 0x6e, 0x22, 0xe6, 0x0, 0x0, 0x0,
    0x0, 0x7f, 0x33, 0xf7, 0x0, 0x0, 0x0, 0x0,
    0x0, 0x0, 0x0, 0x0, 0x0, 0x0, 0x0, 0x7c,
    0xff, 0xc7, 0x0, 0x0, 0x0, 0x1d, 0xfd, 0x99,
    0xdf, 0xd2, 0x0, 0x0, 0xcf, 0x60, 0x0, 0x6,
    0xfd, 0x0, 0x6, 0xf7, 0x0, 0x0, 0x0, 0x7f,
    0x70, 0xc, 0xf0, 0x0, 0x0, 0x0, 0xf, 0xc0,
    0xf, 0xc0, 0x0, 0x0, 0x0, 0xb, 0xf0, 0x1f,
    0xa0, 0x0, 0x0, 0x0, 0x9, 0xf2, 0x1f, 0xa0,
    0x0, 0x0, 0x0, 0x9, 0xf2, 0xf, 0xb0, 0x0,
    0x0, 0x0, 0xb, 0xf0, 0xb, 0xf0, 0x0, 0x0,
    0x0, 0xe, 0xc0, 0x6, 0xf7, 0x0, 0x0, 0x0,
    0x7f, 0x70, 0x0, 0xcf, 0x60, 0x0, 0x5, 0xfd,
    0x0, 0x0, 0x1c, 0xfd, 0x99, 0xcf, 0xd2, 0x0,
    0x0, 0x0, 0x6c, 0xef, 0xc7, 0x0, 0x0,

    /* U+00D7 "×" */
    0x6, 0x0, 0x0, 0x33, 0x5, 0xf9, 0x0, 0x2e,
    0xd0, 0x9, 0xf9, 0x2e, 0xe2, 0x0, 0x9, 0xff,
    0xe2, 0x0, 0x0, 0x1f, 0xf9, 0x0, 0x0, 0x1d,
    0xfc, 0xf6, 0x0, 0x1d, 0xf4, 0xb, 0xf6, 0x4,
    0xf4, 0x0, 0xc, 0xc0, 0x1, 0x0, 0x0, 0x0,
    0x0,

    /* U+00D8 "Ø" */
    0x0, 0x0, 0x0, 0x0, 0x0, 0x0, 0x10, 0x0,
    0x0, 0x6c, 0xef, 0xd7, 0x3, 0xe1, 0x0, 0x2d,
    0xfd, 0x99, 0xdf, 0xde, 0x70, 0x0, 0xcf, 0x50,
    0x0, 0x7, 0xfe, 0x0, 0x6, 0xf6, 0x0, 0x0,
    0xb, 0xef, 0x60, 0xc, 0xe0, 0x0, 0x0, 0x9d,
    0x2f, 0xd0, 0xf, 0xb0, 0x0, 0x6, 0xe2, 0xc,
    0xf0, 0x1f, 0x90, 0x0, 0x4f, 0x40, 0xa, 0xf1,
    0x2f, 0xa0, 0x2, 0xf6, 0x0, 0x9, 0xf1, 0xf,
    0xb0, 0x1e, 0x80, 0x0, 0xb, 0xf0, 0xc, 0xf1,
    0xca, 0x0, 0x0, 0xf, 0xc0, 0x6, 0xfe, 0xc0,
    0x0, 0x0, 0x7f, 0x60, 0x0, 0xef, 0x70, 0x0,
    0x6, 0xfc, 0x0, 0x6, 0xfd, 0xfd, 0x99, 0xdf,
    0xd2, 0x0, 0x1f, 0x40, 0x7c, 0xff, 0xc6, 0x0,
    0x0, 0x1, 0x0, 0x0, 0x0, 0x0, 0x0, 0x0,

    /* U+00D9 "Ù" */
    0x0, 0x6, 0xf8, 0x0, 0x0, 0x0, 0x0, 0x9,
    0xf0, 0x0, 0x0, 0x0, 0x0, 0x8, 0x30, 0x0,
    0x9, 0xf2, 0x0, 0x0, 0x2, 0xf8, 0x9f, 0x20,
    0x0, 0x0, 0x2f, 0x89, 0xf2, 0x0, 0x0, 0x2,
    0xf8, 0x9f, 0x20, 0x0, 0x0, 0x2f, 0x89, 0xf2,
    0x0, 0x0, 0x2, 0xf8, 0x9f, 0x20, 0x0, 0x0,
    0x2f, 0x89, 0xf2, 0x0, 0x0, 0x2, 0xf8, 0x9f,
    0x20, 0x0, 0x0, 0x2f, 0x88, 0xf2, 0x0, 0x0,
    0x2, 0xf8, 0x7f, 0x30, 0x0, 0x0, 0x4f, 0x75,
    0xf7, 0x0, 0x0, 0x7, 0xf4, 0x1f, 0xe2, 0x0,
    0x2, 0xee, 0x0, 0x6f, 0xfb, 0xab, 0xff, 0x50,
    0x0, 0x4b, 0xef, 0xea, 0x30, 0x0,

    /* U+00DA "Ú" */
    0x0, 0x0, 0xa, 0xf4, 0x0, 0x0, 0x0, 0x2,
    0xf8, 0x0, 0x0, 0x0, 0x0, 0x48, 0x0, 0x0,
    0x9, 0xf2, 0x0, 0x0, 0x2, 0xf8, 0x9f, 0x20,
    0x0, 0x0, 0x2f, 0x89, 0xf2, 0x0, 0x0, 0x2,
    0xf8, 0x9f, 0x20, 0x0, 0x0, 0x2f, 0x89, 0xf2,
    0x0, 0x0, 0x2, 0xf8, 0x9f, 0x20, 0x0, 0x0,
    0x2f, 0x89, 0xf2, 0x0, 0x0, 0x2, 0xf8, 0x9f,
    0x20, 0x0, 0x0, 0x2f, 0x88, 0xf2, 0x0, 0x0,
    0x2, 0xf8, 0x7f, 0x30, 0x0, 0x0, 0x4f, 0x75,
    0xf7, 0x0, 0x0, 0x7, 0xf4, 0x1f, 0xe2, 0x0,
    0x2, 0xee, 0x0, 0x6f, 0xfb, 0xab, 0xff, 0x50,
    0x0, 0x4b, 0xef, 0xea, 0x30, 0x0,

    /* U+00DB "Û" */
    0x0, 0x0, 0xcf, 0xa0, 0x0, 0x0, 0x0, 0x9f,
    0x5f, 0x70, 0x0, 0x0, 0x17, 0x50, 0x57, 0x0,
    0x9, 0xf2, 0x0, 0x0, 0x2, 0xf8, 0x9f, 0x20,
    0x0, 0x0, 0x2f, 0x89, 0xf2, 0x0, 0x0, 0x2,
    0xf8, 0x9f, 0x20, 0x0, 0x0, 0x2f, 0x89, 0xf2,
    0x0, 0x0, 0x2, 0xf8, 0x9f, 0x20, 0x0, 0x0,
    0x2f, 0x89, 0xf2, 0x0, 0x0, 0x2, 0xf8, 0x9f,
    0x20, 0x0, 0x0, 0x2f, 0x88, 0xf2, 0x0, 0x0,
    0x2, 0xf8, 0x7f, 0x30, 0x0, 0x0, 0x4f, 0x75,
    0xf7, 0x0, 0x0, 0x7, 0xf4, 0x1f, 0xe2, 0x0,
    0x2, 0xee, 0x0, 0x6f, 0xfb, 0xab, 0xff, 0x50,
    0x0, 0x4b, 0xef, 0xea, 0x30, 0x0,

    /* U+00DC "Ü" */
    0x0, 0xe, 0x90, 0xad, 0x0, 0x0, 0x0, 0xfa,
    0xb, 0xe0, 0x0, 0x0, 0x0, 0x0, 0x0, 0x0,
    0x9, 0xf2, 0x0, 0x0, 0x2, 0xf8, 0x9f, 0x20,
    0x0, 0x0, 0x2f, 0x89, 0xf2, 0x0, 0x0, 0x2,
    0xf8, 0x9f, 0x20, 0x0, 0x0, 0x2f, 0x89, 0xf2,
    0x0, 0x0, 0x2, 0xf8, 0x9f, 0x20, 0x0, 0x0,
    0x2f, 0x89, 0xf2, 0x0, 0x0, 0x2, 0xf8, 0x9f,
    0x20, 0x0, 0x0, 0x2f, 0x88, 0xf2, 0x0, 0x0,
    0x2, 0xf8, 0x7f, 0x30, 0x0, 0x0, 0x4f, 0x75,
    0xf7, 0x0, 0x0, 0x7, 0xf4, 0x1f, 0xe2, 0x0,
    0x2, 0xee, 0x0, 0x6f, 0xfb, 0xab, 0xff, 0x50,
    0x0, 0x4b, 0xef, 0xea, 0x30, 0x0,

    /* U+00DD "Ý" */
    0x0, 0x0, 0x2, 0xfb, 0x0, 0x0, 0x0, 0x0,
    0xa, 0xe1, 0x0, 0x0, 0x0, 0x0, 0x8, 0x30,
    0x0, 0x0, 0xaf, 0x60, 0x0, 0x0, 0x6, 0xf8,
    0x1f, 0xe1, 0x0, 0x0, 0x1f, 0xd0, 0x6, 0xfa,
    0x0, 0x0, 0xaf, 0x40, 0x0, 0xcf, 0x30, 0x3,
    0xfa, 0x0, 0x0, 0x3f, 0xc0, 0xd, 0xe1, 0x0,
    0x0, 0x9, 0xf6, 0x6f, 0x50, 0x0, 0x0, 0x0,
    0xee, 0xeb, 0x0, 0x0, 0x0, 0x0, 0x5f, 0xf1,
    0x0, 0x0, 0x0, 0x0, 0xf, 0xb0, 0x0, 0x0,
    0x0, 0x0, 0xf, 0xb0, 0x0, 0x0, 0x0, 0x0,
    0xf, 0xb0, 0x0, 0x0, 0x0, 0x0, 0xf, 0xb0,
    0x0, 0x0, 0x0, 0x0, 0xf, 0xb0, 0x0, 0x0,
    0x0, 0x0, 0xf, 0xb0, 0x0, 0x0,

    /* U+00DE "Þ" */
    0x9f, 0x10, 0x0, 0x0, 0x0, 0x9, 0xf1, 0x0,
    0x0, 0x0, 0x0, 0x9f, 0x10, 0x0, 0x0, 0x0,
    0x9, 0xfa, 0x99, 0x98, 0x61, 0x0, 0x9f, 0xff,
    0xff, 0xff, 0xf3, 0x9, 0xf1, 0x0, 0x0, 0x6f,
    0xd0, 0x9f, 0x10, 0x0, 0x0, 0xaf, 0x29, 0xf1,
    0x0, 0x0, 0x9, 0xf2, 0x9f, 0x10, 0x0, 0x1,
    0xef, 0x9, 0xfa, 0x99, 0x9b, 0xff, 0x70, 0x9f,
    0xff, 0xff, 0xec, 0x50, 0x9, 0xf1, 0x0, 0x0,
    0x0, 0x0, 0x9f, 0x10, 0x0, 0x0, 0x0, 0x9,
    0xf1, 0x0, 0x0, 0x0, 0x0,

    /* U+00DF "ß" */
    0x1, 0xae, 0xfb, 0x20, 0x0, 0xe, 0xe7, 0x7e,
    0xe1, 0x0, 0x6f, 0x30, 0x4, 0xf4, 0x0, 0x9f,
    0x0, 0x5, 0xf3, 0x0, 0xae, 0x0, 0xc, 0xc0,
    0x0, 0xae, 0x0, 0x4f, 0x50, 0x0, 0xae, 0x0,
    0x9f, 0x10, 0x0, 0xae, 0x0, 0x5f, 0xb1, 0x0,
    0xae, 0x0, 0x8, 0xfe, 0x30, 0xae, 0x0, 0x0,
    0x4e, 0xf1, 0xae, 0x0, 0x0, 0x5, 0xf5, 0xae,
    0x6, 0x80, 0x5, 0xf5, 0xae, 0x8, 0xf9, 0x6e,
    0xe0, 0xae, 0x0, 0x7e, 0xfb, 0x20,

    /* U+00E0 "à" */
    0x0, 0x9, 0xf5, 0x0, 0x0, 0x0, 0x0, 0xcc,
    0x0, 0x0, 0x0, 0x0, 0x18, 0x10, 0x0, 0x0,
    0x0, 0x0, 0x0, 0x0, 0x0, 0x6c, 0xff, 0xd7,
    0x0, 0x7, 0xfb, 0x67, 0xcf, 0x50, 0xe, 0xb0,
    0x0, 0xf, 0xb0, 0x0, 0x10, 0x0, 0x1e, 0xb0,
    0x0, 0x49, 0xce, 0xff, 0xc0, 0x9, 0xfd, 0x96,
    0x2d, 0xc0, 0x3f, 0xa0, 0x0, 0xf, 0xc0, 0x4f,
    0x60, 0x0, 0x5f, 0xc0, 0x1e, 0xe6, 0x59, 0xff,
    0xd0, 0x3, 0xcf, 0xec, 0x58, 0xf1,

    /* U+00E1 "á" */
    0x0, 0x0, 0xf, 0xd1, 0x0, 0x0, 0x0, 0x7f,
    0x30, 0x0, 0x0, 0x0, 0x75, 0x0, 0x0, 0x0,
    0x0, 0x0, 0x0, 0x0, 0x0, 0x6c, 0xff, 0xd7,
    0x0, 0x7, 0xfb, 0x67, 0xcf, 0x50, 0xe, 0xb0,
    0x0, 0xf, 0xb0, 0x0, 0x10, 0x0, 0x1e, 0xb0,
    0x0, 0x49, 0xce, 0xff, 0xc0, 0x9, 0xfd, 0x96,
    0x2d, 0xc0, 0x3f, 0xa0, 0x0, 0xf, 0xc0, 0x4f,
    0x60, 0x0, 0x5f, 0xc0, 0x1e, 0xe6, 0x59, 0xff,
    0xd0, 0x3, 0xcf, 0xec, 0x58, 0xf1,

    /* U+00E2 "â" */
    0x0, 0x4, 0xff, 0x20, 0x0, 0x0, 0xe, 0xdd,
    0xc0, 0x0, 0x0, 0x7d, 0x34, 0xe6, 0x0, 0x0,
    0x0, 0x0, 0x0, 0x0, 0x0, 0x6c, 0xff, 0xd7,
    0x0, 0x7, 0xfb, 0x67, 0xcf, 0x50, 0xe, 0xb0,
    0x0, 0xf, 0xb0, 0x0, 0x10, 0x0, 0x1e, 0xb0,
    0x0, 0x49, 0xce, 0xff, 0xc0, 0x9, 0xfd, 0x96,
    0x2d, 0xc0, 0x3f, 0xa0, 0x0, 0xf, 0xc0, 0x4f,
    0x60, 0x0, 0x5f, 0xc0, 0x1e, 0xe6, 0x59, 0xff,
    0xd0, 0x3, 0xcf, 0xec, 0x58, 0xf1,

    /* U+00E3 "ã" */
    0x0, 0x5e, 0xc4, 0x6d, 0x0, 0x0, 0xd8, 0x8f,
    0xf6, 0x0, 0x0, 0x30, 0x1, 0x20, 0x0, 0x0,
    0x0, 0x0, 0x0, 0x0, 0x0, 0x6c, 0xff, 0xd7,
    0x0, 0x7, 0xfb, 0x67, 0xcf, 0x50, 0xe, 0xb0,
    0x0, 0xf, 0xb0, 0x0, 0x10, 0x0, 0x1e, 0xb0,
    0x0, 0x49, 0xce, 0xff, 0xc0, 0x9, 0xfd, 0x96,
    0x2d, 0xc0, 0x3f, 0xa0, 0x0, 0xf, 0xc0, 0x4f,
    0x60, 0x0, 0x5f, 0xc0, 0x1e, 0xe6, 0x59, 0xff,
    0xd0, 0x3, 0xcf, 0xec, 0x58, 0xf1,

    /* U+00E4 "ä" */
    0x0, 0x8f, 0x23, 0xf6, 0x0, 0x0, 0x7e, 0x23,
    0xe6, 0x0, 0x0, 0x0, 0x0, 0x0, 0x0, 0x0,
    0x0, 0x0, 0x0, 0x0, 0x0, 0x6c, 0xff, 0xd7,
    0x0, 0x7, 0xfb, 0x67, 0xcf, 0x50, 0xe, 0xb0,
    0x0, 0xf, 0xb0, 0x0, 0x10, 0x0, 0x1e, 0xb0,
    0x0, 0x49, 0xce, 0xff, 0xc0, 0x9, 0xfd, 0x96,
    0x2d, 0xc0, 0x3f, 0xa0, 0x0, 0xf, 0xc0, 0x4f,
    0x60, 0x0, 0x5f, 0xc0, 0x1e, 0xe6, 0x59, 0xff,
    0xd0, 0x3, 0xcf, 0xec, 0x58, 0xf1,

    /* U+00E5 "å" */
    0x0, 0x3, 0xbb, 0x20, 0x0, 0x0, 0x9, 0x23,
    0x70, 0x0, 0x0, 0x2, 0xba, 0x10, 0x0, 0x0,
    0x0, 0x0, 0x0, 0x0, 0x0, 0x6c, 0xff, 0xd7,
    0x0, 0x7, 0xfb, 0x67, 0xcf, 0x50, 0xe, 0xb0,
    0x0, 0xf, 0xb0, 0x0, 0x10, 0x0, 0x1e, 0xb0,
    0x0, 0x49, 0xce, 0xff, 0xc0, 0x9, 0xfd, 0x96,
    0x2d, 0xc0, 0x3f, 0xa0, 0x0, 0xf, 0xc0, 0x4f,
    0x60, 0x0, 0x5f, 0xc0, 0x1e, 0xe6, 0x59, 0xff,
    0xd0, 0x3, 0xcf, 0xec, 0x58, 0xf1,

    /* U+00E6 "æ" */
    0x0, 0x7d, 0xff, 0xc5, 0x2a, 0xff, 0xc3, 0x0,
    0x8, 0xfa, 0x67, 0xdf, 0xee, 0x77, 0xcf, 0x40,
    0xf, 0x90, 0x0, 0x2f, 0xe1, 0x0, 0xc, 0xc0,
    0x0, 0x0, 0x0, 0x4f, 0xa1, 0x11, 0x17, 0xf1,
    0x0, 0x6b, 0xef, 0xff, 0xff, 0xff, 0xff, 0xf4,
    0xc, 0xfa, 0x63, 0x1f, 0xa4, 0x44, 0x44, 0x41,
    0x4f, 0x70, 0x0, 0x1f, 0xa0, 0x0, 0x3, 0x50,
    0x5f, 0x60, 0x0, 0x9f, 0xe1, 0x0, 0xd, 0xe0,
    0x1e, 0xe7, 0x6b, 0xf6, 0xee, 0x76, 0xcf, 0x50,
    0x3, 0xcf, 0xea, 0x20, 0x2a, 0xef, 0xc4, 0x0,

    /* U+00E7 "ç" */
    0x0, 0x3b, 0xfe, 0xb2, 0x0, 0x4f, 0xd7, 0x7e,
    0xe1, 0xd, 0xd0, 0x0, 0x3f, 0x72, 0xf8, 0x0,
    0x0, 0x31, 0x4f, 0x50, 0x0, 0x0, 0x4, 0xf5,
    0x0, 0x0, 0x0, 0x2f, 0x70, 0x0, 0x9, 0x70,
    0xdd, 0x0, 0x2, 0xf8, 0x4, 0xfd, 0x77, 0xee,
    0x10, 0x4, 0xcf, 0xfa, 0x10, 0x0, 0x3, 0xf6,
    0x0, 0x0, 0x0, 0x3, 0xf5, 0x0, 0x0, 0x2,
    0x6f, 0x50, 0x0, 0x4, 0xfe, 0x80, 0x0,

    /* U+00E8 "è" */
    0x0, 0xd, 0xf1, 0x0, 0x0, 0x0, 0x2, 0xf8,
    0x0, 0x0, 0x0, 0x0, 0x48, 0x0, 0x0, 0x0,
    0x0, 0x0, 0x0, 0x0, 0x0, 0x3b, 0xff, 0xb3,
    0x0, 0x4, 0xfd, 0x77, 0xdf, 0x40, 0xd, 0xd0,
    0x0, 0xd, 0xd0, 0x2f, 0x81, 0x11, 0x18, 0xf1,
    0x4f, 0xff, 0xff, 0xff, 0xf3, 0x5f, 0x84, 0x44,
    0x44, 0x41, 0x3f, 0x80, 0x0, 0x3, 0x40, 0xe,
    0xe1, 0x0, 0xd, 0xe0, 0x4, 0xfe, 0x76, 0xcf,
    0x50, 0x0, 0x3b, 0xff, 0xc4, 0x0,

    /* U+00E9 "é" */
    0x0, 0x0, 0xe, 0xe1, 0x0, 0x0, 0x0, 0x6f,
    0x30, 0x0, 0x0, 0x0, 0x75, 0x0, 0x0, 0x0,
    0x0, 0x0, 0x0, 0x0, 0x0, 0x3b, 0xff, 0xb3,
    0x0, 0x4, 0xfd, 0x77, 0xdf, 0x40, 0xd, 0xd0,
    0x0, 0xd, 0xd0, 0x2f, 0x81, 0x11, 0x18, 0xf1,
    0x4f, 0xff, 0xff, 0xff, 0xf3, 0x5f, 0x84, 0x44,
    0x44, 0x41, 0x3f, 0x80, 0x0, 0x3, 0x40, 0xe,
    0xe1, 0x0, 0xd, 0xe0, 0x4, 0xfe, 0x76, 0xcf,
    0x50, 0x0, 0x3b, 0xff, 0xc4, 0x0,

    /* U+00EA "ê" */
    0x0, 0x4, 0xff, 0x20, 0x0, 0x0, 0xd, 0xdd,
    0xc0, 0x0, 0x0, 0x7d, 0x34, 0xe6, 0x0, 0x0,
    0x0, 0x0, 0x0, 0x0, 0x0, 0x3b, 0xff, 0xb3,
    0x0, 0x4, 0xfd, 0x77, 0xdf, 0x40, 0xd, 0xd0,
    0x0, 0xd, 0xd0, 0x2f, 0x81, 0x11, 0x18, 0xf1,
    0x4f, 0xff, 0xff, 0xff, 0xf3, 0x5f, 0x84, 0x44,
    0x44, 0x41, 0x3f, 0x80, 0x0, 0x3, 0x40, 0xe,
    0xe1, 0x0, 0xd, 0xe0, 0x4, 0xfe, 0x76, 0xcf,
    0x50, 0x0, 0x3b, 0xff, 0xc4, 0x0,

    /* U+00EB "ë" */
    0x0, 0x8f, 0x23, 0xf6, 0x0, 0x0, 0x7e, 0x23,
    0xe6, 0x0, 0x0, 0x0, 0x0, 0x0, 0x0, 0x0,
    0x0, 0x0, 0x0, 0x0, 0x0, 0x3b, 0xff, 0xb3,
    0x0, 0x4, 0xfd, 0x77, 0xdf, 0x40, 0xd, 0xd0,
    0x0, 0xd, 0xd0, 0x2f, 0x81, 0x11, 0x18, 0xf1,
    0x4f, 0xff, 0xff, 0xff, 0xf3, 0x5f, 0x84, 0x44,
    0x44, 0x41, 0x3f, 0x80, 0x0, 0x3, 0x40, 0xe,
    0xe1, 0x0, 0xd, 0xe0, 0x4, 0xfe, 0x76, 0xcf,
    0x50, 0x0, 0x3b, 0xff, 0xc4, 0x0,

    /* U+00EC "ì" */
    0x4f, 0xa0, 0x8, 0xf2, 0x0, 0x74, 0x0, 0x0,
    0x4, 0xf5, 0x4, 0xf5, 0x4, 0xf5, 0x4, 0xf5,
    0x4, 0xf5, 0x4, 0xf5, 0x4, 0xf5, 0x4, 0xf5,
    0x4, 0xf5, 0x4, 0xf5,

    /* U+00ED "í" */
    0x6, 0xf8, 0xd, 0xc0, 0x18, 0x10, 0x0, 0x0,
    0x4f, 0x50, 0x4f, 0x50, 0x4f, 0x50, 0x4f, 0x50,
    0x4f, 0x50, 0x4f, 0x50, 0x4f, 0x50, 0x4f, 0x50,
    0x4f, 0x50, 0x4f, 0x50,

    /* U+00EE "î" */
    0x0, 0x9f, 0xc0, 0x0, 0x4f, 0x9f, 0x80, 0x9,
    0x90, 0x6b, 0x10, 0x0, 0x0, 0x0, 0x0, 0x4f,
    0x50, 0x0, 0x4, 0xf5, 0x0, 0x0, 0x4f, 0x50,
    0x0, 0x4, 0xf5, 0x0, 0x0, 0x4f, 0x50, 0x0,
    0x4, 0xf5, 0x0, 0x0, 0x4f, 0x50, 0x0, 0x4,
    0xf5, 0x0, 0x0, 0x4f, 0x50, 0x0, 0x4, 0xf5,
    0x0,

    /* U+00EF "ï" */
    0xeb, 0xa, 0xf0, 0xda, 0x9, 0xe0, 0x0, 0x0,
    0x0, 0x0, 0x0, 0x0, 0x4, 0xf5, 0x0, 0x4,
    0xf5, 0x0, 0x4, 0xf5, 0x0, 0x4, 0xf5, 0x0,
    0x4, 0xf5, 0x0, 0x4, 0xf5, 0x0, 0x4, 0xf5,
    0x0, 0x4, 0xf5, 0x0, 0x4, 0xf5, 0x0, 0x4,
    0xf5, 0x0,

    /* U+00F0 "ð" */
    0x0, 0xb, 0xe3, 0x6b, 0x0, 0x0, 0x0, 0xcf,
    0xd4, 0x0, 0x0, 0x3d, 0xdc, 0xe1, 0x0, 0x0,
    0x36, 0x1, 0xfa, 0x0, 0x0, 0x5d, 0xfd, 0xdf,
    0x30, 0x5, 0xfc, 0x56, 0xdf, 0xa0, 0xe, 0xd0,
    0x0, 0x1f, 0xe0, 0x3f, 0x70, 0x0, 0x9, 0xf2,
    0x5f, 0x50, 0x0, 0x6, 0xf4, 0x4f, 0x50, 0x0,
    0x6, 0xf4, 0x3f, 0x70, 0x0, 0x9, 0xf1, 0xd,
    0xe0, 0x0, 0x1f, 0xc0, 0x4, 0xfd, 0x77, 0xef,
    0x30, 0x0, 0x3b, 0xff, 0xb2, 0x0,

    /* U+00F1 "ñ" */
    0x0, 0xcc, 0x10, 0xf2, 0x6, 0xc8, 0xc4, 0xf0,
    0xa, 0x80, 0x9f, 0x90, 0x2, 0x10, 0x2, 0x0,
    0xd9, 0x6d, 0xfd, 0x60, 0xde, 0xd6, 0x4b, 0xf5,
    0xdf, 0x20, 0x0, 0xfa, 0xdd, 0x0, 0x0, 0xdc,
    0xdc, 0x0, 0x0, 0xdc, 0xdc, 0x0, 0x0, 0xdc,
    0xdc, 0x0, 0x0, 0xdc, 0xdc, 0x0, 0x0, 0xdc,
    0xdc, 0x0, 0x0, 0xdc, 0xdc, 0x0, 0x0, 0xdc,

    /* U+00F2 "ò" */
    0x0, 0xd, 0xf1, 0x0, 0x0, 0x0, 0x2, 0xe8,
    0x0, 0x0, 0x0, 0x0, 0x48, 0x0, 0x0, 0x0,
    0x0, 0x0, 0x0, 0x0, 0x0, 0x4b, 0xff, 0xb3,
    0x0, 0x5, 0xfd, 0x77, 0xef, 0x40, 0xe, 0xd0,
    0x0, 0x1e, 0xd0, 0x3f, 0x60, 0x0, 0x8, 0xf3,
    0x5f, 0x40, 0x0, 0x5, 0xf5, 0x6f, 0x40, 0x0,
    0x5, 0xf4, 0x4f, 0x60, 0x0, 0x8, 0xf2, 0xe,
    0xd0, 0x0, 0x1e, 0xe0, 0x5, 0xfd, 0x77, 0xdf,
    0x40, 0x0, 0x4c, 0xff, 0xb3, 0x0,

    /* U+00F3 "ó" */
    0x0, 0x0, 0xe, 0xe1, 0x0, 0x0, 0x0, 0x6f,
    0x30, 0x0, 0x0, 0x0, 0x75, 0x0, 0x0, 0x0,
    0x0, 0x0, 0x0, 0x0, 0x0, 0x4b, 0xff, 0xb3,
    0x0, 0x5, 0xfd, 0x77, 0xef, 0x40, 0xe, 0xd0,
    0x0, 0x1e, 0xd0, 0x3f, 0x60, 0x0, 0x8, 0xf3,
    0x5f, 0x40, 0x0, 0x5, 0xf5, 0x6f, 0x40, 0x0,
    0x5, 0xf4, 0x4f, 0x60, 0x0, 0x8, 0xf2, 0xe,
    0xd0, 0x0, 0x1e, 0xe0, 0x5, 0xfd, 0x77, 0xdf,
    0x40, 0x0, 0x4c, 0xff, 0xb3, 0x0,

    /* U+00F4 "ô" */
    0x0, 0x3, 0xff, 0x20, 0x0, 0x0, 0xd, 0xdd,
    0xc0, 0x0, 0x0, 0x7e, 0x34, 0xe6, 0x0, 0x0,
    0x0, 0x0, 0x0, 0x0, 0x0, 0x4b, 0xff, 0xb3,
    0x0, 0x5, 0xfd, 0x77, 0xef, 0x40, 0xe, 0xd0,
    0x0, 0x1e, 0xd0, 0x3f, 0x60, 0x0, 0x8, 0xf3,
    0x5f, 0x40, 0x0, 0x5, 0xf5, 0x6f, 0x40, 0x0,
    0x5, 0xf4, 0x4f, 0x60, 0x0, 0x8, 0xf2, 0xe,
    0xd0, 0x0, 0x1e, 0xe0, 0x5, 0xfd, 0x77, 0xdf,
    0x40, 0x0, 0x4c, 0xff, 0xb3, 0x0,

    /* U+00F5 "õ" */
    0x0, 0x5e, 0xc4, 0x6d, 0x0, 0x0, 0xd9, 0x7f,
    0xf7, 0x0, 0x0, 0x30, 0x1, 0x20, 0x0, 0x0,
    0x0, 0x0, 0x0, 0x0, 0x0, 0x4b, 0xff, 0xb3,
    0x0, 0x5, 0xfd, 0x77, 0xef, 0x40, 0xe, 0xd0,
    0x0, 0x1e, 0xd0, 0x3f, 0x60, 0x0, 0x8, 0xf3,
    0x5f, 0x40, 0x0, 0x5, 0xf5, 0x6f, 0x40, 0x0,
    0x5, 0xf4, 0x4f, 0x60, 0x0, 0x8, 0xf2, 0xe,
    0xd0, 0x0, 0x1e, 0xe0, 0x5, 0xfd, 0x77, 0xdf,
    0x40, 0x0, 0x4c, 0xff, 0xb3, 0x0,

    /* U+00F6 "ö" */
    0x0, 0x8f, 0x23, 0xf7, 0x0, 0x0, 0x7e, 0x23,
    0xe6, 0x0, 0x0, 0x0, 0x0, 0x0, 0x0, 0x0,
    0x0, 0x0, 0x0, 0x0, 0x0, 0x4b, 0xff, 0xb3,
    0x0, 0x5, 0xfd, 0x77, 0xef, 0x40, 0xe, 0xd0,
    0x0, 0x1e, 0xd0, 0x3f, 0x60, 0x0, 0x8, 0xf3,
    0x5f, 0x40, 0x0, 0x5, 0xf5, 0x6f, 0x40, 0x0,
    0x5, 0xf4, 0x4f, 0x60, 0x0, 0x8, 0xf2, 0xe,
    0xd0, 0x0, 0x1e, 0xe0, 0x5, 0xfd, 0x77, 0xdf,
    0x40, 0x0, 0x4c, 0xff, 0xb3, 0x0,

    /* U+00F7 "÷" */
    0x0, 0x0, 0xfd, 0x0, 0x0, 0x0, 0x0, 0xdc,
    0x0, 0x0, 0x28, 0x88, 0x88, 0x88, 0x81, 0x5f,
    0xff, 0xff, 0xff, 0xf3, 0x0, 0x0, 0x0, 0x0,
    0x0, 0x0, 0x0, 0xdc, 0x0, 0x0, 0x0, 0x0,
    0xfd, 0x0, 0x0,

    /* U+00F8 "ø" */
    0x0, 0x0, 0x0, 0x1, 0x10, 0x8, 0xdf, 0xd7,
    0xb8, 0xc, 0xfa, 0x6a, 0xff, 0x6, 0xf7, 0x0,
    0x3e, 0xf6, 0xbf, 0x0, 0x1d, 0x4e, 0xbd, 0xd0,
    0xb, 0x80, 0xcd, 0xdc, 0x7, 0xc0, 0xc, 0xdb,
    0xf4, 0xe1, 0x0, 0xfb, 0x6f, 0xf5, 0x0, 0x7f,
    0x60, 0xef, 0x96, 0xaf, 0xc0, 0x7d, 0x7d, 0xfd,
    0x80, 0x1, 0x20, 0x0, 0x0, 0x0,

    /* U+00F9 "ù" */
    0x0, 0x8f, 0x70, 0x0, 0x0, 0xb, 0xe0, 0x0,
    0x0, 0x1, 0x82, 0x0, 0x0, 0x0, 0x0, 0x0,
    0xdb, 0x0, 0x0, 0xdb, 0xdb, 0x0, 0x0, 0xdb,
    0xdb, 0x0, 0x0, 0xdb, 0xdb, 0x0, 0x0, 0xdb,
    0xdb, 0x0, 0x0, 0xdb, 0xdb, 0x0, 0x0, 0xeb,
    0xdc, 0x0, 0x0, 0xfb, 0xbe, 0x0, 0x5, 0xfb,
    0x6f, 0xc7, 0x9f, 0xdb, 0x7, 0xef, 0xc3, 0xbb,

    /* U+00FA "ú" */
    0x0, 0x1, 0xfc, 0x0, 0x0, 0x8, 0xf2, 0x0,
    0x0, 0x7, 0x40, 0x0, 0x0, 0x0, 0x0, 0x0,
    0xdb, 0x0, 0x0, 0xdb, 0xdb, 0x0, 0x0, 0xdb,
    0xdb, 0x0, 0x0, 0xdb, 0xdb, 0x0, 0x0, 0xdb,
    0xdb, 0x0, 0x0, 0xdb, 0xdb, 0x0, 0x0, 0xeb,
    0xdc, 0x0, 0x0, 0xfb, 0xbe, 0x0, 0x5, 0xfb,
    0x6f, 0xc7, 0x9f, 0xdb, 0x7, 0xef, 0xc3, 0xbb,

    /* U+00FB "û" */
    0x0, 0x4f, 0xf2, 0x0, 0x1, 0xeb, 0xcc, 0x0,
    0x6, 0xb2, 0x3b, 0x50, 0x0, 0x0, 0x0, 0x0,
    0xdb, 0x0, 0x0, 0xdb, 0xdb, 0x0, 0x0, 0xdb,
    0xdb, 0x0, 0x0, 0xdb, 0xdb, 0x0, 0x0, 0xdb,
    0xdb, 0x0, 0x0, 0xdb, 0xdb, 0x0, 0x0, 0xeb,
    0xdc, 0x0, 0x0, 0xfb, 0xbe, 0x0, 0x5, 0xfb,
    0x6f, 0xc7, 0x9f, 0xdb, 0x7, 0xef, 0xc3, 0xbb,

    /* U+00FC "ü" */
    0x8, 0xf2, 0x4f, 0x60, 0x7, 0xe1, 0x3e, 0x50,
    0x0, 0x0, 0x0, 0x0, 0x0, 0x0, 0x0, 0x0,
    0xdb, 0x0, 0x0, 0xdb, 0xdb, 0x0, 0x0, 0xdb,
    0xdb, 0x0, 0x0, 0xdb, 0xdb, 0x0, 0x0, 0xdb,
    0xdb, 0x0, 0x0, 0xdb, 0xdb, 0x0, 0x0, 0xeb,
    0xdc, 0x0, 0x0, 0xfb, 0xbe, 0x0, 0x5, 0xfb,
    0x6f, 0xc7, 0x9f, 0xdb, 0x7, 0xef, 0xc3, 0xbb,

    /* U+00FD "ý" */
    0x0, 0x0, 0x5f, 0x80, 0x0, 0x0, 0xd, 0xc0,
    0x0, 0x0, 0x1, 0x91, 0x0, 0x0, 0x0, 0x0,
    0x0, 0x0, 0x8f, 0x20, 0x0, 0xe, 0xa2, 0xf8,
    0x0, 0x4, 0xf5, 0xd, 0xd0, 0x0, 0x9f, 0x0,
    0x7f, 0x20, 0xe, 0x90, 0x1, 0xf8, 0x4, 0xf4,
    0x0, 0xc, 0xd0, 0xae, 0x0, 0x0, 0x6f, 0x2e,
    0x90, 0x0, 0x1, 0xfa, 0xf3, 0x0, 0x0, 0xb,
    0xfd, 0x0, 0x0, 0x0, 0x5f, 0x80, 0x0, 0x0,
    0x5, 0xf2, 0x0, 0x0, 0x0, 0xbc, 0x0, 0x0,
    0xa, 0xcf, 0x50, 0x0, 0x0, 0xdf, 0x80, 0x0,
    0x0,

    /* U+00FE "þ" */
    0xdc, 0x0, 0x0, 0x0, 0xd, 0xc0, 0x0, 0x0,
    0x0, 0xdc, 0x0, 0x0, 0x0, 0xd, 0xc0, 0x0,
    0x0, 0x0, 0xdc, 0x6d, 0xfc, 0x40, 0xd, 0xff,
    0x76, 0xcf, 0x40, 0xdf, 0x40, 0x0, 0xed, 0xd,
    0xd0, 0x0, 0x8, 0xf2, 0xdb, 0x0, 0x0, 0x6f,
    0x4d, 0xa0, 0x0, 0x6, 0xf3, 0xdc, 0x0, 0x0,
    0x8f, 0x1d, 0xf3, 0x0, 0x1e, 0xc0, 0xdf, 0xf8,
    0x7d, 0xf3, 0xd, 0xc6, 0xef, 0xb3, 0x0, 0xdc,
    0x0, 0x0, 0x0, 0xd, 0xc0, 0x0, 0x0, 0x0,
    0xdc, 0x0, 0x0, 0x0, 0xd, 0xc0, 0x0, 0x0,
    0x0,

    /* U+00FF "ÿ" */
    0x0, 0xdc, 0x9, 0xf1, 0x0, 0xc, 0xb0, 0x8e,
    0x0, 0x0, 0x0, 0x0, 0x0, 0x0, 0x0, 0x0,
    0x0, 0x0, 0x8f, 0x20, 0x0, 0xe, 0xa2, 0xf8,
    0x0, 0x4, 0xf5, 0xd, 0xd0, 0x0, 0x9f, 0x0,
    0x7f, 0x20, 0xe, 0x90, 0x1, 0xf8, 0x4, 0xf4,
    0x0, 0xc, 0xd0, 0xae, 0x0, 0x0, 0x6f, 0x2e,
    0x90, 0x0, 0x1, 0xfa, 0xf3, 0x0, 0x0, 0xb,
    0xfd, 0x0, 0x0, 0x0, 0x5f, 0x80, 0x0, 0x0,
    0x5, 0xf2, 0x0, 0x0, 0x0, 0xbc, 0x0, 0x0,
    0xa, 0xcf, 0x50, 0x0, 0x0, 0xdf, 0x80, 0x0,
    0x0,

    /* U+0100 "Ā" */
    0x0, 0x0, 0x11, 0x11, 0x10, 0x0, 0x0, 0x0,
    0x0, 0xdf, 0xff, 0xfa, 0x0, 0x0, 0x0, 0x0,
    0x34, 0x44, 0x42, 0x0, 0x0, 0x0, 0x0, 0x4,
    0xfe, 0x0, 0x0, 0x0, 0x0, 0x0, 0x9, 0xff,
    0x50, 0x0, 0x0, 0x0, 0x0, 0xe, 0x9f, 0xb0,
    0x0, 0x0, 0x0, 0x0, 0x5f, 0x5a, 0xf1, 0x0,
    0x0, 0x0, 0x0, 0xaf, 0x15, 0xf7, 0x0, 0x0,
    0x0, 0x0, 0xfc, 0x0, 0xfd, 0x0, 0x0, 0x0,
    0x6, 0xf7, 0x0, 0xbf, 0x30, 0x0, 0x0, 0xb,
    0xf2, 0x0, 0x6f, 0x90, 0x0, 0x0, 0x1f, 0xd2,
    0x22, 0x3f, 0xe0, 0x0, 0x0, 0x7f, 0xff, 0xff,
    0xff, 0xf5, 0x0, 0x0, 0xcf, 0x55, 0x55, 0x57,
    0xfb, 0x0, 0x2, 0xfb, 0x0, 0x0, 0x0, 0xef,
    0x10, 0x8, 0xf5, 0x0, 0x0, 0x0, 0x8f, 0x70,
    0xd, 0xf0, 0x0, 0x0, 0x0, 0x1f, 0xd0,

    /* U+0101 "ā" */
    0x0, 0x1, 0x11, 0x11, 0x0, 0x0, 0x9f, 0xff,
    0xfe, 0x0, 0x0, 0x24, 0x44, 0x43, 0x0, 0x0,
    0x0, 0x0, 0x0, 0x0, 0x0, 0x6c, 0xff, 0xd7,
    0x0, 0x7, 0xfb, 0x67, 0xcf, 0x50, 0xe, 0xb0,
    0x0, 0xf, 0xb0, 0x0, 0x10, 0x0, 0x1e, 0xb0,
    0x0, 0x49, 0xce, 0xff, 0xc0, 0x9, 0xfd, 0x96,
    0x2d, 0xc0, 0x3f, 0xa0, 0x0, 0xf, 0xc0, 0x4f,
    0x60, 0x0, 0x5f, 0xc0, 0x1e, 0xe6, 0x59, 0xff,
    0xd0, 0x3, 0xcf, 0xec, 0x58, 0xf1,

    /* U+0102 "Ă" */
    0x0, 0x0, 0x44, 0x0, 0x44, 0x0, 0x0, 0x0,
    0x0, 0x5d, 0x11, 0xd4, 0x0, 0x0, 0x0, 0x0,
    0x8, 0xee, 0x70, 0x0, 0x0, 0x0, 0x0, 0x4,
    0xfe, 0x0, 0x0, 0x0, 0x0, 0x0, 0x9, 0xff,
    0x50, 0x0, 0x0, 0x0, 0x0, 0xe, 0x9f, 0xb0,
    0x0, 0x0, 0x0, 0x0, 0x5f, 0x5a, 0xf1, 0x0,
    0x0, 0x0, 0x0, 0xaf, 0x15, 0xf7, 0x0, 0x0,
    0x0, 0x0, 0xfc, 0x0, 0xfd, 0x0, 0x0, 0x0,
    0x6, 0xf7, 0x0, 0xbf, 0x30, 0x0, 0x0, 0xb,
    0xf2, 0x0, 0x6f, 0x90, 0x0, 0x0, 0x1f, 0xd2,
    0x22, 0x3f, 0xe0, 0x0, 0x0, 0x7f, 0xff, 0xff,
    0xff, 0xf5, 0x0, 0x0, 0xcf, 0x55, 0x55, 0x57,
    0xfb, 0x0, 0x2, 0xfb, 0x0, 0x0, 0x0, 0xef,
    0x10, 0x8, 0xf5, 0x0, 0x0, 0x0, 0x8f, 0x70,
    0xd, 0xf0, 0x0, 0x0, 0x0, 0x1f, 0xd0,

    /* U+0103 "ă" */
    0x0, 0x5b, 0x0, 0x6a, 0x0, 0x0, 0x1f, 0x31,
    0xd6, 0x0, 0x0, 0x6, 0xff, 0xa0, 0x0, 0x0,
    0x0, 0x1, 0x0, 0x0, 0x0, 0x6c, 0xff, 0xd7,
    0x0, 0x7, 0xfb, 0x67, 0xcf, 0x50, 0xe, 0xb0,
    0x0, 0xf, 0xb0, 0x0, 0x10, 0x0, 0x1e, 0xb0,
    0x0, 0x49, 0xce, 0xff, 0xc0, 0x9, 0xfd, 0x96,
    0x2d, 0xc0, 0x3f, 0xa0, 0x0, 0xf, 0xc0, 0x4f,
    0x60, 0x0, 0x5f, 0xc0, 0x1e, 0xe6, 0x59, 0xff,
    0xd0, 0x3, 0xcf, 0xec, 0x58, 0xf1,

    /* U+0104 "Ą" */
    0x0, 0x0, 0x4, 0xfe, 0x0, 0x0, 0x0, 0x0,
    0x0, 0x9, 0xff, 0x50, 0x0, 0x0, 0x0, 0x0,
    0xe, 0x9f, 0xb0, 0x0, 0x0, 0x0, 0x0, 0x5f,
    0x5a, 0xf1, 0x0, 0x0, 0x0, 0x0, 0xaf, 0x15,
    0xf7, 0x0, 0x0, 0x0, 0x0, 0xfc, 0x0, 0xfd,
    0x0, 0x0, 0x0, 0x6, 0xf7, 0x0, 0xbf, 0x30,
    0x0, 0x0, 0xb, 0xf2, 0x0, 0x6f, 0x90, 0x0,
    0x0, 0x1f, 0xd2, 0x22, 0x3f, 0xe0, 0x0, 0x0,
    0x7f, 0xff, 0xff, 0xff, 0xf5, 0x0, 0x0, 0xcf,
    0x55, 0x55, 0x57, 0xfb, 0x0, 0x2, 0xfb, 0x0,
    0x0, 0x0, 0xef, 0x10, 0x8, 0xf5, 0x0, 0x0,
    0x0, 0x8f, 0x70, 0xd, 0xf0, 0x0, 0x0, 0x0,
    0x1f, 0xd0, 0x0, 0x0, 0x0, 0x0, 0x0, 0x2d,
    0x10, 0x0, 0x0, 0x0, 0x0, 0x0, 0xb7, 0x0,
    0x0, 0x0, 0x0, 0x0, 0x0, 0xdb, 0x50, 0x0,
    0x0, 0x0, 0x0, 0x0, 0x6e, 0xd0,

    /* U+0105 "ą" */
    0x0, 0x6c, 0xff, 0xd7, 0x0, 0x7, 0xfb, 0x67,
    0xcf, 0x50, 0xe, 0xb0, 0x0, 0xf, 0xb0, 0x0,
    0x10, 0x0, 0x1e, 0xb0, 0x0, 0x49, 0xce, 0xff,
    0xc0, 0x9, 0xfd, 0x96, 0x2d, 0xc0, 0x3f, 0xa0,
    0x0, 0xf, 0xc0, 0x4f, 0x60, 0x0, 0x5f, 0xc0,
    0x1e, 0xe6, 0x59, 0xff, 0xd0, 0x3, 0xcf, 0xec,
    0x59, 0xf1, 0x0, 0x0, 0x0, 0xc, 0x40, 0x0,
    0x0, 0x0, 0x5e, 0x0, 0x0, 0x0, 0x0, 0x6f,
    0x53, 0x0, 0x0, 0x0, 0x1c, 0xf6,

    /* U+0106 "Ć" */
    0x0, 0x0, 0x0, 0x3f, 0xb0, 0x0, 0x0, 0x0,
    0x0, 0xa, 0xe1, 0x0, 0x0, 0x0, 0x0, 0x0,
    0x93, 0x0, 0x0, 0x0, 0x0, 0x6, 0xcf, 0xfc,
    0x60, 0x0, 0x0, 0x2d, 0xfc, 0x99, 0xef, 0xa0,
    0x0, 0xd, 0xf5, 0x0, 0x0, 0xaf, 0x60, 0x6,
    0xf7, 0x0, 0x0, 0x0, 0xed, 0x0, 0xcf, 0x0,
    0x0, 0x0, 0x3, 0x10, 0xf, 0xc0, 0x0, 0x0,
    0x0, 0x0, 0x1, 0xfa, 0x0, 0x0, 0x0, 0x0,
    0x0, 0xf, 0xb0, 0x0, 0x0, 0x0, 0x0, 0x0,
    0xfc, 0x0, 0x0, 0x0, 0x0, 0x0, 0xb, 0xf0,
    0x0, 0x0, 0x0, 0x8b, 0x10, 0x6f, 0x70, 0x0,
    0x0, 0xe, 0xe0, 0x0, 0xdf, 0x40, 0x0, 0xb,
    0xf7, 0x0, 0x2, 0xef, 0xc9, 0xae, 0xfa, 0x0,
    0x0, 0x1, 0x8d, 0xff, 0xc6, 0x0, 0x0,

    /* U+0107 "ć" */
    0x0, 0x0, 0x5f, 0x90, 0x0, 0x0, 0xc, 0xc0,
    0x0, 0x0, 0x1, 0x92, 0x0, 0x0, 0x0, 0x0,
    0x0, 0x0, 0x0, 0x3b, 0xfe, 0xb2, 0x0, 0x4f,
    0xd7, 0x7e, 0xe1, 0xd, 0xd0, 0x0, 0x3f, 0x72,
    0xf8, 0x0, 0x0, 0x31, 0x4f, 0x50, 0x0, 0x0,
    0x4, 0xf5, 0x0, 0x0, 0x0, 0x2f, 0x70, 0x0,
    0x9, 0x70, 0xdd, 0x0, 0x2, 0xf8, 0x4, 0xfd,
    0x77, 0xee, 0x10, 0x4, 0xcf, 0xea, 0x10,

    /* U+0108 "Ĉ" */
    0x0, 0x0, 0x7, 0xfe, 0x10, 0x0, 0x0, 0x0,
    0x3, 0xf7, 0xdc, 0x0, 0x0, 0x0, 0x0, 0x67,
    0x2, 0x83, 0x0, 0x0, 0x0, 0x6, 0xcf, 0xfc,
    0x60, 0x0, 0x0, 0x2d, 0xfc, 0x99, 0xef, 0xa0,
    0x0, 0xd, 0xf5, 0x0, 0x0, 0xaf, 0x60, 0x6,
    0xf7, 0x0, 0x0, 0x0, 0xed, 0x0, 0xcf, 0x0,
    0x0, 0x0, 0x3, 0x10, 0xf, 0xc0, 0x0, 0x0,
    0x0, 0x0, 0x1, 0xfa, 0x0, 0x0, 0x0, 0x0,
    0x0, 0xf, 0xb0, 0x0, 0x0, 0x0, 0x0, 0x0,
    0xfc, 0x0, 0x0, 0x0, 0x0, 0x0, 0xb, 0xf0,
    0x0, 0x0, 0x0, 0x8b, 0x10, 0x6f, 0x70, 0x0,
    0x0, 0xe, 0xe0, 0x0, 0xdf, 0x40, 0x0, 0xb,
    0xf7, 0x0, 0x2, 0xef, 0xc9, 0xae, 0xfa, 0x0,
    0x0, 0x1, 0x8d, 0xff, 0xc6, 0x0, 0x0,

    /* U+0109 "ĉ" */
    0x0, 0x1, 0xef, 0x50, 0x0, 0x0, 0xaf, 0xbe,
    0x10, 0x0, 0x4e, 0x71, 0xd9, 0x0, 0x0, 0x0,
    0x0, 0x0, 0x0, 0x3b, 0xfe, 0xb2, 0x0, 0x4f,
    0xd7, 0x7e, 0xe1, 0xd, 0xd0, 0x0, 0x3f, 0x72,
    0xf8, 0x0, 0x0, 0x31, 0x4f, 0x50, 0x0, 0x0,
    0x4, 0xf5, 0x0, 0x0, 0x0, 0x2f, 0x70, 0x0,
    0x9, 0x70, 0xdd, 0x0, 0x2, 0xf8, 0x4, 0xfd,
    0x77, 0xee, 0x10, 0x4, 0xcf, 0xea, 0x10,

    /* U+010A "Ċ" */
    0x0, 0x0, 0x3, 0xfc, 0x0, 0x0, 0x0, 0x0,
    0x0, 0x3f, 0xc0, 0x0, 0x0, 0x0, 0x0, 0x0,
    0x10, 0x0, 0x0, 0x0, 0x0, 0x6, 0xcf, 0xfc,
    0x60, 0x0, 0x0, 0x2d, 0xfc, 0x99, 0xef, 0xa0,
    0x0, 0xd, 0xf5, 0x0, 0x0, 0xaf, 0x60, 0x6,
    0xf7, 0x0, 0x0, 0x0, 0xed, 0x0, 0xcf, 0x0,
    0x0, 0x0, 0x3, 0x10, 0xf, 0xc0, 0x0, 0x0,
    0x0, 0x0, 0x1, 0xfa, 0x0, 0x0, 0x0, 0x0,
    0x0, 0xf, 0xb0, 0x0, 0x0, 0x0, 0x0, 0x0,
    0xfc, 0x0, 0x0, 0x0, 0x0, 0x0, 0xb, 0xf0,
    0x0, 0x0, 0x0, 0x8b, 0x10, 0x6f, 0x70, 0x0,
    0x0, 0xe, 0xe0, 0x0, 0xdf, 0x40, 0x0, 0xb,
    0xf7, 0x0, 0x2, 0xef, 0xc9, 0xae, 0xfa, 0x0,
    0x0, 0x1, 0x8d, 0xff, 0xc6, 0x0, 0x0,

    /* U+010B "ċ" */
    0x0, 0x0, 0xef, 0x10, 0x0, 0x0, 0xe, 0xf1,
    0x0, 0x0, 0x0, 0x0, 0x0, 0x0, 0x0, 0x0,
    0x0, 0x0, 0x0, 0x3b, 0xfe, 0xb2, 0x0, 0x4f,
    0xd7, 0x7e, 0xe1, 0xd, 0xd0, 0x0, 0x3f, 0x72,
    0xf8, 0x0, 0x0, 0x31, 0x4f, 0x50, 0x0, 0x0,
    0x4, 0xf5, 0x0, 0x0, 0x0, 0x2f, 0x70, 0x0,
    0x9, 0x70, 0xdd, 0x0, 0x2, 0xf8, 0x4, 0xfd,
    0x77, 0xee, 0x10, 0x4, 0xcf, 0xea, 0x10,

    /* U+010C "Č" */
    0x0, 0x0, 0x7f, 0x46, 0xf5, 0x0, 0x0, 0x0,
    0x0, 0xbd, 0xe8, 0x0, 0x0, 0x0, 0x0, 0x1,
    0x77, 0x0, 0x0, 0x0, 0x0, 0x6, 0xcf, 0xfc,
    0x60, 0x0, 0x0, 0x2d, 0xfc, 0x99, 0xef, 0xa0,
    0x0, 0xd, 0xf5, 0x0, 0x0, 0xaf, 0x60, 0x6,
    0xf7, 0x0, 0x0, 0x0, 0xed, 0x0, 0xcf, 0x0,
    0x0, 0x0, 0x3, 0x10, 0xf, 0xc0, 0x0, 0x0,
    0x0, 0x0, 0x1, 0xfa, 0x0, 0x0, 0x0, 0x0,
    0x0, 0xf, 0xb0, 0x0, 0x0, 0x0, 0x0, 0x0,
    0xfc, 0x0, 0x0, 0x0, 0x0, 0x0, 0xb, 0xf0,
    0x0, 0x0, 0x0, 0x8b, 0x10, 0x6f, 0x70, 0x0,
    0x0, 0xe, 0xe0, 0x0, 0xdf, 0x40, 0x0, 0xb,
    0xf7, 0x0, 0x2, 0xef, 0xc9, 0xae, 0xfa, 0x0,
    0x0, 0x1, 0x8d, 0xff, 0xc6, 0x0, 0x0,

    /* U+010D "č" */
    0x0, 0x8f, 0x46, 0xf5, 0x0, 0x0, 0xdd, 0xea,
    0x0, 0x0, 0x3, 0xdd, 0x10, 0x0, 0x0, 0x0,
    0x0, 0x0, 0x0, 0x3b, 0xfe, 0xb2, 0x0, 0x4f,
    0xd7, 0x7e, 0xe1, 0xd, 0xd0, 0x0, 0x3f, 0x72,
    0xf8, 0x0, 0x0, 0x31, 0x4f, 0x50, 0x0, 0x0,
    0x4, 0xf5, 0x0, 0x0, 0x0, 0x2f, 0x70, 0x0,
    0x9, 0x70, 0xdd, 0x0, 0x2, 0xf8, 0x4, 0xfd,
    0x77, 0xee, 0x10, 0x4, 0xcf, 0xea, 0x10,

    /* U+010E "Ď" */
    0x0, 0xdd, 0xc, 0xd0, 0x0, 0x0, 0x0, 0x2f,
    0xcf, 0x20, 0x0, 0x0, 0x0, 0x4, 0x84, 0x0,
    0x0, 0x0, 0x9f, 0xff, 0xff, 0xea, 0x20, 0x0,
    0x9f, 0xa9, 0x9a, 0xcf, 0xf4, 0x0, 0x9f, 0x10,
    0x0, 0x3, 0xfe, 0x0, 0x9f, 0x10, 0x0, 0x0,
    0x6f, 0x70, 0x9f, 0x10, 0x0, 0x0, 0xf, 0xc0,
    0x9f, 0x10, 0x0, 0x0, 0xc, 0xf0, 0x9f, 0x10,
    0x0, 0x0, 0xb, 0xf0, 0x9f, 0x10, 0x0, 0x0,
    0xc, 0xf0, 0x9f, 0x10, 0x0, 0x0, 0xd, 0xe0,
    0x9f, 0x10, 0x0, 0x0, 0xf, 0xb0, 0x9f, 0x10,
    0x0, 0x0, 0x6f, 0x70, 0x9f, 0x10, 0x0, 0x3,
    0xfe, 0x0, 0x9f, 0xa9, 0x9a, 0xcf, 0xf4, 0x0,
    0x9f, 0xff, 0xff, 0xea, 0x20, 0x0,

    /* U+010F "ď" */
    0x0, 0x0, 0x0, 0xd, 0xb8, 0xf1, 0x0, 0x0,
    0x0, 0xd, 0xb5, 0xe1, 0x0, 0x0, 0x0, 0xd,
    0xb0, 0xc0, 0x0, 0x0, 0x0, 0xd, 0xb3, 0xc0,
    0x0, 0x5c, 0xfd, 0x4d, 0xb3, 0x10, 0x5, 0xfc,
    0x79, 0xff, 0xb0, 0x0, 0xe, 0xc0, 0x0, 0x5f,
    0xb0, 0x0, 0x3f, 0x60, 0x0, 0xe, 0xb0, 0x0,
    0x5f, 0x40, 0x0, 0xc, 0xb0, 0x0, 0x5f, 0x40,
    0x0, 0xc, 0xb0, 0x0, 0x3f, 0x70, 0x0, 0xe,
    0xb0, 0x0, 0xd, 0xd0, 0x0, 0x5f, 0xb0, 0x0,
    0x4, 0xfd, 0x68, 0xfe, 0xb0, 0x0, 0x0, 0x4c,
    0xfd, 0x5c, 0xb0, 0x0,

    /* U+0110 "Đ" */
    0x0, 0x9f, 0xff, 0xff, 0xea, 0x20, 0x0, 0x0,
    0x9f, 0xa9, 0x9a, 0xcf, 0xf4, 0x0, 0x0, 0x9f,
    0x10, 0x0, 0x3, 0xee, 0x0, 0x0, 0x9f, 0x10,
    0x0, 0x0, 0x6f, 0x70, 0x0, 0x9f, 0x10, 0x0,
    0x0, 0xf, 0xc0, 0x0, 0x9f, 0x10, 0x0, 0x0,
    0xd, 0xf0, 0x0, 0x9f, 0x10, 0x0, 0x0, 0xb,
    0xf0, 0xf, 0xff, 0xff, 0xfa, 0x0, 0xc, 0xf0,
    0x3, 0xbf, 0x43, 0x32, 0x0, 0xd, 0xe0, 0x0,
    0x9f, 0x10, 0x0, 0x0, 0xf, 0xb0, 0x0, 0x9f,
    0x10, 0x0, 0x0, 0x6f, 0x60, 0x0, 0x9f, 0x10,
    0x0, 0x3, 0xfe, 0x0, 0x0, 0x9f, 0xa9, 0x9a,
    0xcf, 0xf4, 0x0, 0x0, 0x9f, 0xff, 0xff, 0xea,
    0x20, 0x0,

    /* U+0111 "đ" */
    0x0, 0x0, 0x0, 0xd, 0xb0, 0x0, 0x0, 0x0,
    0xd, 0xb0, 0x0, 0x0, 0xef, 0xff, 0xff, 0x0,
    0x0, 0x23, 0x3e, 0xc3, 0x0, 0x5d, 0xfd, 0x4d,
    0xb0, 0x6, 0xfc, 0x79, 0xff, 0xb0, 0xe, 0xc0,
    0x0, 0x6f, 0xb0, 0x3f, 0x60, 0x0, 0xe, 0xb0,
    0x5f, 0x40, 0x0, 0xc, 0xb0, 0x5f, 0x40, 0x0,
    0xc, 0xb0, 0x3f, 0x60, 0x0, 0xe, 0xb0, 0xe,
    0xc0, 0x0, 0x3f, 0xb0, 0x4, 0xfa, 0x35, 0xef,
    0xb0, 0x0, 0x4c, 0xfe, 0x7c, 0xb0,

    /* U+0112 "Ē" */
    0x0, 0x1, 0x11, 0x11, 0x0, 0x0, 0x5, 0xff,
    0xff, 0xf2, 0x0, 0x0, 0x14, 0x44, 0x44, 0x0,
    0x9, 0xff, 0xff, 0xff, 0xff, 0xb0, 0x9f, 0xa9,
    0x99, 0x99, 0x96, 0x9, 0xf2, 0x0, 0x0, 0x0,
    0x0, 0x9f, 0x20, 0x0, 0x0, 0x0, 0x9, 0xf2,
    0x0, 0x0, 0x0, 0x0, 0x9f, 0x20, 0x0, 0x0,
    0x0, 0x9, 0xfa, 0x99, 0x99, 0x99, 0x20, 0x9f,
    0xff, 0xff, 0xff, 0xf4, 0x9, 0xf2, 0x0, 0x0,
    0x0, 0x0, 0x9f, 0x20, 0x0, 0x0, 0x0, 0x9,
    0xf2, 0x0, 0x0, 0x0, 0x0, 0x9f, 0x20, 0x0,
    0x0, 0x0, 0x9, 0xfa, 0x99, 0x99, 0x99, 0x90,
    0x9f, 0xff, 0xff, 0xff, 0xff, 0x0,

    /* U+0113 "ē" */
    0x0, 0x1, 0x11, 0x10, 0x0, 0x0, 0xcf, 0xff,
    0xfb, 0x0, 0x0, 0x34, 0x44, 0x42, 0x0, 0x0,
    0x0, 0x0, 0x0, 0x0, 0x0, 0x3b, 0xff, 0xb3,
    0x0, 0x4, 0xfd, 0x77, 0xdf, 0x40, 0xd, 0xd0,
    0x0, 0xd, 0xd0, 0x2f, 0x81, 0x11, 0x18, 0xf1,
    0x4f, 0xff, 0xff, 0xff, 0xf3, 0x5f, 0x84, 0x44,
    0x44, 0x41, 0x3f, 0x80, 0x0, 0x3, 0x40, 0xe,
    0xe1, 0x0, 0xd, 0xe0, 0x4, 0xfe, 0x76, 0xcf,
    0x50, 0x0, 0x3b, 0xff, 0xc4, 0x0,

    /* U+0114 "Ĕ" */
    0x0, 0x4e, 0x20, 0x9a, 0x0, 0x0, 0x0, 0x9f,
    0xfd, 0x20, 0x0, 0x0, 0x0, 0x1, 0x0, 0x0,
    0x9, 0xff, 0xff, 0xff, 0xff, 0xb0, 0x9f, 0xa9,
    0x99, 0x99, 0x96, 0x9, 0xf2, 0x0, 0x0, 0x0,
    0x0, 0x9f, 0x20, 0x0, 0x0, 0x0, 0x9, 0xf2,
    0x0, 0x0, 0x0, 0x0, 0x9f, 0x20, 0x0, 0x0,
    0x0, 0x9, 0xfa, 0x99, 0x99, 0x99, 0x20, 0x9f,
    0xff, 0xff, 0xff, 0xf4, 0x9, 0xf2, 0x0, 0x0,
    0x0, 0x0, 0x9f, 0x20, 0x0, 0x0, 0x0, 0x9,
    0xf2, 0x0, 0x0, 0x0, 0x0, 0x9f, 0x20, 0x0,
    0x0, 0x0, 0x9, 0xfa, 0x99, 0x99, 0x99, 0x90,
    0x9f, 0xff, 0xff, 0xff, 0xff, 0x0,

    /* U+0115 "ĕ" */
    0x0, 0x5b, 0x0, 0x7a, 0x0, 0x0, 0x1f, 0x31,
    0xd5, 0x0, 0x0, 0x6, 0xff, 0xa0, 0x0, 0x0,
    0x0, 0x1, 0x0, 0x0, 0x0, 0x3b, 0xff, 0xb3,
    0x0, 0x4, 0xfd, 0x77, 0xdf, 0x40, 0xd, 0xd0,
    0x0, 0xd, 0xd0, 0x2f, 0x81, 0x11, 0x18, 0xf1,
    0x4f, 0xff, 0xff, 0xff, 0xf3, 0x5f, 0x84, 0x44,
    0x44, 0x41, 0x3f, 0x80, 0x0, 0x3, 0x40, 0xe,
    0xe1, 0x0, 0xd, 0xe0, 0x4, 0xfe, 0x76, 0xcf,
    0x50, 0x0, 0x3b, 0xff, 0xc4, 0x0,

    /* U+0116 "Ė" */
    0x0, 0x0, 0x1, 0x0, 0x0, 0x0, 0x0, 0x9,
    0xf5, 0x0, 0x0, 0x0, 0x0, 0x9f, 0x50, 0x0,
    0x9, 0xff, 0xff, 0xff, 0xff, 0xb0, 0x9f, 0xa9,
    0x99, 0x99, 0x96, 0x9, 0xf2, 0x0, 0x0, 0x0,
    0x0, 0x9f, 0x20, 0x0, 0x0, 0x0, 0x9, 0xf2,
    0x0, 0x0, 0x0, 0x0, 0x9f, 0x20, 0x0, 0x0,
    0x0, 0x9, 0xfa, 0x99, 0x99, 0x99, 0x20, 0x9f,
    0xff, 0xff, 0xff, 0xf4, 0x9, 0xf2, 0x0, 0x0,
    0x0, 0x0, 0x9f, 0x20, 0x0, 0x0, 0x0, 0x9,
    0xf2, 0x0, 0x0, 0x0, 0x0, 0x9f, 0x20, 0x0,
    0x0, 0x0, 0x9, 0xfa, 0x99, 0x99, 0x99, 0x90,
    0x9f, 0xff, 0xff, 0xff, 0xff, 0x0,

    /* U+0117 "ė" */
    0x0, 0x0, 0xcf, 0x20, 0x0, 0x0, 0x0, 0xcf,
    0x20, 0x0, 0x0, 0x0, 0x0, 0x0, 0x0, 0x0,
    0x0, 0x0, 0x0, 0x0, 0x0, 0x3b, 0xff, 0xb3,
    0x0, 0x4, 0xfd, 0x77, 0xdf, 0x40, 0xd, 0xd0,
    0x0, 0xd, 0xd0, 0x2f, 0x81, 0x11, 0x18, 0xf1,
    0x4f, 0xff, 0xff, 0xff, 0xf3, 0x5f, 0x84, 0x44,
    0x44, 0x41, 0x3f, 0x80, 0x0, 0x3, 0x40, 0xe,
    0xe1, 0x0, 0xd, 0xe0, 0x4, 0xfe, 0x76, 0xcf,
    0x50, 0x0, 0x3b, 0xff, 0xc4, 0x0,

    /* U+0118 "Ę" */
    0x9f, 0xff, 0xff, 0xff, 0xfb, 0x9, 0xfa, 0x99,
    0x99, 0x99, 0x60, 0x9f, 0x20, 0x0, 0x0, 0x0,
    0x9, 0xf2, 0x0, 0x0, 0x0, 0x0, 0x9f, 0x20,
    0x0, 0x0, 0x0, 0x9, 0xf2, 0x0, 0x0, 0x0,
    0x0, 0x9f, 0xa9, 0x99, 0x99, 0x92, 0x9, 0xff,
    0xff, 0xff, 0xff, 0x40, 0x9f, 0x20, 0x0, 0x0,
    0x0, 0x9, 0xf2, 0x0, 0x0, 0x0, 0x0, 0x9f,
    0x20, 0x0, 0x0, 0x0, 0x9, 0xf2, 0x0, 0x0,
    0x0, 0x0, 0x9f, 0xa9, 0x99, 0x99, 0x99, 0x9,
    0xff, 0xff, 0xff, 0xff, 0xf0, 0x0, 0x0, 0x0,
    0x3, 0xd1, 0x0, 0x0, 0x0, 0x0, 0xc7, 0x0,
    0x0, 0x0, 0x0, 0xe, 0xb5, 0x0, 0x0, 0x0,
    0x0, 0x6f, 0xd0,

    /* U+0119 "ę" */
    0x0, 0x3b, 0xff, 0xb3, 0x0, 0x4, 0xfd, 0x77,
    0xdf, 0x40, 0xd, 0xd0, 0x0, 0xd, 0xd0, 0x2f,
    0x81, 0x11, 0x18, 0xf1, 0x4f, 0xff, 0xff, 0xff,
    0xf3, 0x5f, 0x84, 0x44, 0x44, 0x41, 0x3f, 0x80,
    0x0, 0x3, 0x40, 0xe, 0xe1, 0x0, 0xd, 0xe0,
    0x4, 0xfe, 0x76, 0xcf, 0x50, 0x0, 0x3b, 0xff,
    0xd4, 0x0, 0x0, 0x0, 0x4c, 0x0, 0x0, 0x0,
    0x0, 0xc7, 0x0, 0x0, 0x0, 0x0, 0xdb, 0x50,
    0x0, 0x0, 0x0, 0x5e, 0xd0, 0x0,

    /* U+011A "Ě" */
    0x0, 0x9f, 0x37, 0xf3, 0x0, 0x0, 0x0, 0xcd,
    0xf6, 0x0, 0x0, 0x0, 0x1, 0x86, 0x0, 0x0,
    0x9, 0xff, 0xff, 0xff, 0xff, 0xb0, 0x9f, 0xa9,
    0x99, 0x99, 0x96, 0x9, 0xf2, 0x0, 0x0, 0x0,
    0x0, 0x9f, 0x20, 0x0, 0x0, 0x0, 0x9, 0xf2,
    0x0, 0x0, 0x0, 0x0, 0x9f, 0x20, 0x0, 0x0,
    0x0, 0x9, 0xfa, 0x99, 0x99, 0x99, 0x20, 0x9f,
    0xff, 0xff, 0xff, 0xf4, 0x9, 0xf2, 0x0, 0x0,
    0x0, 0x0, 0x9f, 0x20, 0x0, 0x0, 0x0, 0x9,
    0xf2, 0x0, 0x0, 0x0, 0x0, 0x9f, 0x20, 0x0,
    0x0, 0x0, 0x9, 0xfa, 0x99, 0x99, 0x99, 0x90,
    0x9f, 0xff, 0xff, 0xff, 0xff, 0x0,

    /* U+011B "ě" */
    0x0, 0x5f, 0x73, 0xf8, 0x0, 0x0, 0xb, 0xfd,
    0xd0, 0x0, 0x0, 0x1, 0xdd, 0x30, 0x0, 0x0,
    0x0, 0x0, 0x0, 0x0, 0x0, 0x3b, 0xff, 0xb3,
    0x0, 0x4, 0xfd, 0x77, 0xdf, 0x40, 0xd, 0xd0,
    0x0, 0xd, 0xd0, 0x2f, 0x81, 0x11, 0x18, 0xf1,
    0x4f, 0xff, 0xff, 0xff, 0xf3, 0x5f, 0x84, 0x44,
    0x44, 0x41, 0x3f, 0x80, 0x0, 0x3, 0x40, 0xe,
    0xe1, 0x0, 0xd, 0xe0, 0x4, 0xfe, 0x76, 0xcf,
    0x50, 0x0, 0x3b, 0xff, 0xc4, 0x0,

    /* U+011C "Ĝ" */
    0x0, 0x0, 0x0, 0xaf, 0xc0, 0x0, 0x0, 0x0,
    0x0, 0x6f, 0x5e, 0x90, 0x0, 0x0, 0x0, 0x7,
    0x60, 0x48, 0x10, 0x0, 0x0, 0x5, 0xbe, 0xfe,
    0xa3, 0x0, 0x0, 0x1b, 0xfe, 0x98, 0xbf, 0xf5,
    0x0, 0xb, 0xf7, 0x0, 0x0, 0x2d, 0xf1, 0x4,
    0xfa, 0x0, 0x0, 0x0, 0x3f, 0x70, 0xaf, 0x20,
    0x0, 0x0, 0x0, 0x61, 0xe, 0xd0, 0x0, 0x0,
    0x0, 0x0, 0x0, 0xfc, 0x0, 0x0, 0x0, 0x0,
    0x0, 0xf, 0xc0, 0x0, 0x9, 0xff, 0xff, 0xe0,
    0xed, 0x0, 0x0, 0x59, 0x99, 0xee, 0xa, 0xf2,
    0x0, 0x0, 0x0, 0xc, 0xe0, 0x4f, 0xa0, 0x0,
    0x0, 0x0, 0xce, 0x0, 0xbf, 0x90, 0x0, 0x0,
    0x8f, 0xd0, 0x0, 0xbf, 0xfb, 0xab, 0xff, 0xd3,
    0x0, 0x0, 0x4b, 0xef, 0xeb, 0x50, 0x0,

    /* U+011D "ĝ" */
    0x0, 0x7, 0xfd, 0x0, 0x0, 0x2, 0xfb, 0xf9,
    0x0, 0x0, 0xad, 0x17, 0xd3, 0x0, 0x0, 0x0,
    0x0, 0x0, 0x0, 0x5c, 0xfd, 0x6a, 0xd0, 0x5f,
    0xc7, 0x9f, 0xed, 0xe, 0xd0, 0x0, 0x5f, 0xd3,
    0xf6, 0x0, 0x0, 0xed, 0x5f, 0x40, 0x0, 0xb,
    0xd6, 0xf3, 0x0, 0x0, 0xbd, 0x4f, 0x60, 0x0,
    0xd, 0xd0, 0xec, 0x0, 0x4, 0xfd, 0x5, 0xfc,
    0x78, 0xff, 0xc0, 0x5, 0xdf, 0xd5, 0xcc, 0x1,
    0x0, 0x0, 0xe, 0xb0, 0xf9, 0x0, 0x3, 0xf7,
    0xb, 0xf9, 0x68, 0xee, 0x10, 0x8, 0xdf, 0xe9,
    0x10,

    /* U+011E "Ğ" */
    0x0, 0x0, 0xd, 0x70, 0x3f, 0x10, 0x0, 0x0,
    0x0, 0x4e, 0xff, 0x60, 0x0, 0x0, 0x0, 0x0,
    0x1, 0x0, 0x0, 0x0, 0x0, 0x5, 0xbe, 0xfe,
    0xa3, 0x0, 0x0, 0x1b, 0xfe, 0x98, 0xbf, 0xf5,
    0x0, 0xb, 0xf7, 0x0, 0x0, 0x2d, 0xf1, 0x4,
    0xfa, 0x0, 0x0, 0x0, 0x3f, 0x70, 0xaf, 0x20,
    0x0, 0x0, 0x0, 0x61, 0xe, 0xd0, 0x0, 0x0,
    0x0, 0x0, 0x0, 0xfc, 0x0, 0x0, 0x0, 0x0,
    0x0, 0xf, 0xc0, 0x0, 0x9, 0xff, 0xff, 0xe0,
    0xed, 0x0, 0x0, 0x59, 0x99, 0xee, 0xa, 0xf2,
    0x0, 0x0, 0x0, 0xc, 0xe0, 0x4f, 0xa0, 0x0,
    0x0, 0x0, 0xce, 0x0, 0xbf, 0x90, 0x0, 0x0,
    0x8f, 0xd0, 0x0, 0xbf, 0xfb, 0xab, 0xff, 0xd3,
    0x0, 0x0, 0x4b, 0xef, 0xeb, 0x50, 0x0,

    /* U+011F "ğ" */
    0x0, 0x79, 0x0, 0x98, 0x0, 0x3, 0xe2, 0x2e,
    0x30, 0x0, 0x8, 0xff, 0x80, 0x0, 0x0, 0x0,
    0x0, 0x0, 0x0, 0x5c, 0xfd, 0x6a, 0xd0, 0x5f,
    0xc7, 0x9f, 0xed, 0xe, 0xd0, 0x0, 0x5f, 0xd3,
    0xf6, 0x0, 0x0, 0xed, 0x5f, 0x40, 0x0, 0xb,
    0xd6, 0xf3, 0x0, 0x0, 0xbd, 0x4f, 0x60, 0x0,
    0xd, 0xd0, 0xec, 0x0, 0x4, 0xfd, 0x5, 0xfc,
    0x78, 0xff, 0xc0, 0x5, 0xdf, 0xd5, 0xcc, 0x1,
    0x0, 0x0, 0xe, 0xb0, 0xf9, 0x0, 0x3, 0xf7,
    0xb, 0xf9, 0x68, 0xee, 0x10, 0x8, 0xdf, 0xe9,
    0x10,

    /* U+0120 "Ġ" */
    0x0, 0x0, 0x0, 0x1, 0x0, 0x0, 0x0, 0x0,
    0x0, 0x5, 0xf9, 0x0, 0x0, 0x0, 0x0, 0x0,
    0x5f, 0x90, 0x0, 0x0, 0x0, 0x5, 0xbe, 0xfe,
    0xa3, 0x0, 0x0, 0x1b, 0xfe, 0x98, 0xbf, 0xf5,
    0x0, 0xb, 0xf7, 0x0, 0x0, 0x2d, 0xf1, 0x4,
    0xfa, 0x0, 0x0, 0x0, 0x3f, 0x70, 0xaf, 0x20,
    0x0, 0x0, 0x0, 0x61, 0xe, 0xd0, 0x0, 0x0,
    0x0, 0x0, 0x0, 0xfc, 0x0, 0x0, 0x0, 0x0,
    0x0, 0xf, 0xc0, 0x0, 0x9, 0xff, 0xff, 0xe0,
    0xed, 0x0, 0x0, 0x59, 0x99, 0xee, 0xa, 0xf2,
    0x0, 0x0, 0x0, 0xc, 0xe0, 0x4f, 0xa0, 0x0,
    0x0, 0x0, 0xce, 0x0, 0xbf, 0x90, 0x0, 0x0,
    0x8f, 0xd0, 0x0, 0xbf, 0xfb, 0xab, 0xff, 0xd3,
    0x0, 0x0, 0x4b, 0xef, 0xeb, 0x50, 0x0,

    /* U+0121 "ġ" */
    0x0, 0x0, 0xff, 0x0, 0x0, 0x0, 0xf, 0xf0,
    0x0, 0x0, 0x0, 0x0, 0x0, 0x0, 0x0, 0x0,
    0x0, 0x0, 0x0, 0x5c, 0xfd, 0x6a, 0xd0, 0x5f,
    0xc7, 0x9f, 0xed, 0xe, 0xd0, 0x0, 0x5f, 0xd3,
    0xf6, 0x0, 0x0, 0xed, 0x5f, 0x40, 0x0, 0xb,
    0xd6, 0xf3, 0x0, 0x0, 0xbd, 0x4f, 0x60, 0x0,
    0xd, 0xd0, 0xec, 0x0, 0x4, 0xfd, 0x5, 0xfc,
    0x78, 0xff, 0xc0, 0x5, 0xdf, 0xd5, 0xcc, 0x1,
    0x0, 0x0, 0xe, 0xb0, 0xf9, 0x0, 0x3, 0xf7,
    0xb, 0xf9, 0x68, 0xee, 0x10, 0x8, 0xdf, 0xe9,
    0x10,

    /* U+0122 "Ģ" */
    0x0, 0x0, 0x5b, 0xef, 0xea, 0x30, 0x0, 0x1,
    0xbf, 0xe9, 0x8b, 0xff, 0x50, 0x0, 0xbf, 0x70,
    0x0, 0x2, 0xdf, 0x10, 0x4f, 0xa0, 0x0, 0x0,
    0x3, 0xf7, 0xa, 0xf2, 0x0, 0x0, 0x0, 0x6,
    0x10, 0xed, 0x0, 0x0, 0x0, 0x0, 0x0, 0xf,
    0xc0, 0x0, 0x0, 0x0, 0x0, 0x0, 0xfc, 0x0,
    0x0, 0x9f, 0xff, 0xfe, 0xe, 0xd0, 0x0, 0x5,
    0x99, 0x9e, 0xe0, 0xaf, 0x20, 0x0, 0x0, 0x0,
    0xce, 0x4, 0xfa, 0x0, 0x0, 0x0, 0xc, 0xe0,
    0xb, 0xf9, 0x0, 0x0, 0x8, 0xfd, 0x0, 0xb,
    0xff, 0xba, 0xbf, 0xfd, 0x30, 0x0, 0x4, 0xbe,
    0xfe, 0xb5, 0x0, 0x0, 0x0, 0x0, 0x0, 0x0,
    0x0, 0x0, 0x0, 0x0, 0x5, 0xf8, 0x0, 0x0,
    0x0, 0x0, 0x0, 0x3d, 0x70, 0x0, 0x0, 0x0,
    0x0, 0x1, 0xd4, 0x0, 0x0, 0x0, 0x0, 0x0,
    0x27, 0x0, 0x0, 0x0,

    /* U+0123 "ģ" */
    0x0, 0x0, 0x44, 0x0, 0x0, 0x0, 0xe, 0x30,
    0x0, 0x0, 0x3, 0xe5, 0x0, 0x0, 0x0, 0x4f,
    0x90, 0x0, 0x0, 0x0, 0x0, 0x0, 0x0, 0x5,
    0xdf, 0xd6, 0xad, 0x5, 0xfc, 0x78, 0xfe, 0xd0,
    0xed, 0x0, 0x5, 0xfd, 0x3f, 0x60, 0x0, 0xe,
    0xd6, 0xf4, 0x0, 0x0, 0xbd, 0x6f, 0x30, 0x0,
    0xb, 0xd4, 0xf6, 0x0, 0x0, 0xdd, 0xe, 0xc0,
    0x0, 0x5f, 0xd0, 0x5f, 0xc7, 0x8f, 0xfc, 0x0,
    0x5d, 0xfd, 0x5d, 0xc0, 0x10, 0x0, 0x0, 0xeb,
    0xf, 0x90, 0x0, 0x3f, 0x70, 0xaf, 0x96, 0x8e,
    0xe1, 0x0, 0x8d, 0xfe, 0x91, 0x0,

    /* U+0124 "Ĥ" */
    0x0, 0x0, 0x7f, 0xe1, 0x0, 0x0, 0x0, 0x4f,
    0x7d, 0xb0, 0x0, 0x0, 0x6, 0x70, 0x38, 0x20,
    0x9, 0xf2, 0x0, 0x0, 0x2, 0xf8, 0x9f, 0x20,
    0x0, 0x0, 0x2f, 0x89, 0xf2, 0x0, 0x0, 0x2,
    0xf8, 0x9f, 0x20, 0x0, 0x0, 0x2f, 0x89, 0xf2,
    0x0, 0x0, 0x2, 0xf8, 0x9f, 0x20, 0x0, 0x0,
    0x2f, 0x89, 0xff, 0xff, 0xff, 0xff, 0xf8, 0x9f,
    0xa9, 0x99, 0x99, 0xaf, 0x89, 0xf2, 0x0, 0x0,
    0x2, 0xf8, 0x9f, 0x20, 0x0, 0x0, 0x2f, 0x89,
    0xf2, 0x0, 0x0, 0x2, 0xf8, 0x9f, 0x20, 0x0,
    0x0, 0x2f, 0x89, 0xf2, 0x0, 0x0, 0x2, 0xf8,
    0x9f, 0x20, 0x0, 0x0, 0x2f, 0x80,

    /* U+0125 "ĥ" */
    0x0, 0xa, 0xfc, 0x0, 0x0, 0x6f, 0x6e, 0xa0,
    0x0, 0x76, 0x4, 0x81, 0xdc, 0x0, 0x0, 0x0,
    0xdc, 0x0, 0x0, 0x0, 0xdc, 0x0, 0x0, 0x0,
    0xdc, 0x0, 0x0, 0x0, 0xdc, 0x5d, 0xfd, 0x60,
    0xdf, 0xf9, 0x7d, 0xf5, 0xdf, 0x40, 0x1, 0xfa,
    0xde, 0x0, 0x0, 0xdc, 0xdc, 0x0, 0x0, 0xcc,
    0xdc, 0x0, 0x0, 0xcc, 0xdc, 0x0, 0x0, 0xcc,
    0xdc, 0x0, 0x0, 0xcc, 0xdc, 0x0, 0x0, 0xcc,
    0xdc, 0x0, 0x0, 0xcc,

    /* U+0126 "Ħ" */
    0x9, 0xf2, 0x0, 0x0, 0x2, 0xf8, 0x0, 0x9f,
    0x20, 0x0, 0x0, 0x2f, 0x80, 0x9, 0xf3, 0x11,
    0x11, 0x13, 0xf9, 0xb, 0xff, 0xff, 0xff, 0xff,
    0xff, 0xfb, 0x3a, 0xf5, 0x44, 0x44, 0x46, 0xfa,
    0x30, 0x9f, 0x20, 0x0, 0x0, 0x2f, 0x80, 0x9,
    0xff, 0xff, 0xff, 0xff, 0xf8, 0x0, 0x9f, 0xa9,
    0x99, 0x99, 0xaf, 0x80, 0x9, 0xf2, 0x0, 0x0,
    0x2, 0xf8, 0x0, 0x9f, 0x20, 0x0, 0x0, 0x2f,
    0x80, 0x9, 0xf2, 0x0, 0x0, 0x2, 0xf8, 0x0,
    0x9f, 0x20, 0x0, 0x0, 0x2f, 0x80, 0x9, 0xf2,
    0x0, 0x0, 0x2, 0xf8, 0x0, 0x9f, 0x20, 0x0,
    0x0, 0x2f, 0x80,

    /* U+0127 "ħ" */
    0xd, 0xc0, 0x0, 0x0, 0x0, 0xdc, 0x0, 0x0,
    0x0, 0xff, 0xff, 0xff, 0x0, 0x3, 0xdd, 0x33,
    0x30, 0x0, 0xd, 0xc5, 0xdf, 0xd6, 0x0, 0xdf,
    0xf9, 0x7d, 0xf6, 0xd, 0xf4, 0x0, 0x1f, 0xa0,
    0xde, 0x0, 0x0, 0xdc, 0xd, 0xc0, 0x0, 0xc,
    0xc0, 0xdc, 0x0, 0x0, 0xcc, 0xd, 0xc0, 0x0,
    0xc, 0xc0, 0xdc, 0x0, 0x0, 0xcc, 0xd, 0xc0,
    0x0, 0xc, 0xc0, 0xdc, 0x0, 0x0, 0xcc,

    /* U+0128 "Ĩ" */
    0x0, 0x0, 0x0, 0x0, 0xce, 0x82, 0xe4, 0x6d,
    0x4c, 0xfd, 0x1, 0x20, 0x2, 0x0, 0x0, 0x5f,
    0x60, 0x0, 0x5, 0xf6, 0x0, 0x0, 0x5f, 0x60,
    0x0, 0x5, 0xf6, 0x0, 0x0, 0x5f, 0x60, 0x0,
    0x5, 0xf6, 0x0, 0x0, 0x5f, 0x60, 0x0, 0x5,
    0xf6, 0x0, 0x0, 0x5f, 0x60, 0x0, 0x5, 0xf6,
    0x0, 0x0, 0x5f, 0x60, 0x0, 0x5, 0xf6, 0x0,
    0x0, 0x5f, 0x60, 0x0, 0x5, 0xf6, 0x0,

    /* U+0129 "ĩ" */
    0x8, 0xe4, 0xb, 0x62, 0xf6, 0xe3, 0xe4, 0x5d,
    0x4, 0xfd, 0x1, 0x20, 0x2, 0x0, 0x0, 0x4f,
    0x50, 0x0, 0x4, 0xf5, 0x0, 0x0, 0x4f, 0x50,
    0x0, 0x4, 0xf5, 0x0, 0x0, 0x4f, 0x50, 0x0,
    0x4, 0xf5, 0x0, 0x0, 0x4f, 0x50, 0x0, 0x4,
    0xf5, 0x0, 0x0, 0x4f, 0x50, 0x0, 0x4, 0xf5,
    0x0,

    /* U+012A "Ī" */
    0x1, 0x11, 0x11, 0x4, 0xff, 0xff, 0xf3, 0x14,
    0x44, 0x44, 0x0, 0x5, 0xf6, 0x0, 0x0, 0x5f,
    0x60, 0x0, 0x5, 0xf6, 0x0, 0x0, 0x5f, 0x60,
    0x0, 0x5, 0xf6, 0x0, 0x0, 0x5f, 0x60, 0x0,
    0x5, 0xf6, 0x0, 0x0, 0x5f, 0x60, 0x0, 0x5,
    0xf6, 0x0, 0x0, 0x5f, 0x60, 0x0, 0x5, 0xf6,
    0x0, 0x0, 0x5f, 0x60, 0x0, 0x5, 0xf6, 0x0,
    0x0, 0x5f, 0x60, 0x0,

    /* U+012B "ī" */
    0x1, 0x11, 0x11, 0x3, 0xff, 0xff, 0xf4, 0x4,
    0x44, 0x44, 0x10, 0x0, 0x0, 0x0, 0x0, 0x4f,
    0x50, 0x0, 0x4, 0xf5, 0x0, 0x0, 0x4f, 0x50,
    0x0, 0x4, 0xf5, 0x0, 0x0, 0x4f, 0x50, 0x0,
    0x4, 0xf5, 0x0, 0x0, 0x4f, 0x50, 0x0, 0x4,
    0xf5, 0x0, 0x0, 0x4f, 0x50, 0x0, 0x4, 0xf5,
    0x0,

    /* U+012C "Ĭ" */
    0x7, 0x10, 0x7, 0x0, 0xb8, 0x5, 0xe0, 0x2,
    0xcf, 0xd3, 0x0, 0x5, 0xf6, 0x0, 0x0, 0x5f,
    0x60, 0x0, 0x5, 0xf6, 0x0, 0x0, 0x5f, 0x60,
    0x0, 0x5, 0xf6, 0x0, 0x0, 0x5f, 0x60, 0x0,
    0x5, 0xf6, 0x0, 0x0, 0x5f, 0x60, 0x0, 0x5,
    0xf6, 0x0, 0x0, 0x5f, 0x60, 0x0, 0x5, 0xf6,
    0x0, 0x0, 0x5f, 0x60, 0x0, 0x5, 0xf6, 0x0,
    0x0, 0x5f, 0x60, 0x0,

    /* U+012D "ĭ" */
    0xf, 0x20, 0xf, 0x0, 0xb9, 0x7, 0xc0, 0x2,
    0xdf, 0xe3, 0x0, 0x0, 0x10, 0x0, 0x0, 0x4f,
    0x50, 0x0, 0x4, 0xf5, 0x0, 0x0, 0x4f, 0x50,
    0x0, 0x4, 0xf5, 0x0, 0x0, 0x4f, 0x50, 0x0,
    0x4, 0xf5, 0x0, 0x0, 0x4f, 0x50, 0x0, 0x4,
    0xf5, 0x0, 0x0, 0x4f, 0x50, 0x0, 0x4, 0xf5,
    0x0,

    /* U+012E "Į" */
    0x5, 0xf6, 0x5, 0xf6, 0x5, 0xf6, 0x5, 0xf6,
    0x5, 0xf6, 0x5, 0xf6, 0x5, 0xf6, 0x5, 0xf6,
    0x5, 0xf6, 0x5, 0xf6, 0x5, 0xf6, 0x5, 0xf6,
    0x5, 0xf6, 0x5, 0xf6, 0x8, 0x80, 0x2f, 0x0,
    0x4f, 0x63, 0xb, 0xf8,

    /* U+012F "į" */
    0xc, 0xc0, 0xb, 0xb0, 0x0, 0x0, 0x0, 0x0,
    0xc, 0xc0, 0xc, 0xc0, 0xc, 0xc0, 0xc, 0xc0,
    0xc, 0xc0, 0xc, 0xc0, 0xc, 0xc0, 0xc, 0xc0,
    0xc, 0xc0, 0xc, 0xc0, 0x1d, 0x20, 0x99, 0x0,
    0xbd, 0x51, 0x4e, 0xe2,

    /* U+0130 "İ" */
    0x1, 0x7, 0xf8, 0x7f, 0x85, 0xf6, 0x5f, 0x65,
    0xf6, 0x5f, 0x65, 0xf6, 0x5f, 0x65, 0xf6, 0x5f,
    0x65, 0xf6, 0x5f, 0x65, 0xf6, 0x5f, 0x65, 0xf6,
    0x5f, 0x60,

    /* U+0131 "ı" */
    0x4f, 0x54, 0xf5, 0x4f, 0x54, 0xf5, 0x4f, 0x54,
    0xf5, 0x4f, 0x54, 0xf5, 0x4f, 0x54, 0xf5,

    /* U+0132 "Ĳ" */
    0x5f, 0x60, 0x0, 0x0, 0x6, 0xf5, 0x5f, 0x60,
    0x0, 0x0, 0x6, 0xf5, 0x5f, 0x60, 0x0, 0x0,
    0x6, 0xf5, 0x5f, 0x60, 0x0, 0x0, 0x6, 0xf5,
    0x5f, 0x60, 0x0, 0x0, 0x6, 0xf5, 0x5f, 0x60,
    0x0, 0x0, 0x6, 0xf5, 0x5f, 0x60, 0x0, 0x0,
    0x6, 0xf5, 0x5f, 0x60, 0x0, 0x0, 0x6, 0xf5,
    0x5f, 0x60, 0x0, 0x0, 0x6, 0xf5, 0x5f, 0x60,
    0x1, 0x0, 0x6, 0xf4, 0x5f, 0x60, 0xbd, 0x0,
    0x7, 0xf3, 0x5f, 0x60, 0x9f, 0x10, 0xa, 0xf1,
    0x5f, 0x60, 0x3f, 0xc6, 0x9f, 0xa0, 0x5f, 0x60,
    0x4, 0xcf, 0xe8, 0x0,

    /* U+0133 "ĳ" */
    0xcc, 0x0, 0xaf, 0xbb, 0x0, 0x9e, 0x0, 0x0,
    0x0, 0x0, 0x0, 0x0, 0xcc, 0x0, 0xaf, 0xcc,
    0x0, 0xaf, 0xcc, 0x0, 0xaf, 0xcc, 0x0, 0xaf,
    0xcc, 0x0, 0xaf, 0xcc, 0x0, 0xaf, 0xcc, 0x0,
    0xaf, 0xcc, 0x0, 0xaf, 0xcc, 0x0, 0xaf, 0xcc,
    0x0, 0xaf, 0x0, 0x0, 0xaf, 0x0, 0x0, 0xae,
    0x0, 0x38, 0xfb, 0x0, 0x7f, 0xc2,

    /* U+0134 "Ĵ" */
    0x0, 0x0, 0x4, 0xff, 0x30, 0x0, 0x0, 0x2e,
    0x9a, 0xd1, 0x0, 0x0, 0x57, 0x11, 0x84, 0x0,
    0x0, 0x1, 0xf9, 0x0, 0x0, 0x0, 0x1, 0xf9,
    0x0, 0x0, 0x0, 0x1, 0xf9, 0x0, 0x0, 0x0,
    0x1, 0xf9, 0x0, 0x0, 0x0, 0x1, 0xf9, 0x0,
    0x0, 0x0, 0x1, 0xf9, 0x0, 0x0, 0x0, 0x1,
    0xf9, 0x0, 0x0, 0x0, 0x1, 0xf9, 0x0, 0x0,
    0x0, 0x1, 0xf9, 0x0, 0x14, 0x0, 0x1, 0xf9,
    0x0, 0x6f, 0x20, 0x2, 0xf8, 0x0, 0x4f, 0x70,
    0x7, 0xf5, 0x0, 0xd, 0xfb, 0xbf, 0xe0, 0x0,
    0x2, 0xbf, 0xfb, 0x20, 0x0,

    /* U+0135 "ĵ" */
    0x3, 0xff, 0x30, 0xe, 0xcc, 0xd0, 0x6b, 0x22,
    0xb5, 0x0, 0x0, 0x0, 0x0, 0xdc, 0x0, 0x0,
    0xdc, 0x0, 0x0, 0xdc, 0x0, 0x0, 0xdc, 0x0,
    0x0, 0xdc, 0x0, 0x0, 0xdc, 0x0, 0x0, 0xdc,
    0x0, 0x0, 0xdc, 0x0, 0x0, 0xdc, 0x0, 0x0,
    0xdc, 0x0, 0x0, 0xdc, 0x0, 0x0, 0xeb, 0x0,
    0x59, 0xf8, 0x0, 0xaf, 0xb1, 0x0,

    /* U+0136 "Ķ" */
    0xbf, 0x0, 0x0, 0x2, 0xef, 0x4b, 0xf0, 0x0,
    0x1, 0xdf, 0x50, 0xbf, 0x0, 0x1, 0xdf, 0x50,
    0xb, 0xf0, 0x0, 0xcf, 0x60, 0x0, 0xbf, 0x0,
    0xbf, 0x70, 0x0, 0xb, 0xf0, 0xaf, 0x90, 0x0,
    0x0, 0xbf, 0x9f, 0xfd, 0x0, 0x0, 0xb, 0xff,
    0x97, 0xf9, 0x0, 0x0, 0xbf, 0xa0, 0xd, 0xf3,
    0x0, 0xb, 0xf0, 0x0, 0x3f, 0xd0, 0x0, 0xbf,
    0x0, 0x0, 0x8f, 0x90, 0xb, 0xf0, 0x0, 0x0,
    0xdf, 0x40, 0xbf, 0x0, 0x0, 0x4, 0xfe, 0xb,
    0xf0, 0x0, 0x0, 0x9, 0xfa, 0x0, 0x0, 0x0,
    0x0, 0x0, 0x0, 0x0, 0x7, 0xa1, 0x0, 0x0,
    0x0, 0x0, 0xbf, 0x10, 0x0, 0x0, 0x0, 0x1,
    0xe0, 0x0, 0x0, 0x0, 0x0, 0xa7, 0x0, 0x0,
    0x0, 0x0, 0x0, 0x0, 0x0, 0x0,

    /* U+0137 "ķ" */
    0xcc, 0x0, 0x0, 0x0, 0xcc, 0x0, 0x0, 0x0,
    0xcc, 0x0, 0x0, 0x0, 0xcc, 0x0, 0x0, 0x0,
    0xcc, 0x0, 0x1d, 0xe2, 0xcc, 0x0, 0xce, 0x20,
    0xcc, 0xc, 0xf3, 0x0, 0xcc, 0xbf, 0x40, 0x0,
    0xcf, 0xff, 0x70, 0x0, 0xcf, 0x5b, 0xf2, 0x0,
    0xcc, 0x2, 0xfb, 0x0, 0xcc, 0x0, 0x8f, 0x50,
    0xcc, 0x0, 0xe, 0xe1, 0xcc, 0x0, 0x5, 0xf9,
    0x0, 0x0, 0x0, 0x0, 0x0, 0x1a, 0x70, 0x0,
    0x0, 0x2f, 0xb0, 0x0, 0x0, 0x7, 0x90, 0x0,
    0x0, 0x1d, 0x20, 0x0, 0x0, 0x0, 0x0, 0x0,

    /* U+0138 "ĸ" */
    0xdc, 0x0, 0x1d, 0xe2, 0xdc, 0x0, 0xde, 0x20,
    0xdc, 0xc, 0xf3, 0x0, 0xdc, 0xbf, 0x30, 0x0,
    0xdf, 0xff, 0x70, 0x0, 0xdf, 0x4c, 0xf2, 0x0,
    0xdc, 0x2, 0xfb, 0x0, 0xdc, 0x0, 0x8f, 0x50,
    0xdc, 0x0, 0xe, 0xe1, 0xdc, 0x0, 0x5, 0xf9,

    /* U+0139 "Ĺ" */
    0x0, 0x6f, 0x80, 0x0, 0x0, 0xd, 0xc0, 0x0,
    0x0, 0x1, 0x91, 0x0, 0x0, 0xb, 0xf0, 0x0,
    0x0, 0x0, 0xbf, 0x0, 0x0, 0x0, 0xb, 0xf0,
    0x0, 0x0, 0x0, 0xbf, 0x0, 0x0, 0x0, 0xb,
    0xf0, 0x0, 0x0, 0x0, 0xbf, 0x0, 0x0, 0x0,
    0xb, 0xf0, 0x0, 0x0, 0x0, 0xbf, 0x0, 0x0,
    0x0, 0xb, 0xf0, 0x0, 0x0, 0x0, 0xbf, 0x0,
    0x0, 0x0, 0xb, 0xf0, 0x0, 0x0, 0x0, 0xbf,
    0x0, 0x0, 0x0, 0xb, 0xf9, 0x99, 0x99, 0x93,
    0xbf, 0xff, 0xff, 0xff, 0x60,

    /* U+013A "ĺ" */
    0x3, 0x95, 0xb, 0xe1, 0x3f, 0x40, 0xd, 0xb0,
    0xd, 0xb0, 0xd, 0xb0, 0xd, 0xb0, 0xd, 0xb0,
    0xd, 0xb0, 0xd, 0xb0, 0xd, 0xb0, 0xd, 0xb0,
    0xd, 0xb0, 0xd, 0xb0, 0xd, 0xb0, 0xd, 0xb0,
    0xd, 0xb0,

    /* U+013B "Ļ" */
    0xbf, 0x0, 0x0, 0x0, 0xb, 0xf0, 0x0, 0x0,
    0x0, 0xbf, 0x0, 0x0, 0x0, 0xb, 0xf0, 0x0,
    0x0, 0x0, 0xbf, 0x0, 0x0, 0x0, 0xb, 0xf0,
    0x0, 0x0, 0x0, 0xbf, 0x0, 0x0, 0x0, 0xb,
    0xf0, 0x0, 0x0, 0x0, 0xbf, 0x0, 0x0, 0x0,
    0xb, 0xf0, 0x0, 0x0, 0x0, 0xbf, 0x0, 0x0,
    0x0, 0xb, 0xf0, 0x0, 0x0, 0x0, 0xbf, 0x99,
    0x99, 0x99, 0x3b, 0xff, 0xff, 0xff, 0xf6, 0x0,
    0x0, 0x0, 0x0, 0x0, 0x0, 0x4a, 0x40, 0x0,
    0x0, 0x7, 0xf6, 0x0, 0x0, 0x0, 0xc, 0x40,
    0x0, 0x0, 0x5, 0xb0, 0x0, 0x0, 0x0, 0x0,
    0x0, 0x0,

    /* U+013C "ļ" */
    0xd, 0xb0, 0xdb, 0xd, 0xb0, 0xdb, 0xd, 0xb0,
    0xdb, 0xd, 0xb0, 0xdb, 0xd, 0xb0, 0xdb, 0xd,
    0xb0, 0xdb, 0xd, 0xb0, 0xdb, 0x0, 0x0, 0x98,
    0xf, 0xe0, 0x4c, 0xc, 0x40, 0x0,

    /* U+013D "Ľ" */
    0xbf, 0x0, 0xb, 0xf1, 0xb, 0xf0, 0x0, 0xaf,
    0x0, 0xbf, 0x0, 0x0, 0xe0, 0xb, 0xf0, 0x0,
    0x5b, 0x0, 0xbf, 0x0, 0x5, 0x10, 0xb, 0xf0,
    0x0, 0x0, 0x0, 0xbf, 0x0, 0x0, 0x0, 0xb,
    0xf0, 0x0, 0x0, 0x0, 0xbf, 0x0, 0x0, 0x0,
    0xb, 0xf0, 0x0, 0x0, 0x0, 0xbf, 0x0, 0x0,
    0x0, 0xb, 0xf0, 0x0, 0x0, 0x0, 0xbf, 0x99,
    0x99, 0x99, 0x3b, 0xff, 0xff, 0xff, 0xf6,

    /* U+013E "ľ" */
    0xcc, 0x6f, 0x3c, 0xc4, 0xe3, 0xcc, 0xb, 0x2c,
    0xc4, 0xb0, 0xcc, 0x0, 0xc, 0xc0, 0x0, 0xcc,
    0x0, 0xc, 0xc0, 0x0, 0xcc, 0x0, 0xc, 0xc0,
    0x0, 0xcc, 0x0, 0xc, 0xc0, 0x0, 0xcc, 0x0,
    0xc, 0xc0, 0x0,

    /* U+013F "Ŀ" */
    0xbf, 0x0, 0x0, 0x0, 0xb, 0xf0, 0x0, 0x0,
    0x0, 0xbf, 0x0, 0x0, 0x0, 0xb, 0xf0, 0x0,
    0x0, 0x0, 0xbf, 0x0, 0x0, 0x0, 0xb, 0xf0,
    0x0, 0x0, 0x0, 0xbf, 0x3, 0xe7, 0x0, 0xb,
    0xf0, 0x4f, 0x80, 0x0, 0xbf, 0x0, 0x0, 0x0,
    0xb, 0xf0, 0x0, 0x0, 0x0, 0xbf, 0x0, 0x0,
    0x0, 0xb, 0xf0, 0x0, 0x0, 0x0, 0xbf, 0x99,
    0x99, 0x99, 0x3b, 0xff, 0xff, 0xff, 0xf6,

    /* U+0140 "ŀ" */
    0xdb, 0x0, 0xd, 0xb0, 0x0, 0xdb, 0x0, 0xd,
    0xb0, 0x0, 0xdb, 0x0, 0xd, 0xb0, 0x0, 0xdb,
    0xd, 0xcd, 0xb0, 0xfd, 0xdb, 0x0, 0xd, 0xb0,
    0x0, 0xdb, 0x0, 0xd, 0xb0, 0x0, 0xdb, 0x0,
    0xd, 0xb0, 0x0,

    /* U+0141 "Ł" */
    0xb, 0xf0, 0x0, 0x0, 0x0, 0xb, 0xf0, 0x0,
    0x0, 0x0, 0xb, 0xf0, 0x0, 0x0, 0x0, 0xb,
    0xf0, 0x1b, 0x0, 0x0, 0xb, 0xf2, 0xda, 0x0,
    0x0, 0xb, 0xfe, 0xa0, 0x0, 0x0, 0xb, 0xf9,
    0x0, 0x0, 0x0, 0x4f, 0xf0, 0x0, 0x0, 0x0,
    0xfe, 0xf0, 0x0, 0x0, 0x0, 0x5b, 0xf0, 0x0,
    0x0, 0x0, 0xb, 0xf0, 0x0, 0x0, 0x0, 0xb,
    0xf0, 0x0, 0x0, 0x0, 0xb, 0xf9, 0x99, 0x99,
    0x93, 0xb, 0xff, 0xff, 0xff, 0xf6,

    /* U+0142 "ł" */
    0xd, 0xc0, 0xd, 0xc0, 0xd, 0xc0, 0xd, 0xc0,
    0xd, 0xc2, 0xd, 0xed, 0xd, 0xf5, 0x5f, 0xc0,
    0xee, 0xc0, 0x2d, 0xc0, 0xd, 0xc0, 0xd, 0xc0,
    0xd, 0xc0, 0xd, 0xc0,

    /* U+0143 "Ń" */
    0x0, 0x0, 0x1f, 0xd0, 0x0, 0x0, 0x0, 0x8,
    0xf2, 0x0, 0x0, 0x0, 0x0, 0x74, 0x0, 0x0,
    0xa, 0xf6, 0x0, 0x0, 0x1, 0xf8, 0xaf, 0xf1,
    0x0, 0x0, 0x1f, 0x8a, 0xff, 0xa0, 0x0, 0x1,
    0xf8, 0xaf, 0xbf, 0x40, 0x0, 0x1f, 0x8a, 0xf1,
    0xfd, 0x0, 0x1, 0xf8, 0xaf, 0x7, 0xf8, 0x0,
    0x1f, 0x8a, 0xf0, 0xd, 0xf2, 0x1, 0xf8, 0xaf,
    0x0, 0x3f, 0xb0, 0x1f, 0x8a, 0xf0, 0x0, 0x9f,
    0x51, 0xf8, 0xaf, 0x0, 0x1, 0xee, 0x2f, 0x8a,
    0xf0, 0x0, 0x6, 0xfb, 0xf8, 0xaf, 0x0, 0x0,
    0xc, 0xff, 0x8a, 0xf0, 0x0, 0x0, 0x2f, 0xf8,
    0xaf, 0x0, 0x0, 0x0, 0x8f, 0x80,

    /* U+0144 "ń" */
    0x0, 0x2, 0xfc, 0x0, 0x0, 0x9, 0xe1, 0x0,
    0x0, 0x8, 0x40, 0x0, 0x0, 0x0, 0x0, 0x0,
    0xd9, 0x6d, 0xfd, 0x60, 0xde, 0xd6, 0x4b, 0xf5,
    0xdf, 0x20, 0x0, 0xfa, 0xdd, 0x0, 0x0, 0xdc,
    0xdc, 0x0, 0x0, 0xdc, 0xdc, 0x0, 0x0, 0xdc,
    0xdc, 0x0, 0x0, 0xdc, 0xdc, 0x0, 0x0, 0xdc,
    0xdc, 0x0, 0x0, 0xdc, 0xdc, 0x0, 0x0, 0xdc,

    /* U+0145 "Ņ" */
    0xaf, 0x60, 0x0, 0x0, 0x1f, 0x8a, 0xff, 0x10,
    0x0, 0x1, 0xf8, 0xaf, 0xfa, 0x0, 0x0, 0x1f,
    0x8a, 0xfb, 0xf4, 0x0, 0x1, 0xf8, 0xaf, 0x1f,
    0xd0, 0x0, 0x1f, 0x8a, 0xf0, 0x7f, 0x80, 0x1,
    0xf8, 0xaf, 0x0, 0xdf, 0x20, 0x1f, 0x8a, 0xf0,
    0x3, 0xfb, 0x1, 0xf8, 0xaf, 0x0, 0x9, 0xf5,
    0x1f, 0x8a, 0xf0, 0x0, 0x1e, 0xe2, 0xf8, 0xaf,
    0x0, 0x0, 0x6f, 0xbf, 0x8a, 0xf0, 0x0, 0x0,
    0xcf, 0xf8, 0xaf, 0x0, 0x0, 0x2, 0xff, 0x8a,
    0xf0, 0x0, 0x0, 0x8, 0xf8, 0x0, 0x0, 0x0,
    0x0, 0x0, 0x0, 0x0, 0x5, 0xa2, 0x0, 0x0,
    0x0, 0x0, 0x9f, 0x40, 0x0, 0x0, 0x0, 0x0,
    0xe2, 0x0, 0x0, 0x0, 0x0, 0x79, 0x0, 0x0,
    0x0, 0x0, 0x0, 0x0, 0x0, 0x0,

    /* U+0146 "ņ" */
    0xd9, 0x6d, 0xfd, 0x60, 0xde, 0xd6, 0x4b, 0xf5,
    0xdf, 0x20, 0x0, 0xfa, 0xdd, 0x0, 0x0, 0xdc,
    0xdc, 0x0, 0x0, 0xdc, 0xdc, 0x0, 0x0, 0xdc,
    0xdc, 0x0, 0x0, 0xdc, 0xdc, 0x0, 0x0, 0xdc,
    0xdc, 0x0, 0x0, 0xdc, 0xdc, 0x0, 0x0, 0xdc,
    0x0, 0x0, 0x0, 0x0, 0x0, 0x7, 0xa0, 0x0,
    0x0, 0xc, 0xf0, 0x0, 0x0, 0x2, 0xe0, 0x0,
    0x0, 0xa, 0x60, 0x0, 0x0, 0x0, 0x0, 0x0,

    /* U+0147 "Ň" */
    0x0, 0x1e, 0xc0, 0xdc, 0x0, 0x0, 0x0, 0x3f,
    0xce, 0x10, 0x0, 0x0, 0x0, 0x58, 0x30, 0x0,
    0xa, 0xf6, 0x0, 0x0, 0x1, 0xf8, 0xaf, 0xf1,
    0x0, 0x0, 0x1f, 0x8a, 0xff, 0xa0, 0x0, 0x1,
    0xf8, 0xaf, 0xbf, 0x40, 0x0, 0x1f, 0x8a, 0xf1,
    0xfd, 0x0, 0x1, 0xf8, 0xaf, 0x7, 0xf8, 0x0,
    0x1f, 0x8a, 0xf0, 0xd, 0xf2, 0x1, 0xf8, 0xaf,
    0x0, 0x3f, 0xb0, 0x1f, 0x8a, 0xf0, 0x0, 0x9f,
    0x51, 0xf8, 0xaf, 0x0, 0x1, 0xee, 0x2f, 0x8a,
    0xf0, 0x0, 0x6, 0xfb, 0xf8, 0xaf, 0x0, 0x0,
    0xc, 0xff, 0x8a, 0xf0, 0x0, 0x0, 0x2f, 0xf8,
    0xaf, 0x0, 0x0, 0x0, 0x8f, 0x80,

    /* U+0148 "ň" */
    0x4, 0xf7, 0x3f, 0x80, 0x0, 0x9f, 0xdc, 0x0,
    0x0, 0xa, 0xb2, 0x0, 0x0, 0x0, 0x0, 0x0,
    0xd9, 0x6d, 0xfd, 0x60, 0xde, 0xd6, 0x4b, 0xf5,
    0xdf, 0x20, 0x0, 0xfa, 0xdd, 0x0, 0x0, 0xdc,
    0xdc, 0x0, 0x0, 0xdc, 0xdc, 0x0, 0x0, 0xdc,
    0xdc, 0x0, 0x0, 0xdc, 0xdc, 0x0, 0x0, 0xdc,
    0xdc, 0x0, 0x0, 0xdc, 0xdc, 0x0, 0x0, 0xdc,

    /* U+0149 "ŉ" */
    0x3f, 0x80, 0x0, 0x0, 0x0, 0x3, 0xf7, 0x0,
    0x0, 0x0, 0x0, 0x7, 0x60, 0x0, 0x0, 0x0,
    0x1, 0xd2, 0x0, 0x0, 0x0, 0x0, 0x13, 0xf,
    0x77, 0xef, 0xd5, 0x0, 0x0, 0xfe, 0xc5, 0x4c,
    0xf2, 0x0, 0xf, 0xe0, 0x0, 0x2f, 0x80, 0x0,
    0xfb, 0x0, 0x0, 0xf9, 0x0, 0xf, 0xa0, 0x0,
    0xf, 0xa0, 0x0, 0xfa, 0x0, 0x0, 0xfa, 0x0,
    0xf, 0xa0, 0x0, 0xf, 0xa0, 0x0, 0xfa, 0x0,
    0x0, 0xfa, 0x0, 0xf, 0xa0, 0x0, 0xf, 0xa0,
    0x0, 0xfa, 0x0, 0x0, 0xfa,

    /* U+014A "Ŋ" */
    0x8f, 0x25, 0xcf, 0xfd, 0x60, 0x0, 0x8f, 0xbf,
    0x85, 0x6c, 0xf9, 0x0, 0x8f, 0xe2, 0x0, 0x0,
    0xaf, 0x30, 0x8f, 0x70, 0x0, 0x0, 0x2f, 0xa0,
    0x8f, 0x40, 0x0, 0x0, 0xd, 0xe0, 0x8f, 0x30,
    0x0, 0x0, 0xb, 0xf0, 0x8f, 0x20, 0x0, 0x0,
    0xa, 0xf0, 0x8f, 0x20, 0x0, 0x0, 0xb, 0xf0,
    0x8f, 0x20, 0x0, 0x0, 0xc, 0xf0, 0x8f, 0x20,
    0x0, 0x0, 0xe, 0xd0, 0x8f, 0x20, 0x0, 0x0,
    0x3f, 0x90, 0x8f, 0x20, 0x0, 0x0, 0xbf, 0x40,
    0x8f, 0x20, 0xd, 0xac, 0xfb, 0x0, 0x8f, 0x20,
    0x1b, 0xfe, 0x80, 0x0,

    /* U+014B "ŋ" */
    0xca, 0x6d, 0xfd, 0x70, 0xce, 0xe6, 0x4a, 0xf6,
    0xcf, 0x20, 0x0, 0xfb, 0xce, 0x0, 0x0, 0xdc,
    0xcc, 0x0, 0x0, 0xcd, 0xcc, 0x0, 0x0, 0xcd,
    0xcc, 0x0, 0x0, 0xcd, 0xcc, 0x0, 0x0, 0xcd,
    0xcc, 0x0, 0x0, 0xcd, 0xcc, 0x0, 0x0, 0xcd,
    0x0, 0x0, 0x0, 0xcc, 0x0, 0x0, 0x0, 0xdb,
    0x0, 0x0, 0x48, 0xf8, 0x0, 0x0, 0x9f, 0xc1,

    /* U+014C "Ō" */
    0x0, 0x0, 0x1, 0x11, 0x11, 0x0, 0x0, 0x0,
    0x0, 0x9f, 0xff, 0xfe, 0x0, 0x0, 0x0, 0x0,
    0x24, 0x44, 0x43, 0x0, 0x0, 0x0, 0x0, 0x7c,
    0xff, 0xc7, 0x0, 0x0, 0x0, 0x1d, 0xfd, 0x99,
    0xdf, 0xd2, 0x0, 0x0, 0xcf, 0x60, 0x0, 0x6,
    0xfd, 0x0, 0x6, 0xf7, 0x0, 0x0, 0x0, 0x7f,
    0x70, 0xc, 0xf0, 0x0, 0x0, 0x0, 0xf, 0xc0,
    0xf, 0xc0, 0x0, 0x0, 0x0, 0xb, 0xf0, 0x1f,
    0xa0, 0x0, 0x0, 0x0, 0x9, 0xf2, 0x1f, 0xa0,
    0x0, 0x0, 0x0, 0x9, 0xf2, 0xf, 0xb0, 0x0,
    0x0, 0x0, 0xb, 0xf0, 0xb, 0xf0, 0x0, 0x0,
    0x0, 0xe, 0xc0, 0x6, 0xf7, 0x0, 0x0, 0x0,
    0x7f, 0x70, 0x0, 0xcf, 0x60, 0x0, 0x5, 0xfd,
    0x0, 0x0, 0x1c, 0xfd, 0x99, 0xcf, 0xd2, 0x0,
    0x0, 0x0, 0x6c, 0xef, 0xc7, 0x0, 0x0,

    /* U+014D "ō" */
    0x0, 0x1, 0x11, 0x11, 0x0, 0x0, 0xaf, 0xff,
    0xfd, 0x0, 0x0, 0x24, 0x44, 0x43, 0x0, 0x0,
    0x0, 0x0, 0x0, 0x0, 0x0, 0x4b, 0xff, 0xb3,
    0x0, 0x5, 0xfd, 0x77, 0xef, 0x40, 0xe, 0xd0,
    0x0, 0x1e, 0xd0, 0x3f, 0x60, 0x0, 0x8, 0xf3,
    0x5f, 0x40, 0x0, 0x5, 0xf5, 0x6f, 0x40, 0x0,
    0x5, 0xf4, 0x4f, 0x60, 0x0, 0x8, 0xf2, 0xe,
    0xd0, 0x0, 0x1e, 0xe0, 0x5, 0xfd, 0x77, 0xdf,
    0x40, 0x0, 0x4c, 0xff, 0xb3, 0x0,

    /* U+014E "Ŏ" */
    0x0, 0x0, 0x4e, 0x20, 0x9a, 0x0, 0x0, 0x0,
    0x0, 0x9, 0xff, 0xd2, 0x0, 0x0, 0x0, 0x0,
    0x0, 0x11, 0x0, 0x0, 0x0, 0x0, 0x0, 0x7c,
    0xff, 0xc7, 0x0, 0x0, 0x0, 0x1d, 0xfd, 0x99,
    0xdf, 0xd2, 0x0, 0x0, 0xcf, 0x60, 0x0, 0x6,
    0xfd, 0x0, 0x6, 0xf7, 0x0, 0x0, 0x0, 0x7f,
    0x70, 0xc, 0xf0, 0x0, 0x0, 0x0, 0xf, 0xc0,
    0xf, 0xc0, 0x0, 0x0, 0x0, 0xb, 0xf0, 0x1f,
    0xa0, 0x0, 0x0, 0x0, 0x9, 0xf2, 0x1f, 0xa0,
    0x0, 0x0, 0x0, 0x9, 0xf2, 0xf, 0xb0, 0x0,
    0x0, 0x0, 0xb, 0xf0, 0xb, 0xf0, 0x0, 0x0,
    0x0, 0xe, 0xc0, 0x6, 0xf7, 0x0, 0x0, 0x0,
    0x7f, 0x70, 0x0, 0xcf, 0x60, 0x0, 0x5, 0xfd,
    0x0, 0x0, 0x1c, 0xfd, 0x99, 0xcf, 0xd2, 0x0,
    0x0, 0x0, 0x6c, 0xef, 0xc7, 0x0, 0x0,

    /* U+014F "ŏ" */
    0x0, 0x6a, 0x0, 0x89, 0x0, 0x0, 0x2f, 0x21,
    0xd4, 0x0, 0x0, 0x7, 0xff, 0x90, 0x0, 0x0,
    0x0, 0x1, 0x0, 0x0, 0x0, 0x4b, 0xff, 0xb3,
    0x0, 0x5, 0xfd, 0x77, 0xef, 0x40, 0xe, 0xd0,
    0x0, 0x1e, 0xd0, 0x3f, 0x60, 0x0, 0x8, 0xf3,
    0x5f, 0x40, 0x0, 0x5, 0xf5, 0x6f, 0x40, 0x0,
    0x5, 0xf4, 0x4f, 0x60, 0x0, 0x8, 0xf2, 0xe,
    0xd0, 0x0, 0x1e, 0xe0, 0x5, 0xfd, 0x77, 0xdf,
    0x40, 0x0, 0x4c, 0xff, 0xb3, 0x0,

    /* U+0150 "Ő" */
    0x0, 0x0, 0xf, 0xd1, 0xee, 0x10, 0x0, 0x0,
    0x0, 0x6f, 0x35, 0xf4, 0x0, 0x0, 0x0, 0x0,
    0x65, 0x6, 0x60, 0x0, 0x0, 0x0, 0x0, 0x7c,
    0xff, 0xc7, 0x0, 0x0, 0x0, 0x1d, 0xfd, 0x99,
    0xdf, 0xd2, 0x0, 0x0, 0xcf, 0x60, 0x0, 0x6,
    0xfd, 0x0, 0x6, 0xf7, 0x0, 0x0, 0x0, 0x7f,
    0x70, 0xc, 0xf0, 0x0, 0x0, 0x0, 0xf, 0xc0,
    0xf, 0xc0, 0x0, 0x0, 0x0, 0xb, 0xf0, 0x1f,
    0xa0, 0x0, 0x0, 0x0, 0x9, 0xf2, 0x1f, 0xa0,
    0x0, 0x0, 0x0, 0x9, 0xf2, 0xf, 0xb0, 0x0,
    0x0, 0x0, 0xb, 0xf0, 0xb, 0xf0, 0x0, 0x0,
    0x0, 0xe, 0xc0, 0x6, 0xf7, 0x0, 0x0, 0x0,
    0x7f, 0x70, 0x0, 0xcf, 0x60, 0x0, 0x5, 0xfd,
    0x0, 0x0, 0x1c, 0xfd, 0x99, 0xcf, 0xd2, 0x0,
    0x0, 0x0, 0x6c, 0xef, 0xc7, 0x0, 0x0,

    /* U+0151 "ő" */
    0x0, 0xa, 0xf4, 0x9f, 0x50, 0x0, 0x1f, 0x80,
    0xf9, 0x0, 0x0, 0x38, 0x3, 0x80, 0x0, 0x0,
    0x0, 0x0, 0x0, 0x0, 0x0, 0x4b, 0xff, 0xb3,
    0x0, 0x5, 0xfd, 0x77, 0xef, 0x40, 0xe, 0xd0,
    0x0, 0x1e, 0xd0, 0x3f, 0x60, 0x0, 0x8, 0xf3,
    0x5f, 0x40, 0x0, 0x5, 0xf5, 0x6f, 0x40, 0x0,
    0x5, 0xf4, 0x4f, 0x60, 0x0, 0x8, 0xf2, 0xe,
    0xd0, 0x0, 0x1e, 0xe0, 0x5, 0xfd, 0x77, 0xdf,
    0x40, 0x0, 0x4c, 0xff, 0xb3, 0x0,

    /* U+0152 "Œ" */
    0x0, 0x2a, 0xef, 0xc5, 0x2f, 0xff, 0xff, 0xff,
    0x20, 0x3f, 0xfa, 0x7c, 0xf9, 0xfe, 0xdd, 0xdd,
    0xd2, 0xd, 0xf3, 0x0, 0x8, 0xff, 0x70, 0x0,
    0x0, 0x4, 0xf8, 0x0, 0x0, 0xd, 0xf7, 0x0,
    0x0, 0x0, 0x9f, 0x30, 0x0, 0x0, 0x8f, 0x70,
    0x0, 0x0, 0xc, 0xf0, 0x0, 0x0, 0x5, 0xf7,
    0x0, 0x0, 0x0, 0xde, 0x0, 0x0, 0x0, 0x4f,
    0xc9, 0x99, 0x96, 0xd, 0xe0, 0x0, 0x0, 0x4,
    0xff, 0xff, 0xff, 0xb0, 0xcf, 0x0, 0x0, 0x0,
    0x5f, 0x70, 0x0, 0x0, 0x9, 0xf1, 0x0, 0x0,
    0x7, 0xf7, 0x0, 0x0, 0x0, 0x4f, 0x60, 0x0,
    0x0, 0xcf, 0x70, 0x0, 0x0, 0x0, 0xde, 0x10,
    0x0, 0x5f, 0xf7, 0x0, 0x0, 0x0, 0x3, 0xfd,
    0x53, 0x8f, 0xaf, 0xc9, 0x99, 0x99, 0x40, 0x2,
    0xae, 0xfd, 0x62, 0xff, 0xff, 0xff, 0xf6,

    /* U+0153 "œ" */
    0x0, 0x3a, 0xef, 0xc4, 0x2, 0xae, 0xfb, 0x30,
    0x0, 0x3f, 0xe7, 0x7d, 0xf8, 0xfe, 0x76, 0xcf,
    0x40, 0xc, 0xf1, 0x0, 0xd, 0xfe, 0x10, 0x0,
    0xcd, 0x1, 0xf9, 0x0, 0x0, 0x6f, 0xa1, 0x11,
    0x17, 0xf2, 0x3f, 0x60, 0x0, 0x3, 0xff, 0xff,
    0xff, 0xff, 0x44, 0xf6, 0x0, 0x0, 0x3f, 0xa4,
    0x44, 0x44, 0x41, 0x2f, 0x80, 0x0, 0x6, 0xfa,
    0x0, 0x0, 0x35, 0x0, 0xde, 0x10, 0x0, 0xdf,
    0xf2, 0x0, 0xc, 0xe0, 0x4, 0xfd, 0x77, 0xdf,
    0x7f, 0xe8, 0x6c, 0xf5, 0x0, 0x3, 0xbf, 0xfb,
    0x30, 0x2a, 0xef, 0xc4, 0x0,

    /* U+0154 "Ŕ" */
    0x0, 0x0, 0xaf, 0x40, 0x0, 0x0, 0x0, 0x1,
    0xf8, 0x0, 0x0, 0x0, 0x0, 0x4, 0x80, 0x0,
    0x0, 0x0, 0x9f, 0xff, 0xff, 0xfe, 0xa2, 0x0,
    0x9f, 0x98, 0x88, 0x8c, 0xfe, 0x10, 0x9f, 0x20,
    0x0, 0x0, 0x8f, 0x70, 0x9f, 0x20, 0x0, 0x0,
    0x1f, 0xa0, 0x9f, 0x20, 0x0, 0x0, 0x2f, 0xa0,
    0x9f, 0x20, 0x0, 0x0, 0x9f, 0x60, 0x9f, 0x98,
    0x88, 0x9d, 0xfb, 0x0, 0x9f, 0xff, 0xff, 0xfc,
    0x60, 0x0, 0x9f, 0x20, 0x4, 0xed, 0x20, 0x0,
    0x9f, 0x20, 0x0, 0x3f, 0xd1, 0x0, 0x9f, 0x20,
    0x0, 0x8, 0xfa, 0x0, 0x9f, 0x20, 0x0, 0x0,
    0xdf, 0x30, 0x9f, 0x20, 0x0, 0x0, 0x4f, 0xd0,
    0x9f, 0x20, 0x0, 0x0, 0xa, 0xf7,

    /* U+0155 "ŕ" */
    0x0, 0xee, 0x10, 0x6, 0xf4, 0x0, 0x6, 0x50,
    0x0, 0x0, 0x0, 0x0, 0xd9, 0x9f, 0xe1, 0xde,
    0xe8, 0xa0, 0xdf, 0x20, 0x0, 0xdd, 0x0, 0x0,
    0xdc, 0x0, 0x0, 0xdc, 0x0, 0x0, 0xdc, 0x0,
    0x0, 0xdc, 0x0, 0x0, 0xdc, 0x0, 0x0, 0xdc,
    0x0, 0x0,

    /* U+0156 "Ŗ" */
    0x9f, 0xff, 0xff, 0xfe, 0xa2, 0x0, 0x9f, 0x98,
    0x88, 0x8c, 0xfe, 0x10, 0x9f, 0x20, 0x0, 0x0,
    0x8f, 0x70, 0x9f, 0x20, 0x0, 0x0, 0x1f, 0xa0,
    0x9f, 0x20, 0x0, 0x0, 0x2f, 0xa0, 0x9f, 0x20,
    0x0, 0x0, 0x9f, 0x60, 0x9f, 0x98, 0x88, 0x9d,
    0xfb, 0x0, 0x9f, 0xff, 0xff, 0xfc, 0x60, 0x0,
    0x9f, 0x20, 0x4, 0xed, 0x20, 0x0, 0x9f, 0x20,
    0x0, 0x3f, 0xd1, 0x0, 0x9f, 0x20, 0x0, 0x8,
    0xfa, 0x0, 0x9f, 0x20, 0x0, 0x0, 0xdf, 0x30,
    0x9f, 0x20, 0x0, 0x0, 0x4f, 0xd0, 0x9f, 0x20,
    0x0, 0x0, 0xa, 0xf7, 0x0, 0x0, 0x0, 0x0,
    0x0, 0x0, 0x0, 0x0, 0x2a, 0x60, 0x0, 0x0,
    0x0, 0x0, 0x3f, 0x90, 0x0, 0x0, 0x0, 0x0,
    0x8, 0x70, 0x0, 0x0, 0x0, 0x0, 0x2d, 0x10,
    0x0, 0x0, 0x0, 0x0, 0x0, 0x0, 0x0, 0x0,

    /* U+0157 "ŗ" */
    0xd, 0x99, 0xfe, 0x10, 0xde, 0xe8, 0xa0, 0xd,
    0xf2, 0x0, 0x0, 0xdd, 0x0, 0x0, 0xd, 0xc0,
    0x0, 0x0, 0xdc, 0x0, 0x0, 0xd, 0xc0, 0x0,
    0x0, 0xdc, 0x0, 0x0, 0xd, 0xc0, 0x0, 0x0,
    0xdc, 0x0, 0x0, 0x0, 0x0, 0x0, 0x0, 0x98,
    0x0, 0x0, 0xf, 0xe0, 0x0, 0x0, 0x4c, 0x0,
    0x0, 0xc, 0x40, 0x0, 0x0, 0x0, 0x0, 0x0,

    /* U+0158 "Ř" */
    0x0, 0xbe, 0x1a, 0xe2, 0x0, 0x0, 0x0, 0x1e,
    0xcf, 0x40, 0x0, 0x0, 0x0, 0x3, 0x85, 0x0,
    0x0, 0x0, 0x9f, 0xff, 0xff, 0xfe, 0xa2, 0x0,
    0x9f, 0x98, 0x88, 0x8c, 0xfe, 0x10, 0x9f, 0x20,
    0x0, 0x0, 0x8f, 0x70, 0x9f, 0x20, 0x0, 0x0,
    0x1f, 0xa0, 0x9f, 0x20, 0x0, 0x0, 0x2f, 0xa0,
    0x9f, 0x20, 0x0, 0x0, 0x9f, 0x60, 0x9f, 0x98,
    0x88, 0x9d, 0xfb, 0x0, 0x9f, 0xff, 0xff, 0xfc,
    0x60, 0x0, 0x9f, 0x20, 0x4, 0xed, 0x20, 0x0,
    0x9f, 0x20, 0x0, 0x3f, 0xd1, 0x0, 0x9f, 0x20,
    0x0, 0x8, 0xfa, 0x0, 0x9f, 0x20, 0x0, 0x0,
    0xdf, 0x30, 0x9f, 0x20, 0x0, 0x0, 0x4f, 0xd0,
    0x9f, 0x20, 0x0, 0x0, 0xa, 0xf7,

    /* U+0159 "ř" */
    0x2f, 0xa1, 0xeb, 0x0, 0x6f, 0xce, 0x10, 0x0,
    0x9b, 0x40, 0x0, 0x0, 0x0, 0x0, 0xd, 0x99,
    0xfe, 0x10, 0xde, 0xe8, 0xa0, 0xd, 0xf2, 0x0,
    0x0, 0xdd, 0x0, 0x0, 0xd, 0xc0, 0x0, 0x0,
    0xdc, 0x0, 0x0, 0xd, 0xc0, 0x0, 0x0, 0xdc,
    0x0, 0x0, 0xd, 0xc0, 0x0, 0x0, 0xdc, 0x0,
    0x0,

    /* U+015A "Ś" */
    0x0, 0x0, 0xb, 0xf3, 0x0, 0x0, 0x0, 0x0,
    0x2f, 0x70, 0x0, 0x0, 0x0, 0x0, 0x57, 0x0,
    0x0, 0x0, 0x0, 0x8, 0xdf, 0xfc, 0x60, 0x0,
    0x0, 0xdf, 0xc9, 0xae, 0xfa, 0x0, 0x7, 0xf6,
    0x0, 0x0, 0xaf, 0x40, 0xa, 0xf0, 0x0, 0x0,
    0x2f, 0x90, 0x9, 0xf4, 0x0, 0x0, 0x2, 0x0,
    0x2, 0xff, 0xa5, 0x10, 0x0, 0x0, 0x0, 0x3d,
    0xff, 0xfd, 0x70, 0x0, 0x0, 0x0, 0x38, 0xcf,
    0xfe, 0x20, 0x0, 0x0, 0x0, 0x1, 0x8f, 0xb0,
    0x1a, 0x50, 0x0, 0x0, 0xb, 0xf0, 0xf, 0xb0,
    0x0, 0x0, 0xa, 0xf0, 0xa, 0xf8, 0x0, 0x0,
    0x4f, 0xa0, 0x1, 0xdf, 0xea, 0xac, 0xfe, 0x10,
    0x0, 0x7, 0xce, 0xfd, 0x81, 0x0,

    /* U+015B "ś" */
    0x0, 0x0, 0x9f, 0x50, 0x0, 0x0, 0x1f, 0x90,
    0x0, 0x0, 0x3, 0x80, 0x0, 0x0, 0x0, 0x0,
    0x0, 0x0, 0x1, 0xae, 0xfd, 0x70, 0x0, 0xce,
    0x76, 0xaf, 0x80, 0x2f, 0x60, 0x0, 0xaa, 0x1,
    0xfd, 0x40, 0x0, 0x0, 0x6, 0xff, 0xfb, 0x60,
    0x0, 0x1, 0x6b, 0xff, 0xc0, 0x3, 0x0, 0x0,
    0x9f, 0x34, 0xf6, 0x0, 0x6, 0xf3, 0xc, 0xf8,
    0x68, 0xfc, 0x0, 0x19, 0xef, 0xe9, 0x10,

    /* U+015C "Ŝ" */
    0x0, 0x0, 0x5f, 0xf2, 0x0, 0x0, 0x0, 0x2,
    0xf9, 0xbd, 0x0, 0x0, 0x0, 0x5, 0x70, 0x28,
    0x40, 0x0, 0x0, 0x8, 0xdf, 0xfc, 0x60, 0x0,
    0x0, 0xdf, 0xc9, 0xae, 0xfa, 0x0, 0x7, 0xf6,
    0x0, 0x0, 0xaf, 0x40, 0xa, 0xf0, 0x0, 0x0,
    0x2f, 0x90, 0x9, 0xf4, 0x0, 0x0, 0x2, 0x0,
    0x2, 0xff, 0xa5, 0x10, 0x0, 0x0, 0x0, 0x3d,
    0xff, 0xfd, 0x70, 0x0, 0x0, 0x0, 0x38, 0xcf,
    0xfe, 0x20, 0x0, 0x0, 0x0, 0x1, 0x8f, 0xb0,
    0x1a, 0x50, 0x0, 0x0, 0xb, 0xf0, 0xf, 0xb0,
    0x0, 0x0, 0xa, 0xf0, 0xa, 0xf8, 0x0, 0x0,
    0x4f, 0xa0, 0x1, 0xdf, 0xea, 0xac, 0xfe, 0x10,
    0x0, 0x7, 0xce, 0xfd, 0x81, 0x0,

    /* U+015D "ŝ" */
    0x0, 0x8, 0xfc, 0x0, 0x0, 0x3, 0xfb, 0xf8,
    0x0, 0x0, 0xbc, 0x8, 0xd2, 0x0, 0x0, 0x0,
    0x0, 0x0, 0x1, 0xae, 0xfd, 0x70, 0x0, 0xce,
    0x76, 0xaf, 0x80, 0x2f, 0x60, 0x0, 0xaa, 0x1,
    0xfd, 0x40, 0x0, 0x0, 0x6, 0xff, 0xfb, 0x60,
    0x0, 0x1, 0x6b, 0xff, 0xc0, 0x3, 0x0, 0x0,
    0x9f, 0x34, 0xf6, 0x0, 0x6, 0xf3, 0xc, 0xf8,
    0x68, 0xfc, 0x0, 0x19, 0xef, 0xe9, 0x10,

    /* U+015E "Ş" */
    0x0, 0x8, 0xdf, 0xfc, 0x60, 0x0, 0x0, 0xdf,
    0xc9, 0xae, 0xfa, 0x0, 0x7, 0xf6, 0x0, 0x0,
    0xaf, 0x40, 0xa, 0xf0, 0x0, 0x0, 0x2f, 0x90,
    0x9, 0xf4, 0x0, 0x0, 0x2, 0x0, 0x2, 0xff,
    0xa5, 0x10, 0x0, 0x0, 0x0, 0x3d, 0xff, 0xfd,
    0x70, 0x0, 0x0, 0x0, 0x38, 0xcf, 0xfe, 0x20,
    0x0, 0x0, 0x0, 0x1, 0x8f, 0xb0, 0x1a, 0x50,
    0x0, 0x0, 0xb, 0xf0, 0xf, 0xb0, 0x0, 0x0,
    0xa, 0xf0, 0xa, 0xf8, 0x0, 0x0, 0x4f, 0xa0,
    0x1, 0xdf, 0xea, 0xac, 0xfe, 0x10, 0x0, 0x7,
    0xcf, 0xfd, 0x81, 0x0, 0x0, 0x0, 0xe, 0x80,
    0x0, 0x0, 0x0, 0x0, 0x5, 0xe8, 0x0, 0x0,
    0x0, 0x0, 0x24, 0xe9, 0x0, 0x0, 0x0, 0x0,
    0xff, 0xb1, 0x0, 0x0,

    /* U+015F "ş" */
    0x1, 0xae, 0xfd, 0x70, 0x0, 0xce, 0x76, 0xaf,
    0x80, 0x2f, 0x60, 0x0, 0xaa, 0x1, 0xfd, 0x40,
    0x0, 0x0, 0x6, 0xff, 0xfb, 0x60, 0x0, 0x1,
    0x6b, 0xff, 0xc0, 0x3, 0x0, 0x0, 0x9f, 0x34,
    0xf6, 0x0, 0x6, 0xf3, 0xc, 0xf8, 0x68, 0xfc,
    0x0, 0x19, 0xff, 0xe9, 0x10, 0x0, 0x8, 0xd4,
    0x0, 0x0, 0x0, 0x8, 0xf0, 0x0, 0x0, 0x13,
    0xbf, 0x0, 0x0, 0x9, 0xfd, 0x50, 0x0,

    /* U+0160 "Š" */
    0x0, 0xa, 0xf1, 0x9f, 0x20, 0x0, 0x0, 0x0,
    0xdc, 0xf5, 0x0, 0x0, 0x0, 0x0, 0x28, 0x50,
    0x0, 0x0, 0x0, 0x8, 0xdf, 0xfc, 0x60, 0x0,
    0x0, 0xdf, 0xc9, 0xae, 0xfa, 0x0, 0x7, 0xf6,
    0x0, 0x0, 0xaf, 0x40, 0xa, 0xf0, 0x0, 0x0,
    0x2f, 0x90, 0x9, 0xf4, 0x0, 0x0, 0x2, 0x0,
    0x2, 0xff, 0xa5, 0x10, 0x0, 0x0, 0x0, 0x3d,
    0xff, 0xfd, 0x70, 0x0, 0x0, 0x0, 0x38, 0xcf,
    0xfe, 0x20, 0x0, 0x0, 0x0, 0x1, 0x8f, 0xb0,
    0x1a, 0x50, 0x0, 0x0, 0xb, 0xf0, 0xf, 0xb0,
    0x0, 0x0, 0xa, 0xf0, 0xa, 0xf8, 0x0, 0x0,
    0x4f, 0xa0, 0x1, 0xdf, 0xea, 0xac, 0xfe, 0x10,
    0x0, 0x7, 0xce, 0xfd, 0x81, 0x0,

    /* U+0161 "š" */
    0x1, 0xec, 0xd, 0xd0, 0x0, 0x5, 0xfc, 0xf3,
    0x0, 0x0, 0xa, 0xe7, 0x0, 0x0, 0x0, 0x0,
    0x0, 0x0, 0x1, 0xae, 0xfd, 0x70, 0x0, 0xce,
    0x76, 0xaf, 0x80, 0x2f, 0x60, 0x0, 0xaa, 0x1,
    0xfd, 0x40, 0x0, 0x0, 0x6, 0xff, 0xfb, 0x60,
    0x0, 0x1, 0x6b, 0xff, 0xc0, 0x3, 0x0, 0x0,
    0x9f, 0x34, 0xf6, 0x0, 0x6, 0xf3, 0xc, 0xf8,
    0x68, 0xfc, 0x0, 0x19, 0xef, 0xe9, 0x10,

    /* U+0162 "Ţ" */
    0x9f, 0xff, 0xff, 0xff, 0xff, 0xa5, 0x99, 0x9b,
    0xfb, 0x99, 0x96, 0x0, 0x0, 0x5f, 0x60, 0x0,
    0x0, 0x0, 0x5, 0xf6, 0x0, 0x0, 0x0, 0x0,
    0x5f, 0x60, 0x0, 0x0, 0x0, 0x5, 0xf6, 0x0,
    0x0, 0x0, 0x0, 0x5f, 0x60, 0x0, 0x0, 0x0,
    0x5, 0xf6, 0x0, 0x0, 0x0, 0x0, 0x5f, 0x60,
    0x0, 0x0, 0x0, 0x5, 0xf6, 0x0, 0x0, 0x0,
    0x0, 0x5f, 0x60, 0x0, 0x0, 0x0, 0x5, 0xf6,
    0x0, 0x0, 0x0, 0x0, 0x5f, 0x60, 0x0, 0x0,
    0x0, 0x5, 0xf6, 0x0, 0x0, 0x0, 0x0, 0x3f,
    0x10, 0x0, 0x0, 0x0, 0x3, 0xae, 0x20, 0x0,
    0x0, 0x0, 0x26, 0xf4, 0x0, 0x0, 0x0, 0x5f,
    0xe8, 0x0, 0x0,

    /* U+0163 "ţ" */
    0x0, 0x10, 0x0, 0x4, 0xf0, 0x0, 0x8, 0xf0,
    0x0, 0x8, 0xf0, 0x0, 0xbf, 0xff, 0xa0, 0x3a,
    0xf5, 0x30, 0x8, 0xf0, 0x0, 0x8, 0xf0, 0x0,
    0x8, 0xf0, 0x0, 0x8, 0xf0, 0x0, 0x8, 0xf0,
    0x0, 0x8, 0xf1, 0x0, 0x6, 0xfb, 0x60, 0x1,
    0xcf, 0xb0, 0x0, 0x5e, 0x10, 0x0, 0x3b, 0xe1,
    0x1, 0x28, 0xf2, 0x7, 0xfe, 0x70,

    /* U+0164 "Ť" */
    0x0, 0xd, 0xd0, 0xcd, 0x0, 0x0, 0x0, 0x2f,
    0xcf, 0x20, 0x0, 0x0, 0x0, 0x48, 0x40, 0x0,
    0x9, 0xff, 0xff, 0xff, 0xff, 0xfa, 0x59, 0x99,
    0xbf, 0xb9, 0x99, 0x60, 0x0, 0x5, 0xf6, 0x0,
    0x0, 0x0, 0x0, 0x5f, 0x60, 0x0, 0x0, 0x0,
    0x5, 0xf6, 0x0, 0x0, 0x0, 0x0, 0x5f, 0x60,
    0x0, 0x0, 0x0, 0x5, 0xf6, 0x0, 0x0, 0x0,
    0x0, 0x5f, 0x60, 0x0, 0x0, 0x0, 0x5, 0xf6,
    0x0, 0x0, 0x0, 0x0, 0x5f, 0x60, 0x0, 0x0,
    0x0, 0x5, 0xf6, 0x0, 0x0, 0x0, 0x0, 0x5f,
    0x60, 0x0, 0x0, 0x0, 0x5, 0xf6, 0x0, 0x0,
    0x0, 0x0, 0x5f, 0x60, 0x0, 0x0,

    /* U+0165 "ť" */
    0x0, 0x50, 0xe, 0xb0, 0x7f, 0x0, 0xab, 0x8,
    0xf0, 0x3, 0xa0, 0x8f, 0x0, 0xb5, 0xbf, 0xff,
    0xa2, 0x3, 0xaf, 0x52, 0x0, 0x8, 0xf0, 0x0,
    0x0, 0x8f, 0x0, 0x0, 0x8, 0xf0, 0x0, 0x0,
    0x8f, 0x0, 0x0, 0x8, 0xf0, 0x0, 0x0, 0x8f,
    0x10, 0x0, 0x7, 0xfb, 0x60, 0x0, 0x1c, 0xfb,
    0x0,

    /* U+0166 "Ŧ" */
    0x9f, 0xff, 0xff, 0xff, 0xff, 0xa5, 0x99, 0x9b,
    0xfb, 0x99, 0x96, 0x0, 0x0, 0x5f, 0x60, 0x0,
    0x0, 0x0, 0x5, 0xf6, 0x0, 0x0, 0x0, 0x0,
    0x5f, 0x60, 0x0, 0x0, 0x0, 0x5, 0xf6, 0x0,
    0x0, 0x0, 0x0, 0x5f, 0x60, 0x0, 0x0, 0x3f,
    0xff, 0xff, 0xff, 0x40, 0x0, 0x33, 0x7f, 0x73,
    0x30, 0x0, 0x0, 0x5, 0xf6, 0x0, 0x0, 0x0,
    0x0, 0x5f, 0x60, 0x0, 0x0, 0x0, 0x5, 0xf6,
    0x0, 0x0, 0x0, 0x0, 0x5f, 0x60, 0x0, 0x0,
    0x0, 0x5, 0xf6, 0x0, 0x0,

    /* U+0167 "ŧ" */
    0x0, 0x20, 0x0, 0x7d, 0x0, 0xb, 0xd0, 0x0,
    0xbd, 0x0, 0xef, 0xff, 0x74, 0xce, 0x42, 0xb,
    0xd0, 0x0, 0xbd, 0x0, 0xef, 0xff, 0x62, 0xce,
    0x31, 0xb, 0xd0, 0x0, 0xbe, 0x0, 0xa, 0xf9,
    0x40, 0x3d, 0xf8,

    /* U+0168 "Ũ" */
    0x0, 0x0, 0x0, 0x0, 0x0, 0x0, 0x0, 0x9f,
    0xa2, 0xa9, 0x0, 0x0, 0x2f, 0x5a, 0xff, 0x30,
    0x0, 0x0, 0x30, 0x2, 0x10, 0x0, 0x9f, 0x20,
    0x0, 0x0, 0x2f, 0x89, 0xf2, 0x0, 0x0, 0x2,
    0xf8, 0x9f, 0x20, 0x0, 0x0, 0x2f, 0x89, 0xf2,
    0x0, 0x0, 0x2, 0xf8, 0x9f, 0x20, 0x0, 0x0,
    0x2f, 0x89, 0xf2, 0x0, 0x0, 0x2, 0xf8, 0x9f,
    0x20, 0x0, 0x0, 0x2f, 0x89, 0xf2, 0x0, 0x0,
    0x2, 0xf8, 0x8f, 0x20, 0x0, 0x0, 0x2f, 0x87,
    0xf3, 0x0, 0x0, 0x4, 0xf7, 0x5f, 0x70, 0x0,
    0x0, 0x7f, 0x41, 0xfe, 0x20, 0x0, 0x2e, 0xe0,
    0x6, 0xff, 0xba, 0xbf, 0xf5, 0x0, 0x4, 0xbe,
    0xfe, 0xa3, 0x0,

    /* U+0169 "ũ" */
    0x3, 0xed, 0x55, 0xf0, 0xb, 0xa7, 0xef, 0x80,
    0x3, 0x10, 0x2, 0x0, 0x0, 0x0, 0x0, 0x0,
    0xdb, 0x0, 0x0, 0xdb, 0xdb, 0x0, 0x0, 0xdb,
    0xdb, 0x0, 0x0, 0xdb, 0xdb, 0x0, 0x0, 0xdb,
    0xdb, 0x0, 0x0, 0xdb, 0xdb, 0x0, 0x0, 0xeb,
    0xdc, 0x0, 0x0, 0xfb, 0xbe, 0x0, 0x5, 0xfb,
    0x6f, 0xc7, 0x9f, 0xdb, 0x7, 0xef, 0xc3, 0xbb,

    /* U+016A "Ū" */
    0x0, 0x1, 0x11, 0x11, 0x0, 0x0, 0x0, 0xff,
    0xff, 0xf7, 0x0, 0x0, 0x4, 0x44, 0x44, 0x10,
    0x9, 0xf2, 0x0, 0x0, 0x2, 0xf8, 0x9f, 0x20,
    0x0, 0x0, 0x2f, 0x89, 0xf2, 0x0, 0x0, 0x2,
    0xf8, 0x9f, 0x20, 0x0, 0x0, 0x2f, 0x89, 0xf2,
    0x0, 0x0, 0x2, 0xf8, 0x9f, 0x20, 0x0, 0x0,
    0x2f, 0x89, 0xf2, 0x0, 0x0, 0x2, 0xf8, 0x9f,
    0x20, 0x0, 0x0, 0x2f, 0x88, 0xf2, 0x0, 0x0,
    0x2, 0xf8, 0x7f, 0x30, 0x0, 0x0, 0x4f, 0x75,
    0xf7, 0x0, 0x0, 0x7, 0xf4, 0x1f, 0xe2, 0x0,
    0x2, 0xee, 0x0, 0x6f, 0xfb, 0xab, 0xff, 0x50,
    0x0, 0x4b, 0xef, 0xea, 0x30, 0x0,

    /* U+016B "ū" */
    0x0, 0x11, 0x11, 0x10, 0xa, 0xff, 0xff, 0xd0,
    0x2, 0x44, 0x44, 0x30, 0x0, 0x0, 0x0, 0x0,
    0xdb, 0x0, 0x0, 0xdb, 0xdb, 0x0, 0x0, 0xdb,
    0xdb, 0x0, 0x0, 0xdb, 0xdb, 0x0, 0x0, 0xdb,
    0xdb, 0x0, 0x0, 0xdb, 0xdb, 0x0, 0x0, 0xeb,
    0xdc, 0x0, 0x0, 0xfb, 0xbe, 0x0, 0x5, 0xfb,
    0x6f, 0xc7, 0x9f, 0xdb, 0x7, 0xef, 0xc3, 0xbb,

    /* U+016C "Ŭ" */
    0x0, 0xe, 0x50, 0x4f, 0x0, 0x0, 0x0, 0x5f,
    0xff, 0x50, 0x0, 0x0, 0x0, 0x1, 0x0, 0x0,
    0x9, 0xf2, 0x0, 0x0, 0x2, 0xf8, 0x9f, 0x20,
    0x0, 0x0, 0x2f, 0x89, 0xf2, 0x0, 0x0, 0x2,
    0xf8, 0x9f, 0x20, 0x0, 0x0, 0x2f, 0x89, 0xf2,
    0x0, 0x0, 0x2, 0xf8, 0x9f, 0x20, 0x0, 0x0,
    0x2f, 0x89, 0xf2, 0x0, 0x0, 0x2, 0xf8, 0x9f,
    0x20, 0x0, 0x0, 0x2f, 0x88, 0xf2, 0x0, 0x0,
    0x2, 0xf8, 0x7f, 0x30, 0x0, 0x0, 0x4f, 0x75,
    0xf7, 0x0, 0x0, 0x7, 0xf4, 0x1f, 0xe2, 0x0,
    0x2, 0xee, 0x0, 0x6f, 0xfb, 0xab, 0xff, 0x50,
    0x0, 0x4b, 0xef, 0xea, 0x30, 0x0,

    /* U+016D "ŭ" */
    0x6, 0xa0, 0x8, 0x90, 0x2, 0xf2, 0x1d, 0x40,
    0x0, 0x7f, 0xf9, 0x0, 0x0, 0x0, 0x10, 0x0,
    0xdb, 0x0, 0x0, 0xdb, 0xdb, 0x0, 0x0, 0xdb,
    0xdb, 0x0, 0x0, 0xdb, 0xdb, 0x0, 0x0, 0xdb,
    0xdb, 0x0, 0x0, 0xdb, 0xdb, 0x0, 0x0, 0xeb,
    0xdc, 0x0, 0x0, 0xfb, 0xbe, 0x0, 0x5, 0xfb,
    0x6f, 0xc7, 0x9f, 0xdb, 0x7, 0xef, 0xc3, 0xbb,

    /* U+016E "Ů" */
    0x0, 0x0, 0x7b, 0x60, 0x0, 0x0, 0x0, 0xa,
    0xa, 0x0, 0x0, 0x0, 0x0, 0x7b, 0x70, 0x0,
    0x9, 0xf2, 0x0, 0x0, 0x2, 0xf8, 0x9f, 0x20,
    0x0, 0x0, 0x2f, 0x89, 0xf2, 0x0, 0x0, 0x2,
    0xf8, 0x9f, 0x20, 0x0, 0x0, 0x2f, 0x89, 0xf2,
    0x0, 0x0, 0x2, 0xf8, 0x9f, 0x20, 0x0, 0x0,
    0x2f, 0x89, 0xf2, 0x0, 0x0, 0x2, 0xf8, 0x9f,
    0x20, 0x0, 0x0, 0x2f, 0x88, 0xf2, 0x0, 0x0,
    0x2, 0xf8, 0x7f, 0x30, 0x0, 0x0, 0x4f, 0x75,
    0xf7, 0x0, 0x0, 0x7, 0xf4, 0x1f, 0xe2, 0x0,
    0x2, 0xee, 0x0, 0x6f, 0xfb, 0xab, 0xff, 0x50,
    0x0, 0x4b, 0xef, 0xea, 0x30, 0x0,

    /* U+016F "ů" */
    0x0, 0x3b, 0xb2, 0x0, 0x0, 0x92, 0x37, 0x0,
    0x0, 0x2b, 0xa1, 0x0, 0x0, 0x0, 0x0, 0x0,
    0xdb, 0x0, 0x0, 0xdb, 0xdb, 0x0, 0x0, 0xdb,
    0xdb, 0x0, 0x0, 0xdb, 0xdb, 0x0, 0x0, 0xdb,
    0xdb, 0x0, 0x0, 0xdb, 0xdb, 0x0, 0x0, 0xeb,
    0xdc, 0x0, 0x0, 0xfb, 0xbe, 0x0, 0x5, 0xfb,
    0x6f, 0xc7, 0x9f, 0xdb, 0x7, 0xef, 0xc3, 0xbb,

    /* U+0170 "Ű" */
    0x0, 0x1, 0xfd, 0x1e, 0xd0, 0x0, 0x0, 0x7f,
    0x26, 0xf3, 0x0, 0x0, 0x7, 0x50, 0x66, 0x0,
    0x9, 0xf2, 0x0, 0x0, 0x2, 0xf8, 0x9f, 0x20,
    0x0, 0x0, 0x2f, 0x89, 0xf2, 0x0, 0x0, 0x2,
    0xf8, 0x9f, 0x20, 0x0, 0x0, 0x2f, 0x89, 0xf2,
    0x0, 0x0, 0x2, 0xf8, 0x9f, 0x20, 0x0, 0x0,
    0x2f, 0x89, 0xf2, 0x0, 0x0, 0x2, 0xf8, 0x9f,
    0x20, 0x0, 0x0, 0x2f, 0x88, 0xf2, 0x0, 0x0,
    0x2, 0xf8, 0x7f, 0x30, 0x0, 0x0, 0x4f, 0x75,
    0xf7, 0x0, 0x0, 0x7, 0xf4, 0x1f, 0xe2, 0x0,
    0x2, 0xee, 0x0, 0x6f, 0xfb, 0xab, 0xff, 0x50,
    0x0, 0x4b, 0xef, 0xea, 0x30, 0x0,

    /* U+0171 "ű" */
    0x1, 0xfd, 0x1e, 0xd0, 0x7, 0xf2, 0x6f, 0x30,
    0x7, 0x50, 0x65, 0x0, 0x0, 0x0, 0x0, 0x0,
    0xdb, 0x0, 0x0, 0xdb, 0xdb, 0x0, 0x0, 0xdb,
    0xdb, 0x0, 0x0, 0xdb, 0xdb, 0x0, 0x0, 0xdb,
    0xdb, 0x0, 0x0, 0xdb, 0xdb, 0x0, 0x0, 0xeb,
    0xdc, 0x0, 0x0, 0xfb, 0xbe, 0x0, 0x5, 0xfb,
    0x6f, 0xc7, 0x9f, 0xdb, 0x7, 0xef, 0xc3, 0xbb,

    /* U+0172 "Ų" */
    0x9f, 0x20, 0x0, 0x0, 0x2f, 0x89, 0xf2, 0x0,
    0x0, 0x2, 0xf8, 0x9f, 0x20, 0x0, 0x0, 0x2f,
    0x89, 0xf2, 0x0, 0x0, 0x2, 0xf8, 0x9f, 0x20,
    0x0, 0x0, 0x2f, 0x89, 0xf2, 0x0, 0x0, 0x2,
    0xf8, 0x9f, 0x20, 0x0, 0x0, 0x2f, 0x89, 0xf2,
    0x0, 0x0, 0x2, 0xf8, 0x8f, 0x20, 0x0, 0x0,
    0x2f, 0x87, 0xf3, 0x0, 0x0, 0x4, 0xf7, 0x5f,
    0x70, 0x0, 0x0, 0x7f, 0x41, 0xfe, 0x20, 0x0,
    0x2e, 0xe0, 0x6, 0xff, 0xba, 0xbf, 0xf5, 0x0,
    0x4, 0xbe, 0xff, 0xa3, 0x0, 0x0, 0x0, 0xa,
    0x70, 0x0, 0x0, 0x0, 0x2, 0xf1, 0x0, 0x0,
    0x0, 0x0, 0x3f, 0x74, 0x0, 0x0, 0x0, 0x0,
    0xaf, 0x90, 0x0,

    /* U+0173 "ų" */
    0xdb, 0x0, 0x0, 0xdb, 0xd, 0xb0, 0x0, 0xd,
    0xb0, 0xdb, 0x0, 0x0, 0xdb, 0xd, 0xb0, 0x0,
    0xd, 0xb0, 0xdb, 0x0, 0x0, 0xdb, 0xd, 0xb0,
    0x0, 0xe, 0xb0, 0xdc, 0x0, 0x0, 0xfb, 0xb,
    0xe0, 0x0, 0x5f, 0xb0, 0x6f, 0xc7, 0x9f, 0xdb,
    0x0, 0x7e, 0xfc, 0x3d, 0xd0, 0x0, 0x0, 0x2,
    0xd1, 0x0, 0x0, 0x0, 0xa9, 0x0, 0x0, 0x0,
    0xb, 0xd5, 0x10, 0x0, 0x0, 0x4e, 0xe2,

    /* U+0174 "Ŵ" */
    0x0, 0x0, 0x0, 0xc, 0xfa, 0x0, 0x0, 0x0,
    0x0, 0x0, 0x0, 0x9, 0xf5, 0xf7, 0x0, 0x0,
    0x0, 0x0, 0x0, 0x1, 0x75, 0x5, 0x70, 0x0,
    0x0, 0xa, 0xf1, 0x0, 0x0, 0xaf, 0xb0, 0x0,
    0x0, 0xfa, 0x6f, 0x40, 0x0, 0xe, 0xff, 0x0,
    0x0, 0x4f, 0x62, 0xf8, 0x0, 0x2, 0xf9, 0xf3,
    0x0, 0x7, 0xf2, 0xe, 0xb0, 0x0, 0x6f, 0x2f,
    0x70, 0x0, 0xbe, 0x0, 0xae, 0x0, 0xa, 0xc0,
    0xdb, 0x0, 0xe, 0xa0, 0x7, 0xf2, 0x0, 0xe8,
    0x8, 0xf0, 0x2, 0xf6, 0x0, 0x3f, 0x50, 0x2f,
    0x40, 0x4f, 0x40, 0x6f, 0x20, 0x0, 0xf9, 0x7,
    0xf0, 0x0, 0xf8, 0x9, 0xe0, 0x0, 0xb, 0xc0,
    0xbc, 0x0, 0xc, 0xb0, 0xda, 0x0, 0x0, 0x7f,
    0xf, 0x80, 0x0, 0x8f, 0x1f, 0x60, 0x0, 0x3,
    0xf5, 0xf4, 0x0, 0x4, 0xf6, 0xf2, 0x0, 0x0,
    0xf, 0xcf, 0x0, 0x0, 0xf, 0xce, 0x0, 0x0,
    0x0, 0xbf, 0xc0, 0x0, 0x0, 0xcf, 0xa0, 0x0,
    0x0, 0x7, 0xf8, 0x0, 0x0, 0x8, 0xf6, 0x0,
    0x0,

    /* U+0175 "ŵ" */
    0x0, 0x0, 0xa, 0xfc, 0x0, 0x0, 0x0, 0x0,
    0x5, 0xf8, 0xf8, 0x0, 0x0, 0x0, 0x0, 0xa9,
    0x7, 0xb1, 0x0, 0x0, 0x0, 0x0, 0x0, 0x0,
    0x0, 0x0, 0xcd, 0x0, 0x6, 0xf7, 0x0, 0xd,
    0xb8, 0xf1, 0x0, 0xaf, 0xa0, 0x1, 0xf6, 0x3f,
    0x50, 0xe, 0xee, 0x0, 0x5f, 0x20, 0xf9, 0x3,
    0xf7, 0xf2, 0xa, 0xd0, 0xa, 0xd0, 0x7e, 0x1f,
    0x60, 0xe8, 0x0, 0x6f, 0x1b, 0xa0, 0xda, 0x3f,
    0x40, 0x1, 0xf5, 0xf6, 0x9, 0xe7, 0xf0, 0x0,
    0xc, 0xcf, 0x20, 0x5f, 0xda, 0x0, 0x0, 0x8f,
    0xe0, 0x1, 0xff, 0x50, 0x0, 0x3, 0xfa, 0x0,
    0xd, 0xf1, 0x0,

    /* U+0176 "Ŷ" */
    0x0, 0x0, 0x1e, 0xf6, 0x0, 0x0, 0x0, 0x0,
    0xcd, 0x7f, 0x30, 0x0, 0x0, 0x3, 0x83, 0x7,
    0x60, 0x0, 0xaf, 0x60, 0x0, 0x0, 0x6, 0xf8,
    0x1f, 0xe1, 0x0, 0x0, 0x1f, 0xd0, 0x6, 0xfa,
    0x0, 0x0, 0xaf, 0x40, 0x0, 0xcf, 0x30, 0x3,
    0xfa, 0x0, 0x0, 0x3f, 0xc0, 0xd, 0xe1, 0x0,
    0x0, 0x9, 0xf6, 0x6f, 0x50, 0x0, 0x0, 0x0,
    0xee, 0xeb, 0x0, 0x0, 0x0, 0x0, 0x5f, 0xf1,
    0x0, 0x0, 0x0, 0x0, 0xf, 0xb0, 0x0, 0x0,
    0x0, 0x0, 0xf, 0xb0, 0x0, 0x0, 0x0, 0x0,
    0xf, 0xb0, 0x0, 0x0, 0x0, 0x0, 0xf, 0xb0,
    0x0, 0x0, 0x0, 0x0, 0xf, 0xb0, 0x0, 0x0,
    0x0, 0x0, 0xf, 0xb0, 0x0, 0x0,

    /* U+0177 "ŷ" */
    0x0, 0x5, 0xff, 0x20, 0x0, 0x1, 0xeb, 0xdc,
    0x0, 0x0, 0x7b, 0x13, 0xb4, 0x0, 0x0, 0x0,
    0x0, 0x0, 0x8f, 0x20, 0x0, 0xe, 0xa2, 0xf8,
    0x0, 0x4, 0xf5, 0xd, 0xd0, 0x0, 0x9f, 0x0,
    0x7f, 0x20, 0xe, 0x90, 0x1, 0xf8, 0x4, 0xf4,
    0x0, 0xc, 0xd0, 0xae, 0x0, 0x0, 0x6f, 0x2e,
    0x90, 0x0, 0x1, 0xfa, 0xf3, 0x0, 0x0, 0xb,
    0xfd, 0x0, 0x0, 0x0, 0x5f, 0x80, 0x0, 0x0,
    0x5, 0xf2, 0x0, 0x0, 0x0, 0xbc, 0x0, 0x0,
    0xa, 0xcf, 0x50, 0x0, 0x0, 0xdf, 0x80, 0x0,
    0x0,

    /* U+0178 "Ÿ" */
    0x0, 0x8, 0xf2, 0x3f, 0x60, 0x0, 0x0, 0x7,
    0xe2, 0x3e, 0x60, 0x0, 0xaf, 0x60, 0x0, 0x0,
    0x6, 0xf8, 0x1f, 0xe1, 0x0, 0x0, 0x1f, 0xd0,
    0x6, 0xfa, 0x0, 0x0, 0xaf, 0x40, 0x0, 0xcf,
    0x30, 0x3, 0xfa, 0x0, 0x0, 0x3f, 0xc0, 0xd,
    0xe1, 0x0, 0x0, 0x9, 0xf6, 0x6f, 0x50, 0x0,
    0x0, 0x0, 0xee, 0xeb, 0x0, 0x0, 0x0, 0x0,
    0x5f, 0xf1, 0x0, 0x0, 0x0, 0x0, 0xf, 0xb0,
    0x0, 0x0, 0x0, 0x0, 0xf, 0xb0, 0x0, 0x0,
    0x0, 0x0, 0xf, 0xb0, 0x0, 0x0, 0x0, 0x0,
    0xf, 0xb0, 0x0, 0x0, 0x0, 0x0, 0xf, 0xb0,
    0x0, 0x0, 0x0, 0x0, 0xf, 0xb0, 0x0, 0x0,

    /* U+0179 "Ź" */
    0x0, 0x0, 0xe, 0xe1, 0x0, 0x0, 0x0, 0x5,
    0xf4, 0x0, 0x0, 0x0, 0x0, 0x66, 0x0, 0x0,
    0x0, 0xef, 0xff, 0xff, 0xff, 0xf5, 0x8, 0x99,
    0x99, 0x99, 0xff, 0x40, 0x0, 0x0, 0x0, 0x6f,
    0xa0, 0x0, 0x0, 0x0, 0x3f, 0xd1, 0x0, 0x0,
    0x0, 0xd, 0xf3, 0x0, 0x0, 0x0, 0xa, 0xf7,
    0x0, 0x0, 0x0, 0x6, 0xfb, 0x0, 0x0, 0x0,
    0x2, 0xfe, 0x10, 0x0, 0x0, 0x0, 0xcf, 0x40,
    0x0, 0x0, 0x0, 0x9f, 0x80, 0x0, 0x0, 0x0,
    0x4f, 0xc0, 0x0, 0x0, 0x0, 0x1e, 0xe1, 0x0,
    0x0, 0x0, 0x9, 0xfc, 0x99, 0x99, 0x99, 0x95,
    0xaf, 0xff, 0xff, 0xff, 0xff, 0x80,

    /* U+017A "ź" */
    0x0, 0x0, 0x9f, 0x50, 0x0, 0x0, 0x1f, 0x80,
    0x0, 0x0, 0x3, 0x80, 0x0, 0x0, 0x0, 0x0,
    0x0, 0x0, 0x4f, 0xff, 0xff, 0xff, 0x51, 0x55,
    0x55, 0x5f, 0xe1, 0x0, 0x0, 0xa, 0xf3, 0x0,
    0x0, 0x7, 0xf7, 0x0, 0x0, 0x4, 0xfa, 0x0,
    0x0, 0x2, 0xed, 0x0, 0x0, 0x0, 0xde, 0x20,
    0x0, 0x0, 0xbf, 0x40, 0x0, 0x0, 0x7f, 0xb6,
    0x66, 0x66, 0x4a, 0xff, 0xff, 0xff, 0xf9,

    /* U+017B "Ż" */
    0x0, 0x0, 0x1, 0x0, 0x0, 0x0, 0x0, 0x5,
    0xfa, 0x0, 0x0, 0x0, 0x0, 0x5f, 0xa0, 0x0,
    0x0, 0xef, 0xff, 0xff, 0xff, 0xf5, 0x8, 0x99,
    0x99, 0x99, 0xff, 0x40, 0x0, 0x0, 0x0, 0x6f,
    0xa0, 0x0, 0x0, 0x0, 0x3f, 0xd1, 0x0, 0x0,
    0x0, 0xd, 0xf3, 0x0, 0x0, 0x0, 0xa, 0xf7,
    0x0, 0x0, 0x0, 0x6, 0xfb, 0x0, 0x0, 0x0,
    0x2, 0xfe, 0x10, 0x0, 0x0, 0x0, 0xcf, 0x40,
    0x0, 0x0, 0x0, 0x9f, 0x80, 0x0, 0x0, 0x0,
    0x4f, 0xc0, 0x0, 0x0, 0x0, 0x1e, 0xe1, 0x0,
    0x0, 0x0, 0x9, 0xfc, 0x99, 0x99, 0x99, 0x95,
    0xaf, 0xff, 0xff, 0xff, 0xff, 0x80,

    /* U+017C "ż" */
    0x0, 0x8, 0xf7, 0x0, 0x0, 0x0, 0x8f, 0x70,
    0x0, 0x0, 0x0, 0x0, 0x0, 0x0, 0x0, 0x0,
    0x0, 0x0, 0x4f, 0xff, 0xff, 0xff, 0x51, 0x55,
    0x55, 0x5f, 0xe1, 0x0, 0x0, 0xa, 0xf3, 0x0,
    0x0, 0x7, 0xf7, 0x0, 0x0, 0x4, 0xfa, 0x0,
    0x0, 0x2, 0xed, 0x0, 0x0, 0x0, 0xde, 0x20,
    0x0, 0x0, 0xbf, 0x40, 0x0, 0x0, 0x7f, 0xb6,
    0x66, 0x66, 0x4a, 0xff, 0xff, 0xff, 0xf9,

    /* U+017D "Ž" */
    0x0, 0xc, 0xd0, 0xcd, 0x10, 0x0, 0x0, 0x2f,
    0xcf, 0x30, 0x0, 0x0, 0x0, 0x48, 0x40, 0x0,
    0x0, 0xef, 0xff, 0xff, 0xff, 0xf5, 0x8, 0x99,
    0x99, 0x99, 0xff, 0x40, 0x0, 0x0, 0x0, 0x6f,
    0xa0, 0x0, 0x0, 0x0, 0x3f, 0xd1, 0x0, 0x0,
    0x0, 0xd, 0xf3, 0x0, 0x0, 0x0, 0xa, 0xf7,
    0x0, 0x0, 0x0, 0x6, 0xfb, 0x0, 0x0, 0x0,
    0x2, 0xfe, 0x10, 0x0, 0x0, 0x0, 0xcf, 0x40,
    0x0, 0x0, 0x0, 0x9f, 0x80, 0x0, 0x0, 0x0,
    0x4f, 0xc0, 0x0, 0x0, 0x0, 0x1e, 0xe1, 0x0,
    0x0, 0x0, 0x9, 0xfc, 0x99, 0x99, 0x99, 0x95,
    0xaf, 0xff, 0xff, 0xff, 0xff, 0x80,

    /* U+017E "ž" */
    0x0, 0xaf, 0x29, 0xf3, 0x0, 0x1, 0xed, 0xf7,
    0x0, 0x0, 0x4, 0xb9, 0x0, 0x0, 0x0, 0x0,
    0x0, 0x0, 0x4f, 0xff, 0xff, 0xff, 0x51, 0x55,
    0x55, 0x5f, 0xe1, 0x0, 0x0, 0xa, 0xf3, 0x0,
    0x0, 0x7, 0xf7, 0x0, 0x0, 0x4, 0xfa, 0x0,
    0x0, 0x2, 0xed, 0x0, 0x0, 0x0, 0xde, 0x20,
    0x0, 0x0, 0xbf, 0x40, 0x0, 0x0, 0x7f, 0xb6,
    0x66, 0x66, 0x4a, 0xff, 0xff, 0xff, 0xf9,

    /* U+017F "ſ" */
    0x1b, 0xfe, 0x29, 0xfa, 0x90, 0xcd, 0x0, 0xc,
    0xc0, 0x0, 0xcc, 0x0, 0xc, 0xc0, 0x0, 0xcc,
    0x0, 0xc, 0xc0, 0x0, 0xcc, 0x0, 0xc, 0xc0,
    0x0, 0xcc, 0x0, 0xc, 0xc0, 0x0, 0xcc, 0x0,
    0xc, 0xc0, 0x0,

    /* U+F071 "" */
    0x0, 0x0, 0x0, 0x0, 0x1, 0xcd, 0x40, 0x0,
    0x0, 0x0, 0x0, 0x0, 0x0, 0x0, 0x0, 0xa,
    0xff, 0xe0, 0x0, 0x0, 0x0, 0x0, 0x0, 0x0,
    0x0, 0x0, 0x3f, 0xff, 0xf8, 0x0, 0x0, 0x0,
    0x0, 0x0, 0x0, 0x0, 0x0, 0xcf, 0xff, 0xff,
    0x20, 0x0, 0x0, 0x0, 0x0, 0x0, 0x0, 0x5,
    0xff, 0xff, 0xff, 0xb0, 0x0, 0x0, 0x0, 0x0,
    0x0, 0x0, 0xe, 0xff, 0xff, 0xff, 0xf4, 0x0,
    0x0, 0x0, 0x0, 0x0, 0x0, 0x8f, 0xfc, 0x33,
    0x8f, 0xfd, 0x0, 0x0, 0x0, 0x0, 0x0, 0x1,
    0xff, 0xfa, 0x0, 0x5f, 0xff, 0x60, 0x0, 0x0,
    0x0, 0x0, 0xa, 0xff, 0xfb, 0x0, 0x6f, 0xff,
    0xe0, 0x0, 0x0, 0x0, 0x0, 0x3f, 0xff, 0xfc,
    0x0, 0x7f, 0xff, 0xf8, 0x0, 0x0, 0x0, 0x0,
    0xcf, 0xff, 0xfd, 0x0, 0x8f, 0xff, 0xff, 0x20,
    0x0, 0x0, 0x5, 0xff, 0xff, 0xfe, 0x0, 0x9f,
    0xff, 0xff, 0xb0, 0x0, 0x0, 0xe, 0xff, 0xff,
    0xff, 0xdb, 0xff, 0xff, 0xff, 0xf4, 0x0, 0x0,
    0x8f, 0xff, 0xff, 0xfc, 0x0, 0x8f, 0xff, 0xff,
    0xfd, 0x0, 0x1, 0xff, 0xff, 0xff, 0xf9, 0x0,
    0x4f, 0xff, 0xff, 0xff, 0x60, 0xa, 0xff, 0xff,
    0xff, 0xff, 0x42, 0xcf, 0xff, 0xff, 0xff, 0xe0,
    0xe, 0xff, 0xff, 0xff, 0xff, 0xff, 0xff, 0xff,
    0xff, 0xff, 0xf3, 0x9, 0xff, 0xff, 0xff, 0xff,
    0xff, 0xff, 0xff, 0xff, 0xff, 0xd0, 0x0, 0x23,
    0x33, 0x33, 0x33, 0x33, 0x33, 0x33, 0x33, 0x33,
    0x0,

    /* U+F1EB "" */
    0x0, 0x0, 0x0, 0x0, 0x0, 0x0, 0x0, 0x0,
    0x0, 0x0, 0x0, 0x0, 0x0, 0x0, 0x0, 0x36,
    0x89, 0xa9, 0x74, 0x10, 0x0, 0x0, 0x0, 0x0,
    0x0, 0x29, 0xef, 0xff, 0xff, 0xff, 0xff, 0xc6,
    0x0, 0x0, 0x0, 0x1, 0xaf, 0xff, 0xff, 0xff,
    0xff, 0xff, 0xff, 0xfe, 0x60, 0x0, 0x5, 0xff,
    0xff, 0xfc, 0x75, 0x43, 0x46, 0x9e, 0xff, 0xff,
    0xc1, 0x8, 0xff, 0xff, 0x81, 0x0, 0x0, 0x0,
    0x0, 0x3, 0xbf, 0xff, 0xe2, 0xbf, 0xfb, 0x10,
    0x0, 0x0, 0x0, 0x0, 0x0, 0x0, 0x4e, 0xff,
    0x40, 0xa7, 0x0, 0x0, 0x59, 0xde, 0xfe, 0xc7,
    0x20, 0x0, 0x1b, 0x50, 0x0, 0x0, 0x4, 0xdf,
    0xff, 0xff, 0xff, 0xff, 0xa1, 0x0, 0x0, 0x0,
    0x0, 0x9, 0xff, 0xff, 0xfe, 0xde, 0xff, 0xff,
    0xe3, 0x0, 0x0, 0x0, 0x0, 0xcf, 0xfc, 0x50,
    0x0, 0x2, 0x7e, 0xff, 0x50, 0x0, 0x0, 0x0,
    0x1, 0xb6, 0x0, 0x0, 0x0, 0x0, 0x1b, 0x60,
    0x0, 0x0, 0x0, 0x0, 0x0, 0x0, 0x0, 0x35,
    0x10, 0x0, 0x0, 0x0, 0x0, 0x0, 0x0, 0x0,
    0x0, 0x0, 0x6f, 0xfe, 0x10, 0x0, 0x0, 0x0,
    0x0, 0x0, 0x0, 0x0, 0x0, 0xe, 0xff, 0xf7,
    0x0, 0x0, 0x0, 0x0, 0x0, 0x0, 0x0, 0x0,
    0x0, 0xdf, 0xff, 0x60, 0x0, 0x0, 0x0, 0x0,
    0x0, 0x0, 0x0, 0x0, 0x4, 0xef, 0xb0, 0x0,
    0x0, 0x0, 0x0, 0x0, 0x0, 0x0, 0x0, 0x0,
    0x0, 0x10, 0x0, 0x0, 0x0, 0x0, 0x0
};


/*---------------------
 *  GLYPH DESCRIPTION
 *--------------------*/

static const lv_font_fmt_txt_glyph_dsc_t glyph_dsc[] = {
    {.bitmap_index = 0, .adv_w = 0, .box_w = 0, .box_h = 0, .ofs_x = 0, .ofs_y = 0} /* id = 0 reserved */,
    {.bitmap_index = 0, .adv_w = 80, .box_w = 0, .box_h = 0, .ofs_x = 0, .ofs_y = 0},
    {.bitmap_index = 0, .adv_w = 80, .box_w = 3, .box_h = 14, .ofs_x = 1, .ofs_y = 0},
    {.bitmap_index = 21, .adv_w = 102, .box_w = 6, .box_h = 5, .ofs_x = 0, .ofs_y = 9},
    {.bitmap_index = 36, .adv_w = 160, .box_w = 10, .box_h = 14, .ofs_x = 0, .ofs_y = 0},
    {.bitmap_index = 106, .adv_w = 160, .box_w = 10, .box_h = 17, .ofs_x = 0, .ofs_y = -2},
    {.bitmap_index = 191, .adv_w = 256, .box_w = 14, .box_h = 14, .ofs_x = 1, .ofs_y = 0},
    {.bitmap_index = 289, .adv_w = 192, .box_w = 12, .box_h = 15, .ofs_x = 0, .ofs_y = -1},
    {.bitmap_index = 379, .adv_w = 55, .box_w = 3, .box_h = 5, .ofs_x = 0, .ofs_y = 9},
    {.bitmap_index = 387, .adv_w = 96, .box_w = 5, .box_h = 18, .ofs_x = 1, .ofs_y = -4},
    {.bitmap_index = 432, .adv_w = 96, .box_w = 5, .box_h = 18, .ofs_x = 1, .ofs_y = -4},
    {.bitmap_index = 477, .adv_w = 112, .box_w = 7, .box_h = 6, .ofs_x = 0, .ofs_y = 8},
    {.bitmap_index = 498, .adv_w = 168, .box_w = 9, .box_h = 9, .ofs_x = 1, .ofs_y = 2},
    {.bitmap_index = 539, .adv_w = 80, .box_w = 3, .box_h = 5, .ofs_x = 1, .ofs_y = -3},
    {.bitmap_index = 547, .adv_w = 96, .box_w = 6, .box_h = 2, .ofs_x = 0, .ofs_y = 4},
    {.bitmap_index = 553, .adv_w = 80, .box_w = 3, .box_h = 2, .ofs_x = 1, .ofs_y = 0},
    {.bitmap_index = 556, .adv_w = 80, .box_w = 5, .box_h = 14, .ofs_x = 0, .ofs_y = 0},
    {.bitmap_index = 591, .adv_w = 160, .box_w = 10, .box_h = 14, .ofs_x = 0, .ofs_y = 0},
    {.bitmap_index = 661, .adv_w = 160, .box_w = 6, .box_h = 14, .ofs_x = 1, .ofs_y = 0},
    {.bitmap_index = 703, .adv_w = 160, .box_w = 10, .box_h = 14, .ofs_x = 0, .ofs_y = 0},
    {.bitmap_index = 773, .adv_w = 160, .box_w = 10, .box_h = 14, .ofs_x = 0, .ofs_y = 0},
    {.bitmap_index = 843, .adv_w = 160, .box_w = 10, .box_h = 14, .ofs_x = 0, .ofs_y = 0},
    {.bitmap_index = 913, .adv_w = 160, .box_w = 10, .box_h = 14, .ofs_x = 0, .ofs_y = 0},
    {.bitmap_index = 983, .adv_w = 160, .box_w = 10, .box_h = 14, .ofs_x = 0, .ofs_y = 0},
    {.bitmap_index = 1053, .adv_w = 160, .box_w = 10, .box_h = 14, .ofs_x = 0, .ofs_y = 0},
    {.bitmap_index = 1123, .adv_w = 160, .box_w = 10, .box_h = 14, .ofs_x = 0, .ofs_y = 0},
    {.bitmap_index = 1193, .adv_w = 160, .box_w = 10, .box_h = 14, .ofs_x = 0, .ofs_y = 0},
    {.bitmap_index = 1263, .adv_w = 80, .box_w = 3, .box_h = 10, .ofs_x = 1, .ofs_y = 0},
    {.bitmap_index = 1278, .adv_w = 80, .box_w = 3, .box_h = 13, .ofs_x = 1, .ofs_y = -3},
    {.bitmap_index = 1298, .adv_w = 168, .box_w = 10, .box_h = 10, .ofs_x = 0, .ofs_y = 2},
    {.bitmap_index = 1348, .adv_w = 168, .box_w = 9, .box_h = 6, .ofs_x = 1, .ofs_y = 4},
    {.bitmap_index = 1375, .adv_w = 168, .box_w = 10, .box_h = 10, .ofs_x = 0, .ofs_y = 2},
    {.bitmap_index = 1425, .adv_w = 160, .box_w = 10, .box_h = 14, .ofs_x = 0, .ofs_y = 0},
    {.bitmap_index = 1495, .adv_w = 292, .box_w = 18, .box_h = 18, .ofs_x = 0, .ofs_y = -4},
    {.bitmap_index = 1657, .adv_w = 192, .box_w = 14, .box_h = 14, .ofs_x = -1, .ofs_y = 0},
    {.bitmap_index = 1755, .adv_w = 192, .box_w = 11, .box_h = 14, .ofs_x = 1, .ofs_y = 0},
    {.bitmap_index = 1832, .adv_w = 208, .box_w = 13, .box_h = 14, .ofs_x = 0, .ofs_y = 0},
    {.bitmap_index = 1923, .adv_w = 208, .box_w = 12, .box_h = 14, .ofs_x = 1, .ofs_y = 0},
    {.bitmap_index = 2007, .adv_w = 192, .box_w = 11, .box_h = 14, .ofs_x = 1, .ofs_y = 0},
    {.bitmap_index = 2084, .adv_w = 176, .box_w = 10, .box_h = 14, .ofs_x = 1, .ofs_y = 0},
    {.bitmap_index = 2154, .adv_w = 224, .box_w = 13, .box_h = 14, .ofs_x = 0, .ofs_y = 0},
    {.bitmap_index = 2245, .adv_w = 208, .box_w = 11, .box_h = 14, .ofs_x = 1, .ofs_y = 0},
    {.bitmap_index = 2322, .adv_w = 80, .box_w = 3, .box_h = 14, .ofs_x = 1, .ofs_y = 0},
    {.bitmap_index = 2343, .adv_w = 144, .box_w = 8, .box_h = 14, .ofs_x = 0, .ofs_y = 0},
    {.bitmap_index = 2399, .adv_w = 192, .box_w = 11, .box_h = 14, .ofs_x = 1, .ofs_y = 0},
    {.bitmap_index = 2476, .adv_w = 160, .box_w = 9, .box_h = 14, .ofs_x = 1, .ofs_y = 0},
    {.bitmap_index = 2539, .adv_w = 240, .box_w = 13, .box_h = 14, .ofs_x = 1, .ofs_y = 0},
    {.bitmap_index = 2630, .adv_w = 208, .box_w = 11, .box_h = 14, .ofs_x = 1, .ofs_y = 0},
    {.bitmap_index = 2707, .adv_w = 224, .box_w = 14, .box_h = 14, .ofs_x = 0, .ofs_y = 0},
    {.bitmap_index = 2805, .adv_w = 192, .box_w = 11, .box_h = 14, .ofs_x = 1, .ofs_y = 0},
    {.bitmap_index = 2882, .adv_w = 224, .box_w = 14, .box_h = 15, .ofs_x = 0, .ofs_y = -1},
    {.bitmap_index = 2987, .adv_w = 208, .box_w = 12, .box_h = 14, .ofs_x = 1, .ofs_y = 0},
    {.bitmap_index = 3071, .adv_w = 192, .box_w = 12, .box_h = 14, .ofs_x = 0, .ofs_y = 0},
    {.bitmap_index = 3155, .adv_w = 176, .box_w = 11, .box_h = 14, .ofs_x = 0, .ofs_y = 0},
    {.bitmap_index = 3232, .adv_w = 208, .box_w = 11, .box_h = 14, .ofs_x = 1, .ofs_y = 0},
    {.bitmap_index = 3309, .adv_w = 192, .box_w = 12, .box_h = 14, .ofs_x = 0, .ofs_y = 0},
    {.bitmap_index = 3393, .adv_w = 272, .box_w = 17, .box_h = 14, .ofs_x = 0, .ofs_y = 0},
    {.bitmap_index = 3512, .adv_w = 192, .box_w = 12, .box_h = 14, .ofs_x = 0, .ofs_y = 0},
    {.bitmap_index = 3596, .adv_w = 192, .box_w = 12, .box_h = 14, .ofs_x = 0, .ofs_y = 0},
    {.bitmap_index = 3680, .adv_w = 176, .box_w = 11, .box_h = 14, .ofs_x = 0, .ofs_y = 0},
    {.bitmap_index = 3757, .adv_w = 80, .box_w = 4, .box_h = 18, .ofs_x = 1, .ofs_y = -4},
    {.bitmap_index = 3793, .adv_w = 80, .box_w = 5, .box_h = 14, .ofs_x = 0, .ofs_y = 0},
    {.bitmap_index = 3828, .adv_w = 80, .box_w = 4, .box_h = 18, .ofs_x = 0, .ofs_y = -4},
    {.bitmap_index = 3864, .adv_w = 135, .box_w = 8, .box_h = 8, .ofs_x = 0, .ofs_y = 6},
    {.bitmap_index = 3896, .adv_w = 160, .box_w = 12, .box_h = 3, .ofs_x = -1, .ofs_y = -5},
    {.bitmap_index = 3914, .adv_w = 96, .box_w = 5, .box_h = 3, .ofs_x = 0, .ofs_y = 11},
    {.bitmap_index = 3922, .adv_w = 160, .box_w = 10, .box_h = 10, .ofs_x = 0, .ofs_y = 0},
    {.bitmap_index = 3972, .adv_w = 160, .box_w = 9, .box_h = 14, .ofs_x = 1, .ofs_y = 0},
    {.bitmap_index = 4035, .adv_w = 144, .box_w = 9, .box_h = 10, .ofs_x = 0, .ofs_y = 0},
    {.bitmap_index = 4080, .adv_w = 160, .box_w = 9, .box_h = 14, .ofs_x = 0, .ofs_y = 0},
    {.bitmap_index = 4143, .adv_w = 160, .box_w = 10, .box_h = 10, .ofs_x = 0, .ofs_y = 0},
    {.bitmap_index = 4193, .adv_w = 80, .box_w = 6, .box_h = 14, .ofs_x = 0, .ofs_y = 0},
    {.bitmap_index = 4235, .adv_w = 160, .box_w = 9, .box_h = 14, .ofs_x = 0, .ofs_y = -4},
    {.bitmap_index = 4298, .adv_w = 160, .box_w = 8, .box_h = 14, .ofs_x = 1, .ofs_y = 0},
    {.bitmap_index = 4354, .adv_w = 64, .box_w = 2, .box_h = 14, .ofs_x = 1, .ofs_y = 0},
    {.bitmap_index = 4368, .adv_w = 64, .box_w = 4, .box_h = 18, .ofs_x = -1, .ofs_y = -4},
    {.bitmap_index = 4404, .adv_w = 144, .box_w = 8, .box_h = 14, .ofs_x = 1, .ofs_y = 0},
    {.bitmap_index = 4460, .adv_w = 64, .box_w = 2, .box_h = 14, .ofs_x = 1, .ofs_y = 0},
    {.bitmap_index = 4474, .adv_w = 240, .box_w = 13, .box_h = 10, .ofs_x = 1, .ofs_y = 0},
    {.bitmap_index = 4539, .adv_w = 160, .box_w = 8, .box_h = 10, .ofs_x = 1, .ofs_y = 0},
    {.bitmap_index = 4579, .adv_w = 160, .box_w = 10, .box_h = 10, .ofs_x = 0, .ofs_y = 0},
    {.bitmap_index = 4629, .adv_w = 160, .box_w = 9, .box_h = 14, .ofs_x = 1, .ofs_y = -4},
    {.bitmap_index = 4692, .adv_w = 160, .box_w = 9, .box_h = 14, .ofs_x = 0, .ofs_y = -4},
    {.bitmap_index = 4755, .adv_w = 96, .box_w = 6, .box_h = 10, .ofs_x = 1, .ofs_y = 0},
    {.bitmap_index = 4785, .adv_w = 144, .box_w = 9, .box_h = 10, .ofs_x = 0, .ofs_y = 0},
    {.bitmap_index = 4830, .adv_w = 80, .box_w = 5, .box_h = 14, .ofs_x = 0, .ofs_y = 0},
    {.bitmap_index = 4865, .adv_w = 160, .box_w = 8, .box_h = 10, .ofs_x = 1, .ofs_y = 0},
    {.bitmap_index = 4905, .adv_w = 144, .box_w = 9, .box_h = 10, .ofs_x = 0, .ofs_y = 0},
    {.bitmap_index = 4950, .adv_w = 208, .box_w = 13, .box_h = 10, .ofs_x = 0, .ofs_y = 0},
    {.bitmap_index = 5015, .adv_w = 144, .box_w = 9, .box_h = 10, .ofs_x = 0, .ofs_y = 0},
    {.bitmap_index = 5060, .adv_w = 144, .box_w = 9, .box_h = 14, .ofs_x = 0, .ofs_y = -4},
    {.bitmap_index = 5123, .adv_w = 144, .box_w = 9, .box_h = 10, .ofs_x = 0, .ofs_y = 0},
    {.bitmap_index = 5168, .adv_w = 96, .box_w = 6, .box_h = 18, .ofs_x = 0, .ofs_y = -4},
    {.bitmap_index = 5222, .adv_w = 75, .box_w = 3, .box_h = 18, .ofs_x = 1, .ofs_y = -4},
    {.bitmap_index = 5249, .adv_w = 96, .box_w = 6, .box_h = 18, .ofs_x = 0, .ofs_y = -4},
    {.bitmap_index = 5303, .adv_w = 168, .box_w = 10, .box_h = 5, .ofs_x = 0, .ofs_y = 4},
    {.bitmap_index = 5328, .adv_w = 80, .box_w = 0, .box_h = 0, .ofs_x = 0, .ofs_y = 0},
    {.bitmap_index = 5328, .adv_w = 96, .box_w = 2, .box_h = 14, .ofs_x = 2, .ofs_y = -4},
    {.bitmap_index = 5342, .adv_w = 160, .box_w = 10, .box_h = 18, .ofs_x = 0, .ofs_y = -4},
    {.bitmap_index = 5432, .adv_w = 160, .box_w = 10, .box_h = 15, .ofs_x = 0, .ofs_y = -1},
    {.bitmap_index = 5507, .adv_w = 160, .box_w = 10, .box_h = 10, .ofs_x = 0, .ofs_y = 2},
    {.bitmap_index = 5557, .adv_w = 160, .box_w = 11, .box_h = 14, .ofs_x = -1, .ofs_y = 0},
    {.bitmap_index = 5634, .adv_w = 75, .box_w = 3, .box_h = 18, .ofs_x = 1, .ofs_y = -4},
    {.bitmap_index = 5661, .adv_w = 160, .box_w = 10, .box_h = 18, .ofs_x = 0, .ofs_y = -4},
    {.bitmap_index = 5751, .adv_w = 96, .box_w = 6, .box_h = 2, .ofs_x = 0, .ofs_y = 12},
    {.bitmap_index = 5757, .adv_w = 212, .box_w = 14, .box_h = 15, .ofs_x = 0, .ofs_y = -1},
    {.bitmap_index = 5862, .adv_w = 107, .box_w = 7, .box_h = 6, .ofs_x = 0, .ofs_y = 7},
    {.bitmap_index = 5883, .adv_w = 160, .box_w = 8, .box_h = 9, .ofs_x = 1, .ofs_y = 1},
    {.bitmap_index = 5919, .adv_w = 168, .box_w = 9, .box_h = 6, .ofs_x = 1, .ofs_y = 4},
    {.bitmap_index = 5946, .adv_w = 96, .box_w = 6, .box_h = 2, .ofs_x = 0, .ofs_y = 4},
    {.bitmap_index = 5952, .adv_w = 212, .box_w = 14, .box_h = 15, .ofs_x = 0, .ofs_y = -1},
    {.bitmap_index = 6057, .adv_w = 159, .box_w = 12, .box_h = 2, .ofs_x = -1, .ofs_y = 14},
    {.bitmap_index = 6069, .adv_w = 115, .box_w = 5, .box_h = 6, .ofs_x = 1, .ofs_y = 8},
    {.bitmap_index = 6084, .adv_w = 158, .box_w = 10, .box_h = 11, .ofs_x = 0, .ofs_y = 0},
    {.bitmap_index = 6139, .adv_w = 96, .box_w = 6, .box_h = 6, .ofs_x = 0, .ofs_y = 7},
    {.bitmap_index = 6157, .adv_w = 96, .box_w = 6, .box_h = 6, .ofs_x = 0, .ofs_y = 7},
    {.bitmap_index = 6175, .adv_w = 96, .box_w = 5, .box_h = 3, .ofs_x = 1, .ofs_y = 11},
    {.bitmap_index = 6183, .adv_w = 166, .box_w = 8, .box_h = 14, .ofs_x = 1, .ofs_y = -4},
    {.bitmap_index = 6239, .adv_w = 155, .box_w = 10, .box_h = 18, .ofs_x = 0, .ofs_y = -4},
    {.bitmap_index = 6329, .adv_w = 96, .box_w = 2, .box_h = 2, .ofs_x = 2, .ofs_y = 6},
    {.bitmap_index = 6331, .adv_w = 96, .box_w = 5, .box_h = 5, .ofs_x = 0, .ofs_y = -5},
    {.bitmap_index = 6344, .adv_w = 96, .box_w = 5, .box_h = 6, .ofs_x = 0, .ofs_y = 7},
    {.bitmap_index = 6359, .adv_w = 105, .box_w = 7, .box_h = 6, .ofs_x = 0, .ofs_y = 7},
    {.bitmap_index = 6380, .adv_w = 160, .box_w = 8, .box_h = 9, .ofs_x = 1, .ofs_y = 1},
    {.bitmap_index = 6416, .adv_w = 240, .box_w = 15, .box_h = 14, .ofs_x = 0, .ofs_y = -1},
    {.bitmap_index = 6521, .adv_w = 240, .box_w = 15, .box_h = 15, .ofs_x = 0, .ofs_y = -1},
    {.bitmap_index = 6634, .adv_w = 240, .box_w = 15, .box_h = 14, .ofs_x = 0, .ofs_y = -1},
    {.bitmap_index = 6739, .adv_w = 176, .box_w = 9, .box_h = 14, .ofs_x = 1, .ofs_y = -4},
    {.bitmap_index = 6802, .adv_w = 192, .box_w = 14, .box_h = 17, .ofs_x = -1, .ofs_y = 0},
    {.bitmap_index = 6921, .adv_w = 192, .box_w = 14, .box_h = 17, .ofs_x = -1, .ofs_y = 0},
    {.bitmap_index = 7040, .adv_w = 192, .box_w = 14, .box_h = 17, .ofs_x = -1, .ofs_y = 0},
    {.bitmap_index = 7159, .adv_w = 192, .box_w = 14, .box_h = 17, .ofs_x = -1, .ofs_y = 0},
    {.bitmap_index = 7278, .adv_w = 192, .box_w = 14, .box_h = 16, .ofs_x = -1, .ofs_y = 0},
    {.bitmap_index = 7390, .adv_w = 192, .box_w = 14, .box_h = 17, .ofs_x = -1, .ofs_y = 0},
    {.bitmap_index = 7509, .adv_w = 288, .box_w = 18, .box_h = 14, .ofs_x = 0, .ofs_y = 0},
    {.bitmap_index = 7635, .adv_w = 208, .box_w = 13, .box_h = 18, .ofs_x = 0, .ofs_y = -4},
    {.bitmap_index = 7752, .adv_w = 192, .box_w = 11, .box_h = 17, .ofs_x = 1, .ofs_y = 0},
    {.bitmap_index = 7846, .adv_w = 192, .box_w = 11, .box_h = 17, .ofs_x = 1, .ofs_y = 0},
    {.bitmap_index = 7940, .adv_w = 192, .box_w = 11, .box_h = 17, .ofs_x = 1, .ofs_y = 0},
    {.bitmap_index = 8034, .adv_w = 192, .box_w = 11, .box_h = 16, .ofs_x = 1, .ofs_y = 0},
    {.bitmap_index = 8122, .adv_w = 80, .box_w = 4, .box_h = 17, .ofs_x = 0, .ofs_y = 0},
    {.bitmap_index = 8156, .adv_w = 80, .box_w = 4, .box_h = 17, .ofs_x = 1, .ofs_y = 0},
    {.bitmap_index = 8190, .adv_w = 80, .box_w = 7, .box_h = 17, .ofs_x = -1, .ofs_y = 0},
    {.bitmap_index = 8250, .adv_w = 80, .box_w = 5, .box_h = 16, .ofs_x = 0, .ofs_y = 0},
    {.bitmap_index = 8290, .adv_w = 208, .box_w = 14, .box_h = 14, .ofs_x = -1, .ofs_y = 0},
    {.bitmap_index = 8388, .adv_w = 208, .box_w = 11, .box_h = 17, .ofs_x = 1, .ofs_y = 0},
    {.bitmap_index = 8482, .adv_w = 224, .box_w = 14, .box_h = 17, .ofs_x = 0, .ofs_y = 0},
    {.bitmap_index = 8601, .adv_w = 224, .box_w = 14, .box_h = 17, .ofs_x = 0, .ofs_y = 0},
    {.bitmap_index = 8720, .adv_w = 224, .box_w = 14, .box_h = 17, .ofs_x = 0, .ofs_y = 0},
    {.bitmap_index = 8839, .adv_w = 224, .box_w = 14, .box_h = 18, .ofs_x = 0, .ofs_y = 0},
    {.bitmap_index = 8965, .adv_w = 224, .box_w = 14, .box_h = 17, .ofs_x = 0, .ofs_y = 0},
    {.bitmap_index = 9084, .adv_w = 168, .box_w = 9, .box_h = 9, .ofs_x = 1, .ofs_y = 2},
    {.bitmap_index = 9125, .adv_w = 224, .box_w = 14, .box_h = 16, .ofs_x = 0, .ofs_y = -1},
    {.bitmap_index = 9237, .adv_w = 208, .box_w = 11, .box_h = 17, .ofs_x = 1, .ofs_y = 0},
    {.bitmap_index = 9331, .adv_w = 208, .box_w = 11, .box_h = 17, .ofs_x = 1, .ofs_y = 0},
    {.bitmap_index = 9425, .adv_w = 208, .box_w = 11, .box_h = 17, .ofs_x = 1, .ofs_y = 0},
    {.bitmap_index = 9519, .adv_w = 208, .box_w = 11, .box_h = 17, .ofs_x = 1, .ofs_y = 0},
    {.bitmap_index = 9613, .adv_w = 192, .box_w = 12, .box_h = 17, .ofs_x = 0, .ofs_y = 0},
    {.bitmap_index = 9715, .adv_w = 192, .box_w = 11, .box_h = 14, .ofs_x = 1, .ofs_y = 0},
    {.bitmap_index = 9792, .adv_w = 176, .box_w = 10, .box_h = 14, .ofs_x = 1, .ofs_y = 0},
    {.bitmap_index = 9862, .adv_w = 160, .box_w = 10, .box_h = 14, .ofs_x = 0, .ofs_y = 0},
    {.bitmap_index = 9932, .adv_w = 160, .box_w = 10, .box_h = 14, .ofs_x = 0, .ofs_y = 0},
    {.bitmap_index = 10002, .adv_w = 160, .box_w = 10, .box_h = 14, .ofs_x = 0, .ofs_y = 0},
    {.bitmap_index = 10072, .adv_w = 160, .box_w = 10, .box_h = 14, .ofs_x = 0, .ofs_y = 0},
    {.bitmap_index = 10142, .adv_w = 160, .box_w = 10, .box_h = 14, .ofs_x = 0, .ofs_y = 0},
    {.bitmap_index = 10212, .adv_w = 160, .box_w = 10, .box_h = 14, .ofs_x = 0, .ofs_y = 0},
    {.bitmap_index = 10282, .adv_w = 256, .box_w = 16, .box_h = 10, .ofs_x = 0, .ofs_y = 0},
    {.bitmap_index = 10362, .adv_w = 144, .box_w = 9, .box_h = 14, .ofs_x = 0, .ofs_y = -4},
    {.bitmap_index = 10425, .adv_w = 160, .box_w = 10, .box_h = 14, .ofs_x = 0, .ofs_y = 0},
    {.bitmap_index = 10495, .adv_w = 160, .box_w = 10, .box_h = 14, .ofs_x = 0, .ofs_y = 0},
    {.bitmap_index = 10565, .adv_w = 160, .box_w = 10, .box_h = 14, .ofs_x = 0, .ofs_y = 0},
    {.bitmap_index = 10635, .adv_w = 160, .box_w = 10, .box_h = 14, .ofs_x = 0, .ofs_y = 0},
    {.bitmap_index = 10705, .adv_w = 80, .box_w = 4, .box_h = 14, .ofs_x = 0, .ofs_y = 0},
    {.bitmap_index = 10733, .adv_w = 80, .box_w = 4, .box_h = 14, .ofs_x = 1, .ofs_y = 0},
    {.bitmap_index = 10761, .adv_w = 80, .box_w = 7, .box_h = 14, .ofs_x = -1, .ofs_y = 0},
    {.bitmap_index = 10810, .adv_w = 80, .box_w = 6, .box_h = 14, .ofs_x = 0, .ofs_y = 0},
    {.bitmap_index = 10852, .adv_w = 160, .box_w = 10, .box_h = 14, .ofs_x = 0, .ofs_y = 0},
    {.bitmap_index = 10922, .adv_w = 160, .box_w = 8, .box_h = 14, .ofs_x = 1, .ofs_y = 0},
    {.bitmap_index = 10978, .adv_w = 160, .box_w = 10, .box_h = 14, .ofs_x = 0, .ofs_y = 0},
    {.bitmap_index = 11048, .adv_w = 160, .box_w = 10, .box_h = 14, .ofs_x = 0, .ofs_y = 0},
    {.bitmap_index = 11118, .adv_w = 160, .box_w = 10, .box_h = 14, .ofs_x = 0, .ofs_y = 0},
    {.bitmap_index = 11188, .adv_w = 160, .box_w = 10, .box_h = 14, .ofs_x = 0, .ofs_y = 0},
    {.bitmap_index = 11258, .adv_w = 160, .box_w = 10, .box_h = 14, .ofs_x = 0, .ofs_y = 0},
    {.bitmap_index = 11328, .adv_w = 158, .box_w = 10, .box_h = 7, .ofs_x = 0, .ofs_y = 3},
    {.bitmap_index = 11363, .adv_w = 176, .box_w = 9, .box_h = 12, .ofs_x = 1, .ofs_y = -1},
    {.bitmap_index = 11417, .adv_w = 160, .box_w = 8, .box_h = 14, .ofs_x = 1, .ofs_y = 0},
    {.bitmap_index = 11473, .adv_w = 160, .box_w = 8, .box_h = 14, .ofs_x = 1, .ofs_y = 0},
    {.bitmap_index = 11529, .adv_w = 160, .box_w = 8, .box_h = 14, .ofs_x = 1, .ofs_y = 0},
    {.bitmap_index = 11585, .adv_w = 160, .box_w = 8, .box_h = 14, .ofs_x = 1, .ofs_y = 0},
    {.bitmap_index = 11641, .adv_w = 144, .box_w = 9, .box_h = 18, .ofs_x = 0, .ofs_y = -4},
    {.bitmap_index = 11722, .adv_w = 160, .box_w = 9, .box_h = 18, .ofs_x = 1, .ofs_y = -4},
    {.bitmap_index = 11803, .adv_w = 144, .box_w = 9, .box_h = 18, .ofs_x = 0, .ofs_y = -4},
    {.bitmap_index = 11884, .adv_w = 192, .box_w = 14, .box_h = 17, .ofs_x = -1, .ofs_y = 0},
    {.bitmap_index = 12003, .adv_w = 160, .box_w = 10, .box_h = 14, .ofs_x = 0, .ofs_y = 0},
    {.bitmap_index = 12073, .adv_w = 192, .box_w = 14, .box_h = 17, .ofs_x = -1, .ofs_y = 0},
    {.bitmap_index = 12192, .adv_w = 160, .box_w = 10, .box_h = 14, .ofs_x = 0, .ofs_y = 0},
    {.bitmap_index = 12262, .adv_w = 192, .box_w = 14, .box_h = 18, .ofs_x = -1, .ofs_y = -4},
    {.bitmap_index = 12388, .adv_w = 160, .box_w = 10, .box_h = 14, .ofs_x = 0, .ofs_y = -4},
    {.bitmap_index = 12458, .adv_w = 208, .box_w = 13, .box_h = 17, .ofs_x = 0, .ofs_y = 0},
    {.bitmap_index = 12569, .adv_w = 144, .box_w = 9, .box_h = 14, .ofs_x = 0, .ofs_y = 0},
    {.bitmap_index = 12632, .adv_w = 208, .box_w = 13, .box_h = 17, .ofs_x = 0, .ofs_y = 0},
    {.bitmap_index = 12743, .adv_w = 144, .box_w = 9, .box_h = 14, .ofs_x = 0, .ofs_y = 0},
    {.bitmap_index = 12806, .adv_w = 208, .box_w = 13, .box_h = 17, .ofs_x = 0, .ofs_y = 0},
    {.bitmap_index = 12917, .adv_w = 144, .box_w = 9, .box_h = 14, .ofs_x = 0, .ofs_y = 0},
    {.bitmap_index = 12980, .adv_w = 208, .box_w = 13, .box_h = 17, .ofs_x = 0, .ofs_y = 0},
    {.bitmap_index = 13091, .adv_w = 144, .box_w = 9, .box_h = 14, .ofs_x = 0, .ofs_y = 0},
    {.bitmap_index = 13154, .adv_w = 208, .box_w = 12, .box_h = 17, .ofs_x = 1, .ofs_y = 0},
    {.bitmap_index = 13256, .adv_w = 177, .box_w = 12, .box_h = 14, .ofs_x = 0, .ofs_y = 0},
    {.bitmap_index = 13340, .adv_w = 208, .box_w = 14, .box_h = 14, .ofs_x = -1, .ofs_y = 0},
    {.bitmap_index = 13438, .adv_w = 160, .box_w = 10, .box_h = 14, .ofs_x = 0, .ofs_y = 0},
    {.bitmap_index = 13508, .adv_w = 192, .box_w = 11, .box_h = 17, .ofs_x = 1, .ofs_y = 0},
    {.bitmap_index = 13602, .adv_w = 160, .box_w = 10, .box_h = 14, .ofs_x = 0, .ofs_y = 0},
    {.bitmap_index = 13672, .adv_w = 192, .box_w = 11, .box_h = 17, .ofs_x = 1, .ofs_y = 0},
    {.bitmap_index = 13766, .adv_w = 160, .box_w = 10, .box_h = 14, .ofs_x = 0, .ofs_y = 0},
    {.bitmap_index = 13836, .adv_w = 192, .box_w = 11, .box_h = 17, .ofs_x = 1, .ofs_y = 0},
    {.bitmap_index = 13930, .adv_w = 160, .box_w = 10, .box_h = 14, .ofs_x = 0, .ofs_y = 0},
    {.bitmap_index = 14000, .adv_w = 192, .box_w = 11, .box_h = 18, .ofs_x = 1, .ofs_y = -4},
    {.bitmap_index = 14099, .adv_w = 160, .box_w = 10, .box_h = 14, .ofs_x = 0, .ofs_y = -4},
    {.bitmap_index = 14169, .adv_w = 192, .box_w = 11, .box_h = 17, .ofs_x = 1, .ofs_y = 0},
    {.bitmap_index = 14263, .adv_w = 160, .box_w = 10, .box_h = 14, .ofs_x = 0, .ofs_y = 0},
    {.bitmap_index = 14333, .adv_w = 224, .box_w = 13, .box_h = 17, .ofs_x = 0, .ofs_y = 0},
    {.bitmap_index = 14444, .adv_w = 160, .box_w = 9, .box_h = 18, .ofs_x = 0, .ofs_y = -4},
    {.bitmap_index = 14525, .adv_w = 224, .box_w = 13, .box_h = 17, .ofs_x = 0, .ofs_y = 0},
    {.bitmap_index = 14636, .adv_w = 160, .box_w = 9, .box_h = 18, .ofs_x = 0, .ofs_y = -4},
    {.bitmap_index = 14717, .adv_w = 224, .box_w = 13, .box_h = 17, .ofs_x = 0, .ofs_y = 0},
    {.bitmap_index = 14828, .adv_w = 160, .box_w = 9, .box_h = 18, .ofs_x = 0, .ofs_y = -4},
    {.bitmap_index = 14909, .adv_w = 224, .box_w = 13, .box_h = 19, .ofs_x = 0, .ofs_y = -5},
    {.bitmap_index = 15033, .adv_w = 160, .box_w = 9, .box_h = 19, .ofs_x = 0, .ofs_y = -4},
    {.bitmap_index = 15119, .adv_w = 208, .box_w = 11, .box_h = 17, .ofs_x = 1, .ofs_y = 0},
    {.bitmap_index = 15213, .adv_w = 160, .box_w = 8, .box_h = 17, .ofs_x = 1, .ofs_y = 0},
    {.bitmap_index = 15281, .adv_w = 208, .box_w = 13, .box_h = 14, .ofs_x = 0, .ofs_y = 0},
    {.bitmap_index = 15372, .adv_w = 160, .box_w = 9, .box_h = 14, .ofs_x = 0, .ofs_y = 0},
    {.bitmap_index = 15435, .adv_w = 80, .box_w = 7, .box_h = 18, .ofs_x = -1, .ofs_y = 0},
    {.bitmap_index = 15498, .adv_w = 80, .box_w = 7, .box_h = 14, .ofs_x = -1, .ofs_y = 0},
    {.bitmap_index = 15547, .adv_w = 80, .box_w = 7, .box_h = 17, .ofs_x = -1, .ofs_y = 0},
    {.bitmap_index = 15607, .adv_w = 80, .box_w = 7, .box_h = 14, .ofs_x = -1, .ofs_y = 0},
    {.bitmap_index = 15656, .adv_w = 80, .box_w = 7, .box_h = 17, .ofs_x = -1, .ofs_y = 0},
    {.bitmap_index = 15716, .adv_w = 80, .box_w = 7, .box_h = 14, .ofs_x = -1, .ofs_y = 0},
    {.bitmap_index = 15765, .adv_w = 80, .box_w = 4, .box_h = 18, .ofs_x = 0, .ofs_y = -4},
    {.bitmap_index = 15801, .adv_w = 64, .box_w = 4, .box_h = 18, .ofs_x = 0, .ofs_y = -4},
    {.bitmap_index = 15837, .adv_w = 80, .box_w = 3, .box_h = 17, .ofs_x = 1, .ofs_y = 0},
    {.bitmap_index = 15863, .adv_w = 80, .box_w = 3, .box_h = 10, .ofs_x = 1, .ofs_y = 0},
    {.bitmap_index = 15878, .adv_w = 212, .box_w = 12, .box_h = 14, .ofs_x = 1, .ofs_y = 0},
    {.bitmap_index = 15962, .adv_w = 128, .box_w = 6, .box_h = 18, .ofs_x = 1, .ofs_y = -4},
    {.bitmap_index = 16016, .adv_w = 144, .box_w = 10, .box_h = 17, .ofs_x = 0, .ofs_y = 0},
    {.bitmap_index = 16101, .adv_w = 64, .box_w = 6, .box_h = 18, .ofs_x = -1, .ofs_y = -4},
    {.bitmap_index = 16155, .adv_w = 192, .box_w = 11, .box_h = 20, .ofs_x = 1, .ofs_y = -6},
    {.bitmap_index = 16265, .adv_w = 144, .box_w = 8, .box_h = 20, .ofs_x = 1, .ofs_y = -6},
    {.bitmap_index = 16345, .adv_w = 144, .box_w = 8, .box_h = 10, .ofs_x = 1, .ofs_y = 0},
    {.bitmap_index = 16385, .adv_w = 160, .box_w = 9, .box_h = 17, .ofs_x = 1, .ofs_y = 0},
    {.bitmap_index = 16462, .adv_w = 64, .box_w = 4, .box_h = 17, .ofs_x = 0, .ofs_y = 0},
    {.bitmap_index = 16496, .adv_w = 160, .box_w = 9, .box_h = 20, .ofs_x = 1, .ofs_y = -6},
    {.bitmap_index = 16586, .adv_w = 64, .box_w = 3, .box_h = 20, .ofs_x = 0, .ofs_y = -6},
    {.bitmap_index = 16616, .adv_w = 160, .box_w = 9, .box_h = 14, .ofs_x = 1, .ofs_y = 0},
    {.bitmap_index = 16679, .adv_w = 84, .box_w = 5, .box_h = 14, .ofs_x = 1, .ofs_y = 0},
    {.bitmap_index = 16714, .adv_w = 160, .box_w = 9, .box_h = 14, .ofs_x = 1, .ofs_y = 0},
    {.bitmap_index = 16777, .adv_w = 96, .box_w = 5, .box_h = 14, .ofs_x = 1, .ofs_y = 0},
    {.bitmap_index = 16812, .adv_w = 160, .box_w = 10, .box_h = 14, .ofs_x = 0, .ofs_y = 0},
    {.bitmap_index = 16882, .adv_w = 64, .box_w = 4, .box_h = 14, .ofs_x = 0, .ofs_y = 0},
    {.bitmap_index = 16910, .adv_w = 208, .box_w = 11, .box_h = 17, .ofs_x = 1, .ofs_y = 0},
    {.bitmap_index = 17004, .adv_w = 160, .box_w = 8, .box_h = 14, .ofs_x = 1, .ofs_y = 0},
    {.bitmap_index = 17060, .adv_w = 208, .box_w = 11, .box_h = 20, .ofs_x = 1, .ofs_y = -6},
    {.bitmap_index = 17170, .adv_w = 160, .box_w = 8, .box_h = 16, .ofs_x = 1, .ofs_y = -6},
    {.bitmap_index = 17234, .adv_w = 208, .box_w = 11, .box_h = 17, .ofs_x = 1, .ofs_y = 0},
    {.bitmap_index = 17328, .adv_w = 160, .box_w = 8, .box_h = 14, .ofs_x = 1, .ofs_y = 0},
    {.bitmap_index = 17384, .adv_w = 174, .box_w = 11, .box_h = 14, .ofs_x = -1, .ofs_y = 0},
    {.bitmap_index = 17461, .adv_w = 208, .box_w = 12, .box_h = 14, .ofs_x = 1, .ofs_y = 0},
    {.bitmap_index = 17545, .adv_w = 160, .box_w = 8, .box_h = 14, .ofs_x = 1, .ofs_y = -4},
    {.bitmap_index = 17601, .adv_w = 224, .box_w = 14, .box_h = 17, .ofs_x = 0, .ofs_y = 0},
    {.bitmap_index = 17720, .adv_w = 160, .box_w = 10, .box_h = 14, .ofs_x = 0, .ofs_y = 0},
    {.bitmap_index = 17790, .adv_w = 224, .box_w = 14, .box_h = 17, .ofs_x = 0, .ofs_y = 0},
    {.bitmap_index = 17909, .adv_w = 160, .box_w = 10, .box_h = 14, .ofs_x = 0, .ofs_y = 0},
    {.bitmap_index = 17979, .adv_w = 224, .box_w = 14, .box_h = 17, .ofs_x = 0, .ofs_y = 0},
    {.bitmap_index = 18098, .adv_w = 160, .box_w = 10, .box_h = 14, .ofs_x = 0, .ofs_y = 0},
    {.bitmap_index = 18168, .adv_w = 288, .box_w = 17, .box_h = 14, .ofs_x = 1, .ofs_y = 0},
    {.bitmap_index = 18287, .adv_w = 272, .box_w = 17, .box_h = 10, .ofs_x = 0, .ofs_y = 0},
    {.bitmap_index = 18372, .adv_w = 208, .box_w = 12, .box_h = 17, .ofs_x = 1, .ofs_y = 0},
    {.bitmap_index = 18474, .adv_w = 96, .box_w = 6, .box_h = 14, .ofs_x = 1, .ofs_y = 0},
    {.bitmap_index = 18516, .adv_w = 208, .box_w = 12, .box_h = 20, .ofs_x = 1, .ofs_y = -6},
    {.bitmap_index = 18636, .adv_w = 96, .box_w = 7, .box_h = 16, .ofs_x = 0, .ofs_y = -6},
    {.bitmap_index = 18692, .adv_w = 208, .box_w = 12, .box_h = 17, .ofs_x = 1, .ofs_y = 0},
    {.bitmap_index = 18794, .adv_w = 96, .box_w = 7, .box_h = 14, .ofs_x = 0, .ofs_y = 0},
    {.bitmap_index = 18843, .adv_w = 192, .box_w = 12, .box_h = 17, .ofs_x = 0, .ofs_y = 0},
    {.bitmap_index = 18945, .adv_w = 144, .box_w = 9, .box_h = 14, .ofs_x = 0, .ofs_y = 0},
    {.bitmap_index = 19008, .adv_w = 192, .box_w = 12, .box_h = 17, .ofs_x = 0, .ofs_y = 0},
    {.bitmap_index = 19110, .adv_w = 144, .box_w = 9, .box_h = 14, .ofs_x = 0, .ofs_y = 0},
    {.bitmap_index = 19173, .adv_w = 192, .box_w = 12, .box_h = 18, .ofs_x = 0, .ofs_y = -4},
    {.bitmap_index = 19281, .adv_w = 144, .box_w = 9, .box_h = 14, .ofs_x = 0, .ofs_y = -4},
    {.bitmap_index = 19344, .adv_w = 192, .box_w = 12, .box_h = 17, .ofs_x = 0, .ofs_y = 0},
    {.bitmap_index = 19446, .adv_w = 144, .box_w = 9, .box_h = 14, .ofs_x = 0, .ofs_y = 0},
    {.bitmap_index = 19509, .adv_w = 176, .box_w = 11, .box_h = 18, .ofs_x = 0, .ofs_y = -4},
    {.bitmap_index = 19608, .adv_w = 80, .box_w = 6, .box_h = 18, .ofs_x = 0, .ofs_y = -4},
    {.bitmap_index = 19662, .adv_w = 176, .box_w = 11, .box_h = 17, .ofs_x = 0, .ofs_y = 0},
    {.bitmap_index = 19756, .adv_w = 108, .box_w = 7, .box_h = 14, .ofs_x = 0, .ofs_y = 0},
    {.bitmap_index = 19805, .adv_w = 176, .box_w = 11, .box_h = 14, .ofs_x = 0, .ofs_y = 0},
    {.bitmap_index = 19882, .adv_w = 80, .box_w = 5, .box_h = 14, .ofs_x = 0, .ofs_y = 0},
    {.bitmap_index = 19917, .adv_w = 208, .box_w = 11, .box_h = 18, .ofs_x = 1, .ofs_y = 0},
    {.bitmap_index = 20016, .adv_w = 160, .box_w = 8, .box_h = 14, .ofs_x = 1, .ofs_y = 0},
    {.bitmap_index = 20072, .adv_w = 208, .box_w = 11, .box_h = 17, .ofs_x = 1, .ofs_y = 0},
    {.bitmap_index = 20166, .adv_w = 160, .box_w = 8, .box_h = 14, .ofs_x = 1, .ofs_y = 0},
    {.bitmap_index = 20222, .adv_w = 208, .box_w = 11, .box_h = 17, .ofs_x = 1, .ofs_y = 0},
    {.bitmap_index = 20316, .adv_w = 160, .box_w = 8, .box_h = 14, .ofs_x = 1, .ofs_y = 0},
    {.bitmap_index = 20372, .adv_w = 208, .box_w = 11, .box_h = 17, .ofs_x = 1, .ofs_y = 0},
    {.bitmap_index = 20466, .adv_w = 160, .box_w = 8, .box_h = 14, .ofs_x = 1, .ofs_y = 0},
    {.bitmap_index = 20522, .adv_w = 208, .box_w = 11, .box_h = 17, .ofs_x = 1, .ofs_y = 0},
    {.bitmap_index = 20616, .adv_w = 160, .box_w = 8, .box_h = 14, .ofs_x = 1, .ofs_y = 0},
    {.bitmap_index = 20672, .adv_w = 208, .box_w = 11, .box_h = 18, .ofs_x = 1, .ofs_y = -4},
    {.bitmap_index = 20771, .adv_w = 160, .box_w = 9, .box_h = 14, .ofs_x = 1, .ofs_y = -4},
    {.bitmap_index = 20834, .adv_w = 272, .box_w = 17, .box_h = 17, .ofs_x = 0, .ofs_y = 0},
    {.bitmap_index = 20979, .adv_w = 208, .box_w = 13, .box_h = 14, .ofs_x = 0, .ofs_y = 0},
    {.bitmap_index = 21070, .adv_w = 192, .box_w = 12, .box_h = 17, .ofs_x = 0, .ofs_y = 0},
    {.bitmap_index = 21172, .adv_w = 144, .box_w = 9, .box_h = 18, .ofs_x = 0, .ofs_y = -4},
    {.bitmap_index = 21253, .adv_w = 192, .box_w = 12, .box_h = 16, .ofs_x = 0, .ofs_y = 0},
    {.bitmap_index = 21349, .adv_w = 176, .box_w = 11, .box_h = 17, .ofs_x = 0, .ofs_y = 0},
    {.bitmap_index = 21443, .adv_w = 144, .box_w = 9, .box_h = 14, .ofs_x = 0, .ofs_y = 0},
    {.bitmap_index = 21506, .adv_w = 176, .box_w = 11, .box_h = 17, .ofs_x = 0, .ofs_y = 0},
    {.bitmap_index = 21600, .adv_w = 144, .box_w = 9, .box_h = 14, .ofs_x = 0, .ofs_y = 0},
    {.bitmap_index = 21663, .adv_w = 176, .box_w = 11, .box_h = 17, .ofs_x = 0, .ofs_y = 0},
    {.bitmap_index = 21757, .adv_w = 144, .box_w = 9, .box_h = 14, .ofs_x = 0, .ofs_y = 0},
    {.bitmap_index = 21820, .adv_w = 64, .box_w = 5, .box_h = 14, .ofs_x = 1, .ofs_y = 0},
    {.bitmap_index = 21855, .adv_w = 324, .box_w = 22, .box_h = 19, .ofs_x = -1, .ofs_y = -3},
    {.bitmap_index = 22064, .adv_w = 360, .box_w = 23, .box_h = 18, .ofs_x = 0, .ofs_y = -2}
};

/*---------------------
 *  CHARACTER MAPPING
 *--------------------*/

static const uint16_t unicode_list_2[] = {
    0x0, 0x17a
};

/*Collect the unicode lists and glyph_id offsets*/
static const lv_font_fmt_txt_cmap_t cmaps[] =
{
    {
        .range_start = 32, .range_length = 95, .glyph_id_start = 1,
        .unicode_list = NULL, .glyph_id_ofs_list = NULL, .list_length = 0, .type = LV_FONT_FMT_TXT_CMAP_FORMAT0_TINY
    },
    {
        .range_start = 160, .range_length = 224, .glyph_id_start = 96,
        .unicode_list = NULL, .glyph_id_ofs_list = NULL, .list_length = 0, .type = LV_FONT_FMT_TXT_CMAP_FORMAT0_TINY
    },
    {
        .range_start = 61553, .range_length = 379, .glyph_id_start = 320,
        .unicode_list = unicode_list_2, .glyph_id_ofs_list = NULL, .list_length = 2, .type = LV_FONT_FMT_TXT_CMAP_SPARSE_TINY
    }
};



/*--------------------
 *  ALL CUSTOM DATA
 *--------------------*/

#if LV_VERSION_CHECK(8, 0, 0)
/*Store all the custom data of the font*/
static  lv_font_fmt_txt_glyph_cache_t cache;
static const lv_font_fmt_txt_dsc_t font_dsc = {
#else
static lv_font_fmt_txt_dsc_t font_dsc = {
#endif
    .glyph_bitmap = glyph_bitmap,
    .glyph_dsc = glyph_dsc,
    .cmaps = cmaps,
    .kern_dsc = NULL,
    .kern_scale = 0,
    .cmap_num = 3,
    .bpp = 4,
    .kern_classes = 0,
    .bitmap_format = 0,
#if LV_VERSION_CHECK(8, 0, 0)
    .cache = &cache
#endif
};


/*-----------------
 *  PUBLIC FONT
 *----------------*/

/*Initialize a public general font descriptor*/
#if LV_VERSION_CHECK(8, 0, 0)
const lv_font_t tx_font_ui_18 = {
#else
lv_font_t tx_font_ui_18 = {
#endif
    .get_glyph_dsc = lv_font_get_glyph_dsc_fmt_txt,    /*Function pointer to get glyph's data*/
    .get_glyph_bitmap = lv_font_get_bitmap_fmt_txt,    /*Function pointer to get glyph's bitmap*/
    .line_height = 24,          /*The maximum line height required by the font*/
    .base_line = 6,             /*Baseline measured from the bottom of the line*/
#if !(LVGL_VERSION_MAJOR == 6 && LVGL_VERSION_MINOR == 0)
    .subpx = LV_FONT_SUBPX_NONE,
#endif
#if LV_VERSION_CHECK(7, 4, 0) || LVGL_VERSION_MAJOR >= 8
    .underline_position = -2,
    .underline_thickness = 1,
#endif
    .dsc = &font_dsc           /*The custom font data. Will be accessed by `get_glyph_bitmap/dsc` */
};



#endif /*#if TX_FONT_UI_18*/

